RGIId,name_1,mask_year,status,ice_pixels,thickness_pixels,thickness_coverage_pct,thickness_mean_m,thickness_median_m,thickness_p95_m,thickness_max_m,thickness_error_pixels,thickness_error_coverage_pct,mean_reported_thickness_error_m,bed_pixels,bed_coverage_pct,bed_median_elevation_m,bed_min_elevation_m,bed_max_elevation_m,flagged_spike_pixels
RGI60-19.00001,AU1041,2019,sampled,115,115,100.0,71.22522735595703,69.00372314453125,86.44613647460938,88.49169921875,115,100.0,40.0,115,100.0,582.3508911132812,442.7896423339844,797.2327270507812,0
RGI60-19.00002,Abbotsmith,2019,sampled,8355,8348,99.91621783363256,108.94544982910156,112.62154388427734,153.71728515625,174.91787719726562,8348,100.0,44.777191162109375,8348,99.91621783363256,590.3740234375,-99.16283416748047,2720.54150390625,0
RGI60-19.00003,Gotley,2019,sampled,10429,10313,98.88771694313932,125.18486022949219,131.9600830078125,184.9407958984375,202.93002319335938,10313,100.0,46.907108306884766,10313,98.88771694313932,1171.620849609375,-157.14883422851562,2722.08447265625,0
RGI60-19.00004,AU1121,2019,sampled,867,867,100.0,122.01801300048828,133.99356079101562,158.8642578125,181.45870971679688,867,100.0,47.22952651977539,867,100.0,542.0521850585938,169.9923553466797,1177.8214111328125,0
RGI60-19.00005,Stephenson,2019,sampled,3338,3333,99.85020970641102,109.65096282958984,116.47210693359375,161.13021850585938,166.756103515625,3333,100.0,44.66606521606445,3333,99.85020970641102,749.9110717773438,164.22174072265625,2307.408935546875,0
RGI60-19.00006,Lied,2019,sampled,5920,5918,99.96621621621621,120.1504135131836,124.85820770263672,161.14222717285156,198.31434631347656,5918,100.0,46.654781341552734,5918,99.96621621621621,595.746337890625,-93.4737777709961,2687.775634765625,0
RGI60-19.00007,AU1211,2019,sampled,2581,2578,99.88376598217745,103.44232177734375,104.38641357421875,164.37290954589844,218.12147521972656,2578,100.0,43.275020599365234,2578,99.88376598217745,546.9813232421875,-82.61853790283203,2754.14306640625,0
RGI60-19.00008,Winston,2019,sampled,5017,4857,96.81084313334662,83.92162322998047,89.88592529296875,136.74942016601562,150.250732421875,4857,100.0,39.81264114379883,4857,96.81084313334662,832.788330078125,14.582351684570312,2295.312255859375,0
RGI60-19.00009,AU1141,2019,sampled,1754,1737,99.03078677309009,85.68892669677734,83.7410888671875,139.61923217773438,152.8057861328125,1737,100.0,40.590675354003906,1737,99.03078677309009,552.1728515625,128.4388427734375,1539.127197265625,0
RGI60-19.00010,Fifty-one,2019,sampled,8612,8133,94.43799349744542,101.36711883544922,104.40545654296875,167.2638397216797,735.2178344726562,8133,100.0,42.98957824707031,8133,94.43799349744542,597.5631103515625,-565.77783203125,2282.564453125,4
RGI60-19.00011,AU1191,2019,sampled,346,315,91.04046242774567,55.48105239868164,54.5865478515625,86.05729675292969,108.12184143066406,315,100.0,35.27619171142578,315,91.04046242774567,773.842529296875,443.2868957519531,1095.9298095703125,0
RGI60-19.00012,Deacock,2019,sampled,783,758,96.80715197956577,66.48564910888672,63.79925537109375,94.27607727050781,106.96026611328125,758,100.0,38.810028076171875,758,96.80715197956577,755.6097412109375,325.9727478027344,1093.264404296875,0
RGI60-19.00013,Downes,2019,sampled,5275,5233,99.20379146919431,110.68646240234375,111.10296630859375,217.7778778076172,276.77703857421875,5233,100.0,44.45729064941406,5233,99.20379146919431,644.9984741210938,-82.93473815917969,2343.462646484375,0
RGI60-19.00014,Ealey,2019,sampled,7354,7151,97.23959749796029,118.63262176513672,132.0167236328125,181.42074584960938,207.74632263183594,7151,100.0,46.08921813964844,7151,97.23959749796029,614.0905151367188,-109.74728393554688,2335.09814453125,0
RGI60-19.00015,Mary Powell,2019,sampled,787,770,97.83989834815756,68.7294921875,71.31915283203125,95.54508209228516,124.31732177734375,770,100.0,38.07012939453125,770,97.83989834815756,544.5948486328125,67.62286376953125,1057.8114013671875,0
RGI60-19.00016,Vahsel-Allison,2019,sampled,6736,6648,98.6935866983373,97.94931030273438,104.44729614257812,138.6136932373047,202.26596069335938,6648,100.0,42.7654914855957,6648,98.6935866983373,443.8619079589844,-71.93364715576172,2319.665283203125,0
RGI60-19.00017,Nares,2019,sampled,553,553,100.0,88.31000518798828,93.89434814453125,116.46379852294922,121.43782043457031,553,100.0,42.23869705200195,553,100.0,455.654296875,151.73878479003906,799.0189819335938,0
RGI60-19.00018,Challenger,2019,sampled,2770,2668,96.31768953068593,98.24826049804688,108.59068298339844,146.64842224121094,157.5788116455078,2668,100.0,42.27248764038086,2668,96.31768953068593,715.233154296875,-64.4995346069336,2253.3896484375,0
RGI60-19.00019,AU1091,2019,no_mapped_2019_outline,0,0,,,,,,0,,,0,,,,,0
RGI60-19.00020,Compton,2019,sampled,4571,4253,93.04309779041785,88.79747772216797,91.7252197265625,150.28494262695312,207.17349243164062,4253,100.0,40.232540130615234,4253,93.04309779041785,853.810791015625,-141.83636474609375,2321.552978515625,0
RGI60-19.00021,Jacka,2019,no_mapped_2019_outline,0,0,,,,,,0,,,0,,,,,0
RGI60-19.00022,Baudissin-Schmidt,2019,sampled,5901,5741,97.28859515336384,93.52391052246094,96.68728637695312,131.9932861328125,160.0283660888672,5741,100.0,42.170352935791016,5741,97.28859515336384,477.79962158203125,-42.68536376953125,2251.353515625,0
RGI60-19.00023,Brown,2019,sampled,1333,1325,99.39984996249062,115.70863342285156,127.02404022216797,161.8485565185547,184.5731658935547,1325,100.0,45.67245101928711,1325,99.39984996249062,533.1358032226562,130.09986877441406,1206.5909423828125,0
