E,N,depth
411025,4118540,-4.5
410995,4118580,-15
410979,4118599,-15
410962,4118619,-16
410944,4118641,-17
410924,4118669,-22
410905,4118689,-28
410888,4118708,-30
410868,4118738,-19
410852,4118762,-15
410831,4118795,-13
410812,4118824,-14
410785,4118862,-12
410759,4118899,-12
410736,4118940,-5.7
410711,4118981,-5.6
410691,4119012,-6.2
410665,4119049,-4.5
410636,4119073,-2.8
410588,4119105,-1.6
410562,4119109,-1.6
410566,4119091,-2
410574,4119074,-3.7
410586,4119051,-4.2
410605,4119024,-6.7
410617,4119010,-8.3
410631,4118987,-9.7
410643,4118967,-11
410665,4118933,-15
410682,4118908,-18
410696,4118897,-18
410709,4118889,-18
410718,4118871,-20
410722,4118863,-20
410730,4118851,-20
410753,4118800,-21
410775,4118765,-25
410786,4118739,-27
410800,4118712,-32
410816,4118684,-37
410827,4118669,-42
410839,4118648,-49
410853,4118625,-47
410864,4118605,-45
410880,4118579,-44
410890,4118559,-45
410902,4118540,-42
410915,4118525,-35
410923,4118518,-30
410941,4118513,-25
410961,4118509,-20
410973,4118505,-8.4
410989,4118497,-3.8
411005,4118491,-1.8
411020,4118487,-1.2
411023,4118508,-2.8
410995,4118525,-11
410959,4118527,-22
410935,4118522,-26
410920,4118510,-24
410915,4118500,-25
410903,4118489,-21
410881,4118503,-34
410868,4118518,-47
410857,4118530,-46
410841,4118550,-51
410823,4118571,-51
410802,4118596,-52
410774,4118630,-52
410748,4118663,-52
410724,4118689,-56
410706,4118709,-46
410694,4118723,-41
410675,4118744,-34
410635,4118791,-30
410598,4118837,-27
410564,4118878,-20
410539,4118907,-16
410511,4118941,-15
410487,4118968,-11
410469,4118991,-9.8
410452,4119015,-7.4
410434,4119033,-3.8
410419,4119049,-2
410409,4119049,-1.6
410398,4119035,-2.1
410398,4119015,-2.9
410415,4118991,-5.4
410463,4118929,-11
410474,4118903,-13
410488,4118870,-16
410497,4118850,-17
410507,4118830,-19
410518,4118809,-22
410529,4118790,-26
410541,4118767,-29
410555,4118744,-32
410568,4118720,-35
410584,4118697,-38
410614,4118659,-51
410627,4118643,-52
410642,4118625,-52
410659,4118607,-53
410680,4118587,-52
410701,4118553,-52
410715,4118526,-52
410729,4118494,-54
410738,4118473,-53
410747,4118458,-40
410757,4118445,-34
410767,4118433,-26
410774,4118423,-20
410774,4118414,-3
410759,4118405,-4.6
410734,4118399,-6.7
410715,4118410,-14
410700,4118426,-23
410685,4118444,-32
410668,4118466,-37
410648,4118489,-44
410632,4118507,-49
410616,4118527,-51
410568,4118583,-51
410543,4118610,-51
410518,4118639,-48
410495,4118669,-45
410469,4118708,-37
410444,4118742,-37
410425,4118768,-30
410408,4118796,-20
410385,4118835,-12
410366,4118865,-11
410350,4118892,-9.5
410338,4118909,-9.1
410323,4118914,-6.1
410313,4118914,-5.1
410304,4118904,-4.5
410302,4118888,-5.5
410320,4118862,-9
410343,4118832,-9.7
410366,4118794,-15
410389,4118755,-26
410405,4118730,-30
410416,4118711,-32
410430,4118680,-36
410440,4118642,-41
410456,4118599,-45
410476,4118562,-48
410493,4118538,-52
410517,4118506,-50
410540,4118468,-50
410560,4118431,-48
410566,4118416,-35
410570,4118396,-21
410568,4118388,-13
410551,4118380,-9
410535,4118371,-5
410521,4118369,-9.3
410550,4118390,-16
410536,4118379,-11
410515,4118373,-9.1
410503,4118385,-16
410492,4118403,-24
410474,4118435,-26
410457,4118463,-25
410438,4118499,-28
410418,4118537,-35
410402,4118570,-28
410387,4118598,-22
410367,4118629,-14
410360,4118642,-11
410356,4118661,-4.6
410352,4118680,-6.9
410360,4118684,-15
410356,4118666,-7.1
410353,4118653,-8.2
410347,4118634,-6.6
410350,4118603,-6.9
410355,4118577,-12
410350,4118537,-15
410349,4118499,-13
410358,4118478,-6.8
410381,4118473,-8.1
410398,4118464,-5.7
410422,4118448,-6.7
410430,4118425,-4.3
410439,4118402,-8.2
410472,4118387,-19
410474,4118406,-20
410461,4118427,-18
410427,4118493,-24
410424,4118528,-37
410446,4118538,-41
410482,4118549,-48
410518,4118560,-45
410551,4118567,-52
410578,4118572,-51
410614,4118583,-53
410640,4118589,-54
410661,4118592,-53
410685,4118597,-52
410705,4118601,-52
410758,4118619,-52
410791,4118613,-53
410824,4118602,-52
410844,4118598,-53
410869,4118593,-45
410903,4118581,-38
410939,4118574,-30
410968,4118568,-25
410997,4118556,-16
