,E,N,elevation
BG052,406258.03,4116191.86,1033.965
BG101,406497.039,4116326.551,972.122
BG151,406423.944,4116972.495,850.959
BG152,406932.658,4116617.589,870.773
BG201,406895.74,4117415.651,755.621
BG202,407293.32,4116885.011,779.077
BG251,407244.1,4117686.461,673.229
BG252,407373.177,4117524.088,674.919
BG253,407572.608,4117272.295,677.858
BG254,407661.093,4117138.445,682.552
BG255,407793.614,4116946.646,703.126
BG256,407943.424,4116751.791,704.689
BG257,408073.261,4116449.086,703.128
BG258,408154.824,4116095.337,702.847
BG301,407978.278,4117407.649,579.87
BG05,406097.644,4116348.955,1030.077
BG10,406275.208,4116565.316,954.695
BG15,406725.583,4116805.005,865.923
BG20,407100.144,4117146.732,752.217
BG25,407478.86,4117421.907,673.487
BG30,407938.783,4117615.423,582.436
BG35,408437.243,4117729.065,492.45
BG40,408944.008,4117798.764,407.038
BG45,409415.027,4117943.243,296.247
BG50,409772.749,4118130.489,179.308
AWS-HI,407039,4116152,920
AWS-LO,409940,4118215,115
AWS-MI,408947,4116851,550
CORE01,407579,4116432,799
S2,407127,4115797,922
S3,406894,4117439,756
W1,408331,4117225,545
W3,408984,4117630,405
W4,409301,4117742,341
R1,406990,4117269,752.9
R2,407236,4117012,762
R3,407417,4116709,795.5
