RGIId,name_1,elevation_band,error_supported_pixels,median_pair_error_m_yr,median_pair_speed_error_ratio
RGI60-19.00001,AU1041,whole,24,79.0,1.8041903972625732
RGI60-19.00001,AU1041,lower,8,82.0,1.1481740474700928
RGI60-19.00001,AU1041,middle,10,77.75,1.9484341144561768
RGI60-19.00001,AU1041,upper,6,79.0,2.259850025177002
RGI60-19.00002,Abbotsmith,whole,1471,92.0,2.6286089420318604
RGI60-19.00002,Abbotsmith,lower,952,90.0,2.281205177307129
RGI60-19.00002,Abbotsmith,middle,367,94.0,3.4688057899475098
RGI60-19.00002,Abbotsmith,upper,152,93.0,3.2488880157470703
RGI60-19.00003,Gotley,whole,1673,82.5,3.7824935913085938
RGI60-19.00003,Gotley,lower,640,86.75,3.2437057495117188
RGI60-19.00003,Gotley,middle,614,81.0,4.693206310272217
RGI60-19.00003,Gotley,upper,419,80.5,2.916538715362549
RGI60-19.00004,AU1121,whole,95,90.0,2.143840789794922
RGI60-19.00004,AU1121,lower,29,80.0,0.6388765573501587
RGI60-19.00004,AU1121,middle,34,90.75,2.7495007514953613
RGI60-19.00004,AU1121,upper,32,93.25,2.966268539428711
RGI60-19.00005,Stephenson,whole,582,95.0,2.97682785987854
RGI60-19.00005,Stephenson,lower,316,96.0,2.8153223991394043
RGI60-19.00005,Stephenson,middle,188,95.75,3.4769582748413086
RGI60-19.00005,Stephenson,upper,78,90.0,1.5210356712341309
RGI60-19.00006,Lied,whole,1034,87.0,2.864325761795044
RGI60-19.00006,Lied,lower,642,89.0,2.248358726501465
RGI60-19.00006,Lied,middle,317,83.0,3.5452237129211426
RGI60-19.00006,Lied,upper,75,84.0,4.029292106628418
RGI60-19.00007,AU1211,whole,461,81.0,1.7336881160736084
RGI60-19.00007,AU1211,lower,275,80.5,0.981691837310791
RGI60-19.00007,AU1211,middle,130,82.0,4.187261581420898
RGI60-19.00007,AU1211,upper,56,84.25,4.18486213684082
RGI60-19.00008,Winston,whole,886,90.0,2.1318397521972656
RGI60-19.00008,Winston,lower,392,89.0,1.756570816040039
RGI60-19.00008,Winston,middle,395,89.5,2.4163222312927246
RGI60-19.00008,Winston,upper,99,93.5,1.8764925003051758
RGI60-19.00009,AU1141,whole,296,93.0,1.472548246383667
RGI60-19.00009,AU1141,lower,141,94.0,0.9564374685287476
RGI60-19.00009,AU1141,middle,124,93.25,2.3318514823913574
RGI60-19.00009,AU1141,upper,31,92.0,1.7949397563934326
RGI60-19.00010,Fifty-one,whole,1424,82.0,1.8123204708099365
RGI60-19.00010,Fifty-one,lower,795,81.0,1.4729031324386597
RGI60-19.00010,Fifty-one,middle,541,86.0,1.9278745651245117
RGI60-19.00010,Fifty-one,upper,88,88.5,1.948448657989502
RGI60-19.00011,AU1191,whole,60,85.5,1.2524946928024292
RGI60-19.00011,AU1191,lower,20,80.25,1.1331980228424072
RGI60-19.00011,AU1191,middle,18,83.0,1.257439136505127
RGI60-19.00011,AU1191,upper,22,88.25,1.374056339263916
RGI60-19.00012,Deacock,whole,135,81.5,1.4201916456222534
RGI60-19.00012,Deacock,lower,27,78.0,0.9405966997146606
RGI60-19.00012,Deacock,middle,58,82.0,1.5053415298461914
RGI60-19.00012,Deacock,upper,50,82.0,1.5538475513458252
RGI60-19.00013,Downes,whole,1049,80.0,2.225257158279419
RGI60-19.00013,Downes,lower,612,81.0,1.249678373336792
RGI60-19.00013,Downes,middle,333,77.0,3.2932887077331543
RGI60-19.00013,Downes,upper,104,82.5,2.0716702938079834
RGI60-19.00014,Ealey,whole,1324,82.5,2.3268423080444336
RGI60-19.00014,Ealey,lower,751,81.0,2.1127374172210693
RGI60-19.00014,Ealey,middle,450,84.0,2.8960628509521484
RGI60-19.00014,Ealey,upper,123,84.0,1.8071447610855103
RGI60-19.00015,Mary Powell,whole,120,86.0,1.5409114360809326
RGI60-19.00015,Mary Powell,lower,25,88.0,0.5781654119491577
RGI60-19.00015,Mary Powell,middle,61,86.0,1.4724808931350708
RGI60-19.00015,Mary Powell,upper,34,86.25,2.3449671268463135
RGI60-19.00016,Vahsel-Allison,whole,1112,90.0,1.6929410696029663
RGI60-19.00016,Vahsel-Allison,lower,784,90.0,1.420351505279541
RGI60-19.00016,Vahsel-Allison,middle,261,90.0,2.0923261642456055
RGI60-19.00016,Vahsel-Allison,upper,67,93.5,3.4606475830078125
RGI60-19.00017,Nares,whole,108,85.0,2.1760880947113037
RGI60-19.00017,Nares,lower,23,84.0,0.6303181648254395
RGI60-19.00017,Nares,middle,57,83.5,2.10451602935791
RGI60-19.00017,Nares,upper,28,90.0,3.410871982574463
RGI60-19.00018,Challenger,whole,512,79.0,3.156820774078369
RGI60-19.00018,Challenger,lower,247,80.0,3.1654574871063232
RGI60-19.00018,Challenger,middle,226,76.0,3.422259569168091
RGI60-19.00018,Challenger,upper,39,88.0,1.9910314083099365
RGI60-19.00019,AU1091,whole,21,73.0,0.8768264055252075
RGI60-19.00019,AU1091,lower,8,66.5,0.6837897300720215
RGI60-19.00019,AU1091,middle,4,78.75,1.0846128463745117
RGI60-19.00019,AU1091,upper,9,75.0,1.0116267204284668
RGI60-19.00020,Compton,whole,836,88.0,1.9872124195098877
RGI60-19.00020,Compton,lower,357,90.0,1.378773808479309
RGI60-19.00020,Compton,middle,368,87.0,2.49367356300354
RGI60-19.00020,Compton,upper,111,88.0,1.6456350088119507
RGI60-19.00022,Baudissin-Schmidt,whole,1020,85.0,2.043832778930664
RGI60-19.00022,Baudissin-Schmidt,lower,693,86.0,1.6150046586990356
RGI60-19.00022,Baudissin-Schmidt,middle,274,81.0,3.092442512512207
RGI60-19.00022,Baudissin-Schmidt,upper,53,95.0,2.2820496559143066
RGI60-19.00023,Brown,whole,154,88.5,2.293821096420288
RGI60-19.00023,Brown,lower,25,75.5,0.5581918358802795
RGI60-19.00023,Brown,middle,86,89.75,2.5935564041137695
RGI60-19.00023,Brown,upper,43,89.0,2.5154850482940674
