RGIId,name_1,elevation_band,support,mask_pixels,slope_pixels,slope_median_deg,slope_p25_deg,slope_p75_deg,aspect_pixels,aspect_mean_deg,aspect_resultant_R
RGI60-19.00001,AU1041,whole,2014 footprint,24,24,17.47081756591797,13.57861328125,19.991979598999023,24,345.6215880928768,0.8477677507833482
RGI60-19.00001,AU1041,whole,retained velocity,24,24,17.47081756591797,13.57861328125,19.991979598999023,24,345.6215880928768,0.8477677507833482
RGI60-19.00001,AU1041,lower,2014 footprint,8,8,21.755863189697266,16.638139724731445,22.802658081054688,8,334.6176557157733,0.9003836113193247
RGI60-19.00001,AU1041,lower,retained velocity,8,8,21.755863189697266,16.638139724731445,22.802658081054688,8,334.6176557157733,0.9003836113193247
RGI60-19.00001,AU1041,middle,2014 footprint,10,10,16.810813903808594,11.038432121276855,19.351295471191406,10,341.39658977860717,0.9429925296670048
RGI60-19.00001,AU1041,middle,retained velocity,10,10,16.810813903808594,11.038432121276855,19.351295471191406,10,341.39658977860717,0.9429925296670048
RGI60-19.00001,AU1041,upper,2014 footprint,6,6,15.492931365966797,10.726669311523438,17.926176071166992,6,13.749733473249746,0.7316614055694357
RGI60-19.00001,AU1041,upper,retained velocity,6,6,15.492931365966797,10.726669311523438,17.926176071166992,6,13.749733473249746,0.7316614055694357
RGI60-19.00002,Abbotsmith,whole,2014 footprint,1519,1519,14.833077430725098,11.554195404052734,19.26342010498047,1519,254.85625966820194,0.8919716789154712
RGI60-19.00002,Abbotsmith,whole,retained velocity,1471,1471,14.884761810302734,11.648395538330078,19.381793975830078,1471,254.95620279724753,0.9006571308638877
RGI60-19.00002,Abbotsmith,lower,2014 footprint,983,983,13.416152000427246,10.770634651184082,16.453693389892578,983,254.2578989305884,0.9139127679588714
RGI60-19.00002,Abbotsmith,lower,retained velocity,952,952,13.358867645263672,10.677043914794922,16.416563034057617,952,254.1378755497363,0.9141619023783266
RGI60-19.00002,Abbotsmith,middle,2014 footprint,367,367,18.40494728088379,15.357575416564941,25.174381256103516,367,258.10461840856635,0.9273298347985477
RGI60-19.00002,Abbotsmith,middle,retained velocity,367,367,18.40494728088379,15.357575416564941,25.174381256103516,367,258.10461840856635,0.9273298347985477
RGI60-19.00002,Abbotsmith,upper,2014 footprint,169,169,20.41314697265625,12.927535057067871,29.637319564819336,169,250.00992019098248,0.6935714295709455
RGI60-19.00002,Abbotsmith,upper,retained velocity,152,152,23.224241256713867,14.627334594726562,30.113521575927734,152,251.83531750039094,0.7567596919301874
RGI60-19.00003,Gotley,whole,2014 footprint,1859,1859,13.749201774597168,8.188937187194824,19.07677459716797,1855,215.47148577376393,0.6644530087018283
RGI60-19.00003,Gotley,whole,retained velocity,1673,1673,14.667086601257324,9.385058403015137,19.56825828552246,1673,217.11655702960826,0.7340569866841093
RGI60-19.00003,Gotley,lower,2014 footprint,646,646,12.004423141479492,8.218398094177246,16.679067611694336,646,222.32262440441588,0.8094101509371002
RGI60-19.00003,Gotley,lower,retained velocity,640,640,12.004423141479492,8.198444366455078,16.714534759521484,640,222.41173618963253,0.8095764202849177
RGI60-19.00003,Gotley,middle,2014 footprint,614,614,17.102497100830078,13.867111206054688,20.448528289794922,614,215.06471067305728,0.8428543493103343
RGI60-19.00003,Gotley,middle,retained velocity,614,614,17.102497100830078,13.867111206054688,20.448528289794922,614,215.06471067305728,0.8428543493103343
RGI60-19.00003,Gotley,upper,2014 footprint,599,599,8.724258422851562,4.946628570556641,18.794551849365234,595,198.79218875343167,0.34373192074102427
RGI60-19.00003,Gotley,upper,retained velocity,419,419,13.92403507232666,6.970210552215576,21.7734317779541,419,208.57407960627975,0.4705635955760459
RGI60-19.00004,AU1121,whole,2014 footprint,154,154,11.512983322143555,7.530026435852051,16.126249313354492,154,83.9544506232402,0.7907691673420474
RGI60-19.00004,AU1121,whole,retained velocity,95,95,11.742790222167969,7.099310874938965,16.81475067138672,95,78.04806747502347,0.7930822658032699
RGI60-19.00004,AU1121,lower,2014 footprint,53,53,9.24185848236084,5.281867980957031,16.154827117919922,53,114.11861147542449,0.7363948857647848
RGI60-19.00004,AU1121,lower,retained velocity,29,29,8.376887321472168,5.345389366149902,16.154827117919922,29,104.55225795641272,0.7686121250389187
RGI60-19.00004,AU1121,middle,2014 footprint,68,68,11.763775825500488,9.711775779724121,14.908978462219238,68,73.31168549877607,0.9254683414427968
RGI60-19.00004,AU1121,middle,retained velocity,34,34,12.170494079589844,8.30400562286377,16.448217391967773,34,69.3736540392401,0.8773497737486666
RGI60-19.00004,AU1121,upper,2014 footprint,33,33,12.457186698913574,7.986820220947266,18.1577205657959,33,66.98839703300588,0.8295965495847714
RGI60-19.00004,AU1121,upper,retained velocity,32,32,12.465143203735352,8.191123962402344,18.238155364990234,32,66.17197681295826,0.8273022306402493
RGI60-19.00005,Stephenson,whole,2014 footprint,636,636,16.39987564086914,9.781547546386719,25.117565155029297,636,91.41188395555525,0.6641872567959347
RGI60-19.00005,Stephenson,whole,retained velocity,582,582,17.38772964477539,10.216917037963867,26.041717529296875,582,91.37055154302169,0.6705925850585566
RGI60-19.00005,Stephenson,lower,2014 footprint,370,370,14.50808334350586,8.81801986694336,20.860502243041992,370,99.9864033681551,0.6205914515855832
RGI60-19.00005,Stephenson,lower,retained velocity,316,316,15.8496675491333,8.9190034866333,22.075794219970703,316,101.29353104337714,0.6261051989071363
RGI60-19.00005,Stephenson,middle,2014 footprint,188,188,17.48226547241211,12.22597885131836,25.906707763671875,188,85.10272819805807,0.7267154773196296
RGI60-19.00005,Stephenson,middle,retained velocity,188,188,17.48226547241211,12.22597885131836,25.906707763671875,188,85.10272819805807,0.7267154773196296
RGI60-19.00005,Stephenson,upper,2014 footprint,78,78,31.87356185913086,19.910388946533203,40.821998596191406,78,73.53030612903099,0.802560211449566
RGI60-19.00005,Stephenson,upper,retained velocity,78,78,31.87356185913086,19.910388946533203,40.821998596191406,78,73.53030612903099,0.802560211449566
RGI60-19.00006,Lied,whole,2014 footprint,1055,1055,14.89726734161377,10.941926002502441,18.884231567382812,1055,230.79547180379592,0.9092739217157211
RGI60-19.00006,Lied,whole,retained velocity,1034,1034,14.970388412475586,11.057645797729492,18.88884925842285,1034,230.8830662397355,0.9086133978057285
RGI60-19.00006,Lied,lower,2014 footprint,662,662,12.554670333862305,9.330253601074219,15.505191802978516,662,232.70967949606413,0.9039403484567086
RGI60-19.00006,Lied,lower,retained velocity,642,642,12.59078598022461,9.397329330444336,15.505191802978516,642,232.97111907880839,0.9026562035168045
RGI60-19.00006,Lied,middle,2014 footprint,317,317,18.3184871673584,15.57730484008789,21.77843475341797,317,223.53033637326604,0.9406951567927093
RGI60-19.00006,Lied,middle,retained velocity,317,317,18.3184871673584,15.57730484008789,21.77843475341797,317,223.53033637326604,0.9406951567927093
RGI60-19.00006,Lied,upper,2014 footprint,76,76,37.75421905517578,28.230369567871094,43.455963134765625,76,245.95663283899052,0.8916011888287324
RGI60-19.00006,Lied,upper,retained velocity,75,75,37.61491012573242,27.448360443115234,43.46589660644531,75,245.6586208120488,0.8913068736906788
RGI60-19.00007,AU1211,whole,2014 footprint,518,518,13.630270004272461,8.914067268371582,17.65624237060547,518,211.70250693108724,0.8010589424782432
RGI60-19.00007,AU1211,whole,retained velocity,461,461,14.456023216247559,10.177810668945312,18.322067260742188,461,212.12685723213957,0.8144556675801699
RGI60-19.00007,AU1211,lower,2014 footprint,332,332,10.572813034057617,7.292159557342529,14.485881805419922,332,215.08658331593458,0.7678692901987058
RGI60-19.00007,AU1211,lower,retained velocity,275,275,11.545234680175781,8.144363403320312,14.99827766418457,275,216.44314050592232,0.7844775663155973
RGI60-19.00007,AU1211,middle,2014 footprint,130,130,16.635841369628906,14.273003578186035,19.394289016723633,130,215.60237120463432,0.9141735269248472
RGI60-19.00007,AU1211,middle,retained velocity,130,130,16.635841369628906,14.273003578186035,19.394289016723633,130,215.60237120463432,0.9141735269248472
RGI60-19.00007,AU1211,upper,2014 footprint,56,56,46.54737854003906,40.55178451538086,52.19880294799805,56,182.7972711991411,0.8545502447215235
RGI60-19.00007,AU1211,upper,retained velocity,56,56,46.54737854003906,40.55178451538086,52.19880294799805,56,182.7972711991411,0.8545502447215235
RGI60-19.00008,Winston,whole,2014 footprint,935,935,16.602811813354492,11.340677261352539,23.28569793701172,935,121.35017635713359,0.8285783928762823
RGI60-19.00008,Winston,whole,retained velocity,886,886,16.48155975341797,11.272765159606934,23.136245727539062,886,121.83390373288024,0.8299253883778828
RGI60-19.00008,Winston,lower,2014 footprint,424,424,16.865234375,11.507842063903809,22.793781280517578,424,127.14099612912018,0.8223312040959695
RGI60-19.00008,Winston,lower,retained velocity,392,392,16.564571380615234,11.431340217590332,22.196260452270508,392,128.22772983502574,0.8281250075995769
RGI60-19.00008,Winston,middle,2014 footprint,412,412,15.111949920654297,10.443846702575684,19.776535034179688,412,117.93627770919288,0.8309788624146527
RGI60-19.00008,Winston,middle,retained velocity,395,395,15.116861343383789,10.395828247070312,19.777355194091797,395,118.22092964527062,0.8288879935421566
RGI60-19.00008,Winston,upper,2014 footprint,99,99,29.025020599365234,21.465213775634766,39.038185119628906,99,111.59902651524548,0.882199735298744
RGI60-19.00008,Winston,upper,retained velocity,99,99,29.025020599365234,21.465213775634766,39.038185119628906,99,111.59902651524548,0.882199735298744
RGI60-19.00009,AU1141,whole,2014 footprint,323,323,14.734758377075195,10.32139778137207,18.03365707397461,323,96.01702693344328,0.7981340840618257
RGI60-19.00009,AU1141,whole,retained velocity,296,296,14.81348705291748,10.177694320678711,18.17281723022461,296,94.81814102034546,0.7984293818541379
RGI60-19.00009,AU1141,lower,2014 footprint,167,167,14.13563346862793,10.106101989746094,17.249942779541016,167,99.28231214510782,0.8160215840052262
RGI60-19.00009,AU1141,lower,retained velocity,141,141,14.294840812683105,9.961190223693848,17.666309356689453,141,97.64897241199844,0.8188769882744042
RGI60-19.00009,AU1141,middle,2014 footprint,124,124,14.761452674865723,9.703900337219238,17.84281349182129,124,93.41551346744187,0.7521455015573206
RGI60-19.00009,AU1141,middle,retained velocity,124,124,14.761452674865723,9.703900337219238,17.84281349182129,124,93.41551346744187,0.7521455015573206
RGI60-19.00009,AU1141,upper,2014 footprint,32,32,18.433528900146484,14.333524703979492,29.035905838012695,32,88.97648742483177,0.8996903485472337
RGI60-19.00009,AU1141,upper,retained velocity,31,31,18.28961181640625,14.029646873474121,29.629608154296875,31,87.8001216798215,0.9027710928147747
RGI60-19.00010,Fifty-one,whole,2014 footprint,1530,1530,13.61048698425293,8.579506874084473,20.686277389526367,1530,166.26999143815667,0.7289141205434491
RGI60-19.00010,Fifty-one,whole,retained velocity,1424,1424,13.811479568481445,8.657981872558594,21.24136734008789,1424,164.75329294188364,0.72792081057634
RGI60-19.00010,Fifty-one,lower,2014 footprint,888,888,10.536966323852539,6.768574237823486,16.11850929260254,888,172.60214528436757,0.7319627036148068
RGI60-19.00010,Fifty-one,lower,retained velocity,795,795,10.585360527038574,6.687458515167236,16.382835388183594,795,171.03932633235667,0.7261156974104639
RGI60-19.00010,Fifty-one,middle,2014 footprint,553,553,18.15323829650879,12.072826385498047,24.241601943969727,553,153.76744579963776,0.729121148778692
RGI60-19.00010,Fifty-one,middle,retained velocity,541,541,18.1099853515625,11.897242546081543,24.218320846557617,541,153.11521446339626,0.7324876369202468
RGI60-19.00010,Fifty-one,upper,2014 footprint,89,89,30.827421188354492,16.40228843688965,38.96372985839844,89,177.931663814668,0.8670965309237814
RGI60-19.00010,Fifty-one,upper,retained velocity,88,88,30.954509735107422,16.30498695373535,38.96746063232422,88,177.39051428993216,0.8692284908156197
RGI60-19.00011,AU1191,whole,2014 footprint,70,70,19.327266693115234,16.43006134033203,22.468523025512695,70,264.12897906933836,0.8987287163684452
RGI60-19.00011,AU1191,whole,retained velocity,60,60,19.266162872314453,16.492599487304688,22.697280883789062,60,267.27673627031777,0.9145790697563723
RGI60-19.00011,AU1191,lower,2014 footprint,25,25,19.316274642944336,17.19676971435547,20.872791290283203,25,253.30335769350074,0.9137117630023093
RGI60-19.00011,AU1191,lower,retained velocity,20,20,18.890453338623047,17.150184631347656,20.520490646362305,20,255.3014474631761,0.9411618987455372
RGI60-19.00011,AU1191,middle,2014 footprint,21,21,20.862550735473633,16.52387046813965,24.20100212097168,21,263.05900109193925,0.8779290046668318
RGI60-19.00011,AU1191,middle,retained velocity,18,18,21.082935333251953,16.660480499267578,25.34345817565918,18,268.70480563753085,0.8964650414747762
RGI60-19.00011,AU1191,upper,2014 footprint,24,24,19.10393714904785,15.220096588134766,23.447378158569336,24,276.00349036572663,0.9384764532779983
RGI60-19.00011,AU1191,upper,retained velocity,22,22,19.10393714904785,15.73689079284668,23.615407943725586,22,277.0546103019061,0.9377029995613134
RGI60-19.00012,Deacock,whole,2014 footprint,151,151,18.444852828979492,15.665599822998047,21.76090431213379,151,174.79599954007995,0.9193504008975619
RGI60-19.00012,Deacock,whole,retained velocity,135,135,18.444852828979492,15.568653106689453,21.81906509399414,135,174.7799594999827,0.9165965254454898
RGI60-19.00012,Deacock,lower,2014 footprint,30,30,23.027555465698242,20.004968643188477,24.638568878173828,30,188.20977264224328,0.9721617344255483
RGI60-19.00012,Deacock,lower,retained velocity,27,27,23.400373458862305,20.04665184020996,24.55173683166504,27,189.46262699560663,0.9762936777999792
RGI60-19.00012,Deacock,middle,2014 footprint,68,68,18.162935256958008,15.55189323425293,21.705543518066406,68,174.96372595666006,0.9316581404086165
RGI60-19.00012,Deacock,middle,retained velocity,58,58,18.59103775024414,15.533099174499512,21.820934295654297,58,175.0761851792239,0.9330453570517893
RGI60-19.00012,Deacock,upper,2014 footprint,53,53,17.60982322692871,14.560357093811035,19.300125122070312,53,166.40073961972843,0.8983087772254581
RGI60-19.00012,Deacock,upper,retained velocity,50,50,17.544490814208984,14.124174118041992,19.013351440429688,50,165.81501913457635,0.893424183555711
RGI60-19.00013,Downes,whole,2014 footprint,1079,1079,13.949999809265137,7.90472412109375,21.72058868408203,1079,7.575018021834356,0.7371706533451434
RGI60-19.00013,Downes,whole,retained velocity,1049,1049,13.880879402160645,7.84535551071167,21.54082489013672,1049,8.144387187976323,0.7351644236505126
RGI60-19.00013,Downes,lower,2014 footprint,622,622,11.523681640625,6.033469200134277,17.808103561401367,622,6.654724955271118,0.6656158277815915
RGI60-19.00013,Downes,lower,retained velocity,612,612,11.578290939331055,6.020188331604004,17.76596450805664,612,7.104696607490729,0.6668923049322355
RGI60-19.00013,Downes,middle,2014 footprint,333,333,15.579861640930176,10.708648681640625,21.54082489013672,333,14.54071052643683,0.844662613115696
RGI60-19.00013,Downes,middle,retained velocity,333,333,15.579861640930176,10.708648681640625,21.54082489013672,333,14.54071052643683,0.844662613115696
RGI60-19.00013,Downes,upper,2014 footprint,124,124,32.499149322509766,26.77257537841797,38.25264358520508,124,352.541759657995,0.853826218005844
RGI60-19.00013,Downes,upper,retained velocity,104,104,33.466156005859375,27.836055755615234,39.409942626953125,104,352.1702953608227,0.8360810223107609
RGI60-19.00014,Ealey,whole,2014 footprint,1364,1364,13.373361587524414,9.342135429382324,19.22453498840332,1364,16.514250634935106,0.8095805743046113
RGI60-19.00014,Ealey,whole,retained velocity,1324,1324,13.369494438171387,9.319721221923828,19.24049949645996,1324,16.909412644903046,0.8100737579595345
RGI60-19.00014,Ealey,lower,2014 footprint,776,776,11.274087905883789,8.474003791809082,14.87706184387207,776,17.169109663300954,0.7937668330053226
RGI60-19.00014,Ealey,lower,retained velocity,751,751,11.191448211669922,8.453250885009766,14.828250885009766,751,17.642741011668523,0.7953880306512243
RGI60-19.00014,Ealey,middle,2014 footprint,462,462,16.321374893188477,10.848994255065918,22.81036376953125,462,15.37097399747304,0.8215516208331309
RGI60-19.00014,Ealey,middle,retained velocity,450,450,16.34152603149414,10.751876831054688,22.92035484313965,450,15.747418917304644,0.8209728976010308
RGI60-19.00014,Ealey,upper,2014 footprint,126,126,40.895103454589844,29.887540817260742,44.93075180053711,126,16.794866969417416,0.864008525588222
RGI60-19.00014,Ealey,upper,retained velocity,123,123,40.674198150634766,30.054035186767578,44.910362243652344,123,16.82653187320823,0.8608812210504767
RGI60-19.00015,Mary Powell,whole,2014 footprint,141,141,18.00632667541504,15.114315032958984,21.959888458251953,141,357.6561212612772,0.9205746360135751
RGI60-19.00015,Mary Powell,whole,retained velocity,120,120,17.81548309326172,14.870406150817871,21.86554527282715,120,358.7175397053596,0.9210987673241329
RGI60-19.00015,Mary Powell,lower,2014 footprint,44,44,20.109230041503906,17.507753372192383,23.22591781616211,44,354.66886547428487,0.9404494482033305
RGI60-19.00015,Mary Powell,lower,retained velocity,25,25,19.638824462890625,17.870376586914062,23.532268524169922,25,356.3113527696245,0.9570362975376707
RGI60-19.00015,Mary Powell,middle,2014 footprint,63,63,16.0285701751709,14.357818603515625,20.535160064697266,63,358.7439885530099,0.9243810292484164
RGI60-19.00015,Mary Powell,middle,retained velocity,61,61,15.90754222869873,14.271571159362793,20.003170013427734,61,359.24031809535586,0.9239861724748687
RGI60-19.00015,Mary Powell,upper,2014 footprint,34,34,18.491058349609375,13.933784484863281,23.39480209350586,34,359.6454976888762,0.8903002680815693
RGI60-19.00015,Mary Powell,upper,retained velocity,34,34,18.491058349609375,13.933784484863281,23.39480209350586,34,359.6454976888762,0.8903002680815693
RGI60-19.00016,Vahsel-Allison,whole,2014 footprint,1212,1212,12.690313339233398,8.693525314331055,17.570581436157227,1212,277.9537983897518,0.7625885441864533
RGI60-19.00016,Vahsel-Allison,whole,retained velocity,1112,1112,12.956470489501953,8.938375473022461,17.76095199584961,1112,277.2501848763433,0.7725265553505888
RGI60-19.00016,Vahsel-Allison,lower,2014 footprint,878,878,10.940703392028809,7.6723551750183105,14.524103164672852,878,277.27956621009116,0.7222593876515191
RGI60-19.00016,Vahsel-Allison,lower,retained velocity,784,784,11.064834594726562,7.7507500648498535,14.521574974060059,784,276.3413728151261,0.7316723287494683
RGI60-19.00016,Vahsel-Allison,middle,2014 footprint,267,267,18.5241641998291,14.046648979187012,28.67278480529785,267,278.3695565856728,0.8603397566638167
RGI60-19.00016,Vahsel-Allison,middle,retained velocity,261,261,18.460655212402344,14.023881912231445,28.828617095947266,261,277.9020251713585,0.8625594469850217
RGI60-19.00016,Vahsel-Allison,upper,2014 footprint,67,67,33.11573028564453,20.282121658325195,42.080711364746094,67,283.42974378585234,0.9064174979660538
RGI60-19.00016,Vahsel-Allison,upper,retained velocity,67,67,33.11573028564453,20.282121658325195,42.080711364746094,67,283.42974378585234,0.9064174979660538
RGI60-19.00017,Nares,whole,2014 footprint,113,113,15.204852104187012,10.454221725463867,19.35944175720215,113,345.20205154694,0.9135616076238848
RGI60-19.00017,Nares,whole,retained velocity,108,108,14.847808837890625,10.238032341003418,18.979110717773438,108,345.51962461940434,0.9120312080078519
RGI60-19.00017,Nares,lower,2014 footprint,28,28,27.485483169555664,17.988475799560547,33.688011169433594,28,340.59800097762184,0.9598743972291024
RGI60-19.00017,Nares,lower,retained velocity,23,23,25.51239013671875,17.498313903808594,31.31613540649414,23,341.0232823885766,0.9614753425084855
RGI60-19.00017,Nares,middle,2014 footprint,57,57,13.115817070007324,9.757829666137695,15.86813735961914,57,342.8475446936035,0.9259618211100394
RGI60-19.00017,Nares,middle,retained velocity,57,57,13.115817070007324,9.757829666137695,15.86813735961914,57,342.8475446936035,0.9259618211100394
RGI60-19.00017,Nares,upper,2014 footprint,28,28,14.01756477355957,9.523340225219727,17.86761474609375,28,355.5425313033601,0.8606728758053671
RGI60-19.00017,Nares,upper,retained velocity,28,28,14.01756477355957,9.523340225219727,17.86761474609375,28,355.5425313033601,0.8606728758053671
RGI60-19.00018,Challenger,whole,2014 footprint,527,527,17.01413917541504,11.985258102416992,22.906044006347656,527,348.39098535791754,0.8363563838369664
RGI60-19.00018,Challenger,whole,retained velocity,512,512,17.068401336669922,12.230629920959473,22.95607566833496,512,348.1786874117272,0.8362903561750473
RGI60-19.00018,Challenger,lower,2014 footprint,259,259,15.32375717163086,10.35787582397461,20.471460342407227,259,356.34870383997156,0.8701677504620878
RGI60-19.00018,Challenger,lower,retained velocity,247,247,15.79356861114502,10.988712310791016,20.701467514038086,247,356.1773154192597,0.8687513282684644
RGI60-19.00018,Challenger,middle,2014 footprint,228,228,17.021625518798828,13.279155731201172,22.898632049560547,228,334.8476104084196,0.8213267910884835
RGI60-19.00018,Challenger,middle,retained velocity,226,226,16.957841873168945,13.208758354187012,22.831937789916992,226,335.00536976855597,0.8234142818944495
RGI60-19.00018,Challenger,upper,2014 footprint,40,40,30.73462677001953,25.742475509643555,33.71732711791992,40,8.006365379941181,0.9422120398597965
RGI60-19.00018,Challenger,upper,retained velocity,39,39,30.472217559814453,25.44662857055664,33.30469512939453,39,8.174075642629175,0.9411420407110157
RGI60-19.00019,AU1091,whole,2014 footprint,24,24,21.498289108276367,17.116533279418945,28.7229061126709,24,90.43216818840177,0.9179310253162306
RGI60-19.00019,AU1091,whole,retained velocity,21,21,21.177978515625,17.56332778930664,23.25412368774414,21,89.39514110312938,0.9110742051057638
RGI60-19.00019,AU1091,lower,2014 footprint,9,9,21.818599700927734,12.504749298095703,21.992170333862305,9,90.89795585992933,0.9017587279555976
RGI60-19.00019,AU1091,lower,retained velocity,8,8,21.83563995361328,19.00967025756836,22.24868392944336,8,89.1103075124185,0.9010005228399153
RGI60-19.00019,AU1091,middle,2014 footprint,6,6,27.324338912963867,16.781373977661133,39.63131332397461,6,89.85526378268641,0.9768995817677352
RGI60-19.00019,AU1091,middle,retained velocity,4,4,17.786598205566406,15.639370918273926,23.560691833496094,4,87.87189705762349,0.9683799957720924
RGI60-19.00019,AU1091,upper,2014 footprint,9,9,19.55440902709961,17.621469497680664,29.105518341064453,9,90.38265034221541,0.8948541766902282
RGI60-19.00019,AU1091,upper,retained velocity,9,9,19.55440902709961,17.621469497680664,29.105518341064453,9,90.38265034221541,0.8948541766902282
RGI60-19.00020,Compton,whole,2014 footprint,865,865,18.336599349975586,12.713810920715332,26.991207122802734,864,42.82871068334332,0.7867150855348017
RGI60-19.00020,Compton,whole,retained velocity,836,836,18.657421112060547,12.76068115234375,27.32512664794922,835,43.76618509202499,0.7976154817910206
RGI60-19.00020,Compton,lower,2014 footprint,376,376,14.211100578308105,9.698755264282227,19.35472297668457,375,30.337868138555866,0.7350269067982215
RGI60-19.00020,Compton,lower,retained velocity,357,357,14.12785530090332,9.862482070922852,19.563945770263672,356,32.835340815461265,0.7488957586452382
RGI60-19.00020,Compton,middle,2014 footprint,375,375,20.320579528808594,15.196934700012207,26.368202209472656,375,48.486990738503415,0.837913641675667
RGI60-19.00020,Compton,middle,retained velocity,368,368,20.396011352539062,15.104475021362305,26.511005401611328,368,48.48722911260249,0.8355435096425762
RGI60-19.00020,Compton,upper,2014 footprint,114,114,35.999481201171875,30.723583221435547,41.10920715332031,114,59.12867415061102,0.8949565267778705
RGI60-19.00020,Compton,upper,retained velocity,111,111,36.07708740234375,31.015056610107422,41.63495635986328,111,58.24129607773856,0.9099887488213428
RGI60-19.00022,Baudissin-Schmidt,whole,2014 footprint,1077,1077,13.031814575195312,9.614776611328125,17.677064895629883,1077,323.4697362180736,0.798791673784991
RGI60-19.00022,Baudissin-Schmidt,whole,retained velocity,1020,1020,12.893714904785156,9.456637382507324,17.33469009399414,1020,323.2966693809094,0.8076238129964708
RGI60-19.00022,Baudissin-Schmidt,lower,2014 footprint,742,742,11.969676971435547,8.959572792053223,15.5164794921875,742,328.8019794534191,0.7775863352448248
RGI60-19.00022,Baudissin-Schmidt,lower,retained velocity,693,693,11.786707878112793,8.828352928161621,15.28584098815918,693,328.70693709232563,0.7896929873106392
RGI60-19.00022,Baudissin-Schmidt,middle,2014 footprint,279,279,15.404339790344238,10.970029830932617,20.864276885986328,279,312.74670812826906,0.8640027613133506
RGI60-19.00022,Baudissin-Schmidt,middle,retained velocity,274,274,15.294658660888672,10.939138412475586,20.729816436767578,274,312.77092908403483,0.8643867613109663
RGI60-19.00022,Baudissin-Schmidt,upper,2014 footprint,56,56,25.54065704345703,20.594280242919922,38.335453033447266,56,313.3216648466447,0.8885245564743275
RGI60-19.00022,Baudissin-Schmidt,upper,retained velocity,53,53,25.389236450195312,21.09120750427246,38.30992889404297,53,313.05015528172265,0.8839163544969575
RGI60-19.00023,Brown,whole,2014 footprint,238,238,13.0592041015625,9.51845645904541,17.761337280273438,238,45.56078943668394,0.8147170376884201
RGI60-19.00023,Brown,whole,retained velocity,154,154,12.73375129699707,9.542198181152344,16.570636749267578,154,41.1508379798765,0.8468197952908262
RGI60-19.00023,Brown,lower,2014 footprint,65,65,14.898414611816406,10.1367826461792,19.437620162963867,65,51.232089838543644,0.7711905402004766
RGI60-19.00023,Brown,lower,retained velocity,25,25,14.187566757202148,8.348691940307617,18.324668884277344,25,41.00964068931208,0.7569012967956708
RGI60-19.00023,Brown,middle,2014 footprint,129,129,12.155264854431152,8.019042015075684,15.866531372070312,129,44.22405096661616,0.807619606329806
RGI60-19.00023,Brown,middle,retained velocity,86,86,12.040063858032227,8.222450256347656,15.318984985351562,86,41.02362995316301,0.8426312306121012
RGI60-19.00023,Brown,upper,2014 footprint,44,44,13.576916694641113,11.256948471069336,17.31651496887207,44,41.939218314150445,0.90785965483073
RGI60-19.00023,Brown,upper,retained velocity,43,43,13.558292388916016,11.147643089294434,16.61996078491211,43,41.455549009554716,0.9074933497007819
