mid_date,acquisition_date_img1,acquisition_date_img2,pair_duration_days
2016-08-08 14:19:23.401984000,2016-08-02 14:19:23.006582016,2016-08-14 14:19:23.475781888,12.000005722045891
2016-08-20 14:19:23.917585920,2016-08-14 14:19:23.475781888,2016-08-26 14:19:24.037763072,12.000006675720208
2016-09-01 14:19:24.380167936,2016-08-26 14:19:24.037763072,2016-09-07 14:19:24.400921088,12.000003814697257
2016-09-13 14:19:24.833501696,2016-09-07 14:19:24.400921088,2016-09-19 14:19:24.944268032,12.000006675720208
2016-09-25 14:19:25.243674880,2016-09-19 14:19:24.944268032,2016-10-01 14:19:25.221243904,12.00000286102294
2016-10-07 14:19:25.377327104,2016-10-01 14:19:25.221243904,2016-10-13 14:19:25.211407872,12.0
2016-10-19 14:19:25.406363904,2016-10-13 14:19:25.211407872,2016-10-25 14:19:25.279293952,12.000000953674316
2016-10-31 14:19:25.349842944,2016-10-25 14:19:25.279293952,2016-11-06 14:19:25.098341120,11.999998092651365
2016-11-12 14:19:23.778163968,2016-11-06 14:19:25.098341120,2016-11-18 14:19:22.135774720,11.999965667724606
2016-11-24 14:19:23.512865280,2016-11-18 14:19:22.135774720,2016-11-30 14:19:24.567718912,12.00002861022949
2016-12-06 14:19:23.160400896,2016-11-30 14:19:24.567718912,2016-12-12 14:19:21.430823168,11.999963760375973
2016-12-18 14:19:21.404576000,2016-12-12 14:19:21.430823168,2016-12-24 14:19:21.055905024,11.999995231628414
2016-12-30 14:19:20.396610304,2016-12-24 14:19:21.055905024,2017-01-05 14:19:19.414866944,11.999980926513668
2017-01-11 14:19:19.384711936,2017-01-05 14:19:19.414866944,2017-01-17 14:19:19.014348032,11.999995231628414
2017-01-23 14:19:19.120616960,2017-01-17 14:19:19.014348032,2017-01-29 14:19:18.886653184,11.999998092651365
2017-03-12 14:19:18.739416064,2017-03-06 14:19:18.426746112,2017-03-18 14:19:18.711472896,12.00000286102294
2017-03-24 14:19:19.007155200,2017-03-18 14:19:18.711472896,2017-03-30 14:19:18.962200320,12.00000286102294
2017-04-05 14:19:19.400218880,2017-03-30 14:19:18.962200320,2017-04-11 14:19:19.497577728,12.000005722045891
2017-04-17 14:19:19.964559104,2017-04-11 14:19:19.497577728,2017-04-23 14:19:20.090718976,12.000006675720208
2017-04-29 14:19:20.615859968,2017-04-23 14:19:20.090718976,2017-05-05 14:19:20.800154112,12.000008583068842
2017-05-11 14:19:21.265946112,2017-05-05 14:19:20.800154112,2017-05-17 14:19:21.390727936,12.000006675720208
2017-05-23 14:19:21.823726848,2017-05-17 14:19:21.390727936,2017-05-29 14:19:21.915693056,12.000005722045891
2017-06-04 14:19:22.511610112,2017-05-29 14:19:21.915693056,2017-06-10 14:19:22.766468096,12.00000953674316
2017-06-16 14:19:23.276265984,2017-06-10 14:19:22.766468096,2017-06-22 14:19:23.444844032,12.000007629394526
2017-06-28 14:19:23.868635904,2017-06-22 14:19:23.444844032,2017-07-04 14:19:23.951183104,12.000005722045891
2017-07-10 14:19:24.504587008,2017-07-04 14:19:23.951183104,2017-07-16 14:19:24.716583936,12.000008583068842
2017-07-22 14:19:25.308649984,2017-07-16 14:19:24.716583936,2017-07-28 14:19:25.559284992,12.00000953674316
2017-08-03 14:19:26.003341056,2017-07-28 14:19:25.559284992,2017-08-09 14:19:26.105940992,12.000006675720208
2017-08-15 14:19:26.570312704,2017-08-09 14:19:26.105940992,2017-08-21 14:19:26.693067008,12.000006675720208
2017-08-27 14:19:27.138179072,2017-08-21 14:19:26.693067008,2017-09-02 14:19:27.241648896,12.000006675720208
2017-09-08 14:19:27.628812032,2017-09-02 14:19:27.241648896,2017-09-14 14:19:27.674170880,12.000004768371575
2017-09-20 14:19:27.986957056,2017-09-14 14:19:27.674170880,2017-09-26 14:19:27.957914880,12.00000286102294
2017-10-02 14:19:28.268212992,2017-09-26 14:19:27.957914880,2017-10-08 14:19:28.236659968,12.00000286102294
2017-10-14 14:19:28.466811904,2017-10-08 14:19:28.236659968,2017-10-20 14:19:28.354949120,12.000000953674316
2017-10-26 14:19:28.558850816,2017-10-20 14:19:28.354949120,2017-11-01 14:19:28.420712960,12.000000953674316
2017-11-07 14:19:28.400216064,2017-11-01 14:19:28.420712960,2017-11-13 14:19:28.037517056,11.999995231628414
2017-11-19 14:19:28.126139904,2017-11-13 14:19:28.037517056,2017-11-25 14:19:27.872537088,11.999998092651365
2017-12-01 14:19:27.712507904,2017-11-25 14:19:27.872537088,2017-12-07 14:19:27.210230016,11.999992370605463
2017-12-13 14:19:27.244506112,2017-12-07 14:19:27.210230016,2017-12-19 14:19:26.936368128,11.999997138977049
2017-12-25 14:19:26.806458880,2017-12-19 14:19:26.936368128,2017-12-31 14:19:26.334110976,11.99999332427978
2018-01-06 14:19:26.341627904,2017-12-31 14:19:26.334110976,2018-01-12 14:19:26.006682624,11.99999618530273
2018-01-18 14:19:25.976069120,2018-01-12 14:19:26.006682624,2018-01-24 14:19:25.585230080,11.999995231628414
2018-01-30 14:19:25.634458112,2018-01-24 14:19:25.585230080,2018-02-05 14:19:25.323439104,11.999997138977049
2018-02-11 14:19:25.389374208,2018-02-05 14:19:25.323439104,2018-02-17 14:19:25.094898944,11.999997138977049
2018-02-23 14:19:25.270537984,2018-02-17 14:19:25.094898944,2018-03-01 14:19:25.085743104,12.0
2018-03-07 14:19:25.304898048,2018-03-01 14:19:25.085743104,2018-03-13 14:19:25.163449856,12.000000953674316
2018-03-19 14:19:25.425864960,2018-03-13 14:19:25.163449856,2018-03-25 14:19:25.327653888,12.000001907348622
2018-03-31 14:19:25.653227008,2018-03-25 14:19:25.327653888,2018-04-06 14:19:25.618150912,12.000003814697257
2018-04-12 14:19:25.996848896,2018-04-06 14:19:25.618150912,2018-04-18 14:19:26.014735872,12.000004768371575
2018-05-06 14:19:27.194672896,2018-04-30 14:19:26.679965184,2018-05-12 14:19:27.348519936,12.000007629394526
2018-05-30 14:19:28.512496896,2018-05-24 14:19:28.027892992,2018-06-05 14:19:28.636052992,12.000006675720208
2018-06-11 14:19:29.256151296,2018-06-05 14:19:28.636052992,2018-06-17 14:19:29.515038720,12.000010490417477
2018-07-17 14:19:31.352168960,2018-07-11 14:19:30.743072000,2018-07-23 14:19:31.599845120,12.00000953674316
2018-07-29 14:19:32.090274048,2018-07-23 14:19:31.599845120,2018-08-04 14:19:32.219256320,12.000007629394526
2018-08-10 14:19:32.777369856,2018-08-04 14:19:32.219256320,2018-08-16 14:19:32.973875712,12.000008583068842
2018-08-22 14:19:33.525530880,2018-08-16 14:19:32.973875712,2018-08-28 14:19:33.715554304,12.000008583068842
2018-09-03 14:19:34.150326016,2018-08-28 14:19:33.715554304,2018-09-09 14:19:34.223440896,12.000005722045891
2018-09-15 14:19:34.566413056,2018-09-09 14:19:34.223440896,2018-09-21 14:19:34.547567360,12.000003814697257
2018-09-27 14:19:34.757455872,2018-09-21 14:19:34.547567360,2018-10-03 14:19:34.605502976,12.000000953674316
2018-10-09 14:19:35.012593664,2018-10-03 14:19:34.605502976,2018-10-15 14:19:35.057678080,12.000004768371575
2018-10-21 14:19:35.192508672,2018-10-15 14:19:35.057678080,2018-10-27 14:19:34.965310208,11.999999046325684
2018-11-02 14:19:35.040560896,2018-10-27 14:19:34.965310208,2018-11-08 14:19:34.753756928,11.999997138977049
2018-11-14 14:19:34.827130112,2018-11-08 14:19:34.753756928,2018-11-20 14:19:34.538287104,11.999997138977049
2018-11-26 14:19:34.521798912,2018-11-20 14:19:34.538287104,2018-12-02 14:19:34.143072000,11.999995231628414
2018-12-08 14:19:33.997232128,2018-12-02 14:19:34.143072000,2018-12-14 14:19:33.488986880,11.999992370605463
2018-12-20 14:19:33.568711936,2018-12-14 14:19:33.488986880,2018-12-26 14:19:33.286009088,11.999998092651365
2019-01-01 14:19:33.169639936,2018-12-26 14:19:33.286009088,2019-01-07 14:19:32.690819072,11.99999332427978
2019-01-13 14:19:32.764009984,2019-01-07 14:19:32.690819072,2019-01-19 14:19:32.456985856,11.999997138977049
2019-01-25 14:19:32.453721088,2019-01-19 14:19:32.456985856,2019-01-31 14:19:32.070216960,11.999995231628414
2019-02-06 14:19:32.031958016,2019-01-31 14:19:32.070216960,2019-02-12 14:19:31.613437952,11.999994277954098
2019-02-18 14:19:31.787458304,2019-02-12 14:19:31.613437952,2019-02-24 14:19:31.581053952,12.0
2019-03-02 14:19:31.770794240,2019-02-24 14:19:31.581053952,2019-03-08 14:19:31.580086016,12.0
2019-03-14 14:19:31.789113088,2019-03-08 14:19:31.580086016,2019-03-20 14:19:31.617524224,12.0
2019-03-26 14:19:32.007635968,2019-03-20 14:19:31.617524224,2019-04-01 14:19:32.017107968,12.000004768371575
2019-04-07 14:19:32.297591040,2019-04-01 14:19:32.017107968,2019-04-13 14:19:32.197273088,12.000001907348622
2019-04-19 14:19:32.767736064,2019-04-13 14:19:32.197273088,2019-04-25 14:19:32.957372928,12.000008583068842
2019-05-01 14:19:33.214114048,2019-04-25 14:19:32.957372928,2019-05-07 14:19:33.090004992,12.000001907348622
2019-05-13 14:19:33.679464960,2019-05-07 14:19:33.090004992,2019-05-19 14:19:33.887911168,12.00000953674316
2019-05-25 14:19:34.346309120,2019-05-19 14:19:33.887911168,2019-05-31 14:19:34.423668992,12.000006675720208
2019-06-06 14:19:34.819286016,2019-05-31 14:19:34.423668992,2019-06-12 14:19:34.833840128,12.000004768371575
2019-06-18 14:19:35.485540352,2019-06-12 14:19:34.833840128,2019-06-24 14:19:35.756015104,12.000010490417477
2019-06-30 14:19:36.332348928,2019-06-24 14:19:35.756015104,2019-07-06 14:19:36.527436032,12.000008583068842
2019-07-12 14:19:37.130112000,2019-07-06 14:19:36.527436032,2019-07-18 14:19:37.351375872,12.00000953674316
2019-07-24 14:19:37.860059904,2019-07-18 14:19:37.351375872,2019-07-30 14:19:37.987308032,12.000007629394526
2019-08-05 14:19:38.694914304,2019-07-30 14:19:37.987308032,2019-08-11 14:19:39.021059072,12.000012397766112
2019-08-17 14:19:39.499704064,2019-08-11 14:19:39.021059072,2019-08-23 14:19:39.596727040,12.000006675720208
2019-08-29 14:19:40.059894016,2019-08-23 14:19:39.596727040,2019-09-04 14:19:40.141416192,12.000006675720208
2019-09-10 14:19:40.532592896,2019-09-04 14:19:40.141416192,2019-09-16 14:19:40.541961984,12.000004768371575
2019-09-22 14:19:41.058400000,2019-09-16 14:19:40.541961984,2019-09-28 14:19:41.193006080,12.000007629394526
2019-10-04 14:19:41.347813888,2019-09-28 14:19:41.193006080,2019-10-10 14:19:41.120766976,11.999999046325684
2019-10-28 14:19:41.378044928,2019-10-22 14:19:41.109424896,2019-11-03 14:19:41.264622080,12.000001907348622
2019-11-09 14:19:41.408079104,2019-11-03 14:19:41.264622080,2019-11-15 14:19:41.169329920,11.999999046325684
2019-11-21 14:19:41.173992960,2019-11-15 14:19:41.169329920,2019-11-27 14:19:40.796425984,11.999995231628414
2019-12-03 14:19:40.752503040,2019-11-27 14:19:40.796425984,2019-12-09 14:19:40.326324992,11.999994277954098
2019-12-15 14:19:40.293057792,2019-12-09 14:19:40.326324992,2019-12-21 14:19:39.877373952,11.999995231628414
2019-12-27 14:19:39.752483072,2019-12-21 14:19:39.877373952,2020-01-02 14:19:39.245150976,11.999992370605463
2020-01-08 14:19:39.210093312,2020-01-02 14:19:39.245150976,2020-01-14 14:19:38.774832384,11.999994277954098
2020-01-20 14:19:38.810253056,2020-01-14 14:19:38.774832384,2020-01-26 14:19:38.445445888,11.99999618530273
2020-02-01 14:19:38.488531200,2020-01-26 14:19:38.445445888,2020-02-07 14:19:38.131364352,11.99999618530273
2020-02-13 14:19:38.202100992,2020-02-07 14:19:38.131364352,2020-02-19 14:19:37.872422912,11.999997138977049
2020-02-25 14:19:38.030896128,2020-02-19 14:19:37.872422912,2020-03-02 14:19:37.788932096,11.999999046325684
2020-03-08 14:19:38.071670016,2020-03-02 14:19:37.788932096,2020-03-14 14:19:37.953804032,12.000001907348622
2020-03-20 14:19:38.188947968,2020-03-14 14:19:37.953804032,2020-03-26 14:19:38.023463168,12.000000953674316
2020-04-01 14:19:38.348705024,2020-03-26 14:19:38.023463168,2020-04-07 14:19:38.273295872,12.00000286102294
2020-04-13 14:19:38.767520000,2020-04-07 14:19:38.273295872,2020-04-19 14:19:38.860930048,12.000006675720208
2020-04-25 14:19:39.347729920,2020-04-19 14:19:38.860930048,2020-05-01 14:19:39.433691904,12.000006675720208
2020-05-07 14:19:39.941711104,2020-05-01 14:19:39.433691904,2020-05-13 14:19:40.048727040,12.000006675720208
2020-05-19 14:19:40.631842048,2020-05-13 14:19:40.048727040,2020-05-25 14:19:40.813932032,12.000008583068842
2020-05-31 14:19:41.324128000,2020-05-25 14:19:40.813932032,2020-06-06 14:19:41.433274112,12.000007629394526
2020-06-12 14:19:42.017577984,2020-06-06 14:19:41.433274112,2020-06-18 14:19:42.200669952,12.000008583068842
2020-06-24 14:19:42.670116096,2020-06-18 14:19:42.200669952,2020-06-30 14:19:42.738324992,12.000006675720208
2020-07-30 14:19:44.881734912,2020-07-24 14:19:44.408028928,2020-08-05 14:19:44.953993984,12.000006675720208
2020-08-11 14:19:45.515654912,2020-08-05 14:19:44.953993984,2020-08-17 14:19:45.675706112,12.000008583068842
2020-08-23 14:19:46.285670912,2020-08-17 14:19:45.675706112,2020-08-29 14:19:46.494003200,12.00000953674316
2020-09-04 14:19:46.911767040,2020-08-29 14:19:46.494003200,2020-09-10 14:19:46.927873024,12.000004768371575
2020-09-16 14:19:47.323763968,2020-09-10 14:19:46.927873024,2020-09-22 14:19:47.317835008,12.000004768371575
2020-09-28 14:19:47.653922048,2020-09-22 14:19:47.317835008,2020-10-04 14:19:47.588165120,12.00000286102294
2020-10-10 14:19:47.869454336,2020-10-04 14:19:47.588165120,2020-10-16 14:19:47.748734976,12.000001907348622
2020-10-22 14:19:47.940509184,2020-10-16 14:19:47.748734976,2020-10-28 14:19:47.730251008,12.0
2020-11-03 14:19:47.809718016,2020-10-28 14:19:47.730251008,2020-11-09 14:19:47.487129088,11.999997138977049
2020-11-15 14:19:47.541047296,2020-11-09 14:19:47.487129088,2020-11-21 14:19:47.192747008,11.99999618530273
2020-11-27 14:19:47.185804032,2020-11-21 14:19:47.192747008,2020-12-03 14:19:46.776617984,11.999995231628414
2020-12-09 14:19:46.767137024,2020-12-03 14:19:46.776617984,2020-12-15 14:19:46.355249920,11.999995231628414
2020-12-21 14:19:46.250866944,2020-12-15 14:19:46.355249920,2020-12-27 14:19:45.744055040,11.99999332427978
2021-01-02 14:19:45.603287040,2020-12-27 14:19:45.744055040,2021-01-08 14:19:45.060065024,11.999992370605463
2021-01-14 14:19:44.994102016,2021-01-08 14:19:45.060065024,2021-01-20 14:19:44.507922944,11.99999332427978
2021-01-26 14:19:44.579731968,2021-01-20 14:19:44.507922944,2021-02-01 14:19:44.231300864,11.999997138977049
2021-02-07 14:19:44.267441920,2021-02-01 14:19:44.231300864,2021-02-13 14:19:43.883180032,11.99999618530273
2021-02-19 14:19:43.996110848,2021-02-13 14:19:43.883180032,2021-02-25 14:19:43.688615936,11.999998092651365
2021-03-03 14:19:43.906787072,2021-02-25 14:19:43.688615936,2021-03-09 14:19:43.704509184,12.0
2021-03-15 14:19:43.974265088,2021-03-09 14:19:43.704509184,2021-03-21 14:19:43.823403008,12.000000953674316
2021-03-27 14:19:44.149390080,2021-03-21 14:19:43.823403008,2021-04-02 14:19:44.054735872,12.00000286102294
2021-04-08 14:19:44.499556096,2021-04-02 14:19:44.054735872,2021-04-14 14:19:44.523572992,12.000005722045891
2021-04-20 14:19:44.985736960,2021-04-14 14:19:44.523572992,2021-04-26 14:19:45.027071744,12.000005722045891
2021-05-02 14:19:45.552339968,2021-04-26 14:19:45.027071744,2021-05-08 14:19:45.656755968,12.000007629394526
2021-05-14 14:19:46.095106048,2021-05-08 14:19:45.656755968,2021-05-20 14:19:46.112439040,12.000005722045891
2021-05-26 14:19:46.736066048,2021-05-20 14:19:46.112439040,2021-06-01 14:19:46.938652672,12.00000953674316
2021-06-07 14:19:47.587547904,2021-06-01 14:19:46.938652672,2021-06-13 14:19:47.815240960,12.000010490417477
2021-06-19 14:19:48.324613888,2021-06-13 14:19:47.815240960,2021-06-25 14:19:48.412760064,12.000006675720208
2021-07-01 14:19:48.940225280,2021-06-25 14:19:48.412760064,2021-07-07 14:19:49.046438656,12.000007629394526
2021-07-13 14:19:49.687043840,2021-07-07 14:19:49.046438656,2021-07-19 14:19:49.906234880,12.00000953674316
2021-07-25 14:19:50.464989952,2021-07-19 14:19:49.906234880,2021-07-31 14:19:50.602308096,12.000007629394526
2021-08-06 14:19:51.094564096,2021-07-31 14:19:50.602308096,2021-08-12 14:19:51.165358080,12.000006675720208
2021-08-18 14:19:51.741864960,2021-08-12 14:19:51.165358080,2021-08-24 14:19:51.896748032,12.000008583068842
2021-08-30 14:19:52.371694080,2021-08-24 14:19:51.896748032,2021-09-05 14:19:52.424992000,12.000005722045891
2021-09-11 14:19:52.883846912,2021-09-05 14:19:52.424992000,2021-09-17 14:19:52.920890880,12.000005722045891
2021-09-23 14:19:53.311340032,2021-09-17 14:19:52.920890880,2021-09-29 14:19:53.279954176,12.000003814697257
2021-10-05 14:19:53.541125376,2021-09-29 14:19:53.279954176,2021-10-11 14:19:53.380439040,12.000000953674316
2021-10-17 14:19:53.652566016,2021-10-11 14:19:53.380439040,2021-10-23 14:19:53.502671104,12.000000953674316
2021-10-29 14:19:53.551630080,2021-10-23 14:19:53.502671104,2021-11-04 14:19:53.178542080,11.99999618530273
2021-12-04 14:19:52.548361984,2021-11-28 14:19:52.617395968,2021-12-10 14:19:52.057071104,11.99999332427978
2021-12-16 14:19:51.930311936,2021-12-10 14:19:52.057071104,2021-12-22 14:19:51.381133056,11.999992370605463
2021-12-28 14:19:51.338426112,2021-12-22 14:19:51.381133056,2022-01-03 14:19:50.873274880,11.999994277954098
2022-01-09 14:19:50.895375104,2022-01-03 14:19:50.873274880,2022-01-15 14:19:50.477268992,11.999995231628414
2022-01-21 14:19:50.423372032,2022-01-15 14:19:50.477268992,2022-01-27 14:19:49.929245952,11.99999332427978
2022-02-02 14:19:49.957099008,2022-01-27 14:19:49.929245952,2022-02-08 14:19:49.544698112,11.999995231628414
2022-02-14 14:19:49.719392000,2022-02-08 14:19:49.544698112,2022-02-20 14:19:49.453670912,11.999999046325684
2022-02-26 14:19:49.515284992,2022-02-20 14:19:49.453670912,2022-03-04 14:19:49.136457984,11.99999618530273
2022-03-10 14:19:49.380158976,2022-03-04 14:19:49.136457984,2022-03-16 14:19:49.183251968,12.000000953674316
2022-03-22 14:19:49.676464128,2022-03-16 14:19:49.183251968,2022-03-28 14:19:49.729045248,12.000006675720208
2022-04-03 14:19:50.027915008,2022-03-28 14:19:49.729045248,2022-04-09 14:19:49.886130176,12.000001907348622
2022-04-15 14:19:50.397573120,2022-04-09 14:19:49.886130176,2022-04-21 14:19:50.468196864,12.000006675720208
2022-04-27 14:19:50.815223296,2022-04-21 14:19:50.468196864,2022-05-03 14:19:50.721406976,12.00000286102294
2022-05-09 14:19:52.393481984,2022-05-03 14:19:50.721406976,2022-05-15 14:19:53.624549888,12.000033378601065
2022-05-21 14:19:54.177740032,2022-05-15 14:19:53.624549888,2022-05-27 14:19:54.289900032,12.000007629394526
2022-05-26 14:28:00.755574016,2022-05-20 14:27:59.976305920,2022-06-01 14:28:01.093801984,12.000013351440428
2022-06-02 14:19:55.130632960,2022-05-27 14:19:54.289900032,2022-06-08 14:19:55.530311936,12.000014305114746
2022-06-07 14:28:01.684806912,2022-06-01 14:28:01.093801984,2022-06-13 14:28:01.834609920,12.000008583068842
2022-06-14 14:19:56.062055936,2022-06-08 14:19:55.530311936,2022-06-20 14:19:56.152583936,12.000007629394526
2022-06-19 14:28:02.479334912,2022-06-13 14:28:01.834609920,2022-06-25 14:28:02.682834944,12.00000953674316
2022-06-26 14:19:56.705408000,2022-06-20 14:19:56.152583936,2022-07-02 14:19:56.816990976,12.000007629394526
2022-07-01 14:28:03.169671936,2022-06-25 14:28:02.682834944,2022-07-07 14:28:03.215258112,12.000005722045891
2022-07-08 14:19:57.354473984,2022-07-02 14:19:56.816990976,2022-07-14 14:19:57.450553344,12.000007629394526
2022-07-13 14:28:03.860014080,2022-07-07 14:28:03.215258112,2022-07-19 14:28:04.063355904,12.00000953674316
2022-07-20 14:19:58.072675072,2022-07-14 14:19:57.450553344,2022-07-26 14:19:58.253370368,12.00000953674316
2022-07-25 14:28:04.659260928,2022-07-19 14:28:04.063355904,2022-07-31 14:28:04.813728000,12.000008583068842
2022-08-01 14:19:58.916208128,2022-07-26 14:19:58.253370368,2022-08-07 14:19:59.137594880,12.000010490417477
2022-08-06 14:28:05.399954944,2022-07-31 14:28:04.813728000,2022-08-12 14:28:05.544719104,12.000008583068842
2022-08-13 14:19:59.678646016,2022-08-07 14:19:59.137594880,2022-08-19 14:19:59.778081792,12.000007629394526
2022-08-18 14:28:05.973511168,2022-08-12 14:28:05.544719104,2022-08-24 14:28:05.960678912,12.000004768371575
2022-08-25 14:20:00.221842944,2022-08-19 14:19:59.778081792,2022-08-31 14:20:00.223964928,12.000004768371575
2022-08-30 14:28:06.684190208,2022-08-24 14:28:05.960678912,2022-09-05 14:28:06.966053120,12.000011444091793
2022-09-06 14:20:00.815860224,2022-08-31 14:20:00.223964928,2022-09-12 14:20:00.966092032,12.000008583068842
2022-09-11 14:28:07.121594880,2022-09-05 14:28:06.966053120,2022-09-17 14:28:06.835327232,11.999998092651365
2022-09-18 14:20:00.980290048,2022-09-12 14:20:00.966092032,2022-09-24 14:20:00.552664064,11.999995231628414
2022-09-23 14:28:07.318352128,2022-09-17 14:28:06.835327232,2022-09-29 14:28:07.359543296,12.000005722045891
2022-09-30 14:20:00.998528000,2022-09-24 14:20:00.552664064,2022-10-06 14:20:01.002544128,12.000004768371575
2022-10-05 14:28:07.536223744,2022-09-29 14:28:07.359543296,2022-10-11 14:28:07.271045888,11.999999046325684
2022-10-12 14:20:01.328502016,2022-10-06 14:20:01.002544128,2022-10-18 14:20:01.212446976,12.00000286102294
2022-10-17 14:28:07.574652672,2022-10-11 14:28:07.271045888,2022-10-23 14:28:07.436238336,12.000001907348622
2022-10-24 14:20:01.413847040,2022-10-18 14:20:01.212446976,2022-10-30 14:20:01.173211648,12.0
2022-11-05 14:20:01.147716352,2022-10-30 14:20:01.173211648,2022-11-11 14:20:00.680161024,11.999994277954098
2022-11-17 14:20:01.062725888,2022-11-11 14:20:00.680161024,2022-11-23 14:20:01.003068928,12.000003814697257
2022-11-22 14:28:06.921215232,2022-11-16 14:28:06.733209088,2022-11-28 14:28:06.666990080,11.999999046325684
2022-11-29 14:20:00.834912000,2022-11-23 14:20:01.003068928,2022-12-05 14:20:00.224507904,11.999991416931145
2022-12-04 14:28:06.616229632,2022-11-28 14:28:06.666990080,2022-12-10 14:28:06.123213312,11.99999332427978
2022-12-11 14:20:00.030899200,2022-12-05 14:20:00.224507904,2022-12-17 14:19:59.394879744,11.999990463256829
2022-12-16 14:28:05.879153152,2022-12-10 14:28:06.123213312,2022-12-22 14:28:05.192673792,11.999989509582512
2022-12-23 14:19:59.313501952,2022-12-17 14:19:59.394879744,2022-12-29 14:19:58.789690112,11.99999332427978
