RGIId,name_1,elevation_band,speed_floor_m_yr,minimum_pairs,observed_pixels,retained_pixels,coverage_percent,median_speed_m_yr,new_pixels,new_pixels_pre_direction_vvc
RGI60-19.00001,AU1041,whole,10,5,24,24,100.0,135.8323974609375,0,
RGI60-19.00001,AU1041,lower,10,5,8,8,100.0,88.99072265625,0,
RGI60-19.00002,Abbotsmith,whole,10,5,1519,1471,96.8400263331139,232.42343139648438,0,
RGI60-19.00002,Abbotsmith,lower,10,5,983,952,96.84638860630723,201.08514404296875,0,
RGI60-19.00003,Gotley,whole,10,5,1839,1673,90.97335508428493,305.4766845703125,0,
RGI60-19.00003,Gotley,lower,10,5,646,640,99.07120743034056,273.1719970703125,0,
RGI60-19.00004,AU1121,whole,10,5,154,95,61.688311688311686,215.645751953125,0,
RGI60-19.00004,AU1121,lower,10,5,53,29,54.716981132075475,50.59644317626953,0,
RGI60-19.00005,Stephenson,whole,10,5,636,582,91.50943396226415,281.7494812011719,0,
RGI60-19.00005,Stephenson,lower,10,5,370,316,85.4054054054054,266.5233154296875,0,
RGI60-19.00006,Lied,whole,10,5,1055,1034,98.00947867298578,241.5565185546875,0,
RGI60-19.00006,Lied,lower,10,5,662,642,96.97885196374622,195.56997680664062,0,
RGI60-19.00007,AU1211,whole,10,5,518,461,88.996138996139,132.1854705810547,0,
RGI60-19.00007,AU1211,lower,10,5,332,275,82.83132530120481,77.18170166015625,0,
RGI60-19.00008,Winston,whole,10,5,935,886,94.75935828877006,190.21434020996094,0,
RGI60-19.00008,Winston,lower,10,5,424,392,92.45283018867924,157.89169311523438,0,
RGI60-19.00009,AU1141,whole,10,5,323,296,91.64086687306502,137.03134155273438,0,
RGI60-19.00009,AU1141,lower,10,5,167,141,84.4311377245509,92.69843292236328,0,
RGI60-19.00010,Fifty-one,whole,10,5,1530,1424,93.0718954248366,150.6949462890625,0,
RGI60-19.00010,Fifty-one,lower,10,5,888,795,89.52702702702703,117.63758087158203,0,
RGI60-19.00011,AU1191,whole,10,5,70,60,85.71428571428571,104.16841125488281,0,
RGI60-19.00011,AU1191,lower,10,5,25,20,80.0,94.2275390625,0,
RGI60-19.00012,Deacock,whole,10,5,151,135,89.40397350993378,111.63755798339844,0,
RGI60-19.00012,Deacock,lower,10,5,30,27,90.0,69.2603759765625,0,
RGI60-19.00013,Downes,whole,10,5,1079,1049,97.21964782205747,180.41342163085938,0,
RGI60-19.00013,Downes,lower,10,5,622,612,98.39228295819936,101.57038879394531,0,
RGI60-19.00014,Ealey,whole,10,5,1364,1324,97.0674486803519,186.0103759765625,0,
RGI60-19.00014,Ealey,lower,10,5,776,751,96.77835051546391,171.18408203125,0,
RGI60-19.00015,Mary Powell,whole,10,5,141,120,85.1063829787234,126.03472137451172,0,
RGI60-19.00015,Mary Powell,lower,10,5,44,25,56.81818181818182,47.6340217590332,0,
RGI60-19.00016,Vahsel-Allison,whole,10,5,1212,1112,91.74917491749174,154.791015625,0,
RGI60-19.00016,Vahsel-Allison,lower,10,5,878,784,89.29384965831436,130.38211059570312,0,
RGI60-19.00017,Nares,whole,10,5,113,108,95.57522123893806,177.20790100097656,0,
RGI60-19.00017,Nares,lower,10,5,28,23,82.14285714285714,50.21951675415039,0,
RGI60-19.00018,Challenger,whole,10,5,527,512,97.15370018975332,243.5408935546875,0,
RGI60-19.00018,Challenger,lower,10,5,259,247,95.36679536679537,251.876953125,0,
RGI60-19.00019,AU1091,whole,10,5,24,21,87.5,62.09669876098633,0,
RGI60-19.00019,AU1091,lower,10,5,9,8,88.88888888888889,47.34069061279297,0,
RGI60-19.00020,Compton,whole,10,5,865,836,96.64739884393063,179.23577880859375,0,
RGI60-19.00020,Compton,lower,10,5,376,357,94.94680851063829,123.2396011352539,0,
RGI60-19.00022,Baudissin-Schmidt,whole,10,5,1077,1020,94.70752089136491,175.27536010742188,0,
RGI60-19.00022,Baudissin-Schmidt,lower,10,5,742,693,93.39622641509433,138.17742919921875,0,
RGI60-19.00023,Brown,whole,10,5,238,154,64.70588235294117,207.6824951171875,0,
RGI60-19.00023,Brown,lower,10,5,65,25,38.46153846153846,39.57326126098633,0,
RGI60-19.00001,AU1041,whole,10,3,24,24,100.0,135.8323974609375,0,
RGI60-19.00001,AU1041,lower,10,3,8,8,100.0,88.99072265625,0,
RGI60-19.00002,Abbotsmith,whole,10,3,1519,1474,97.03752468729428,232.377685546875,3,0.6542003631591797
RGI60-19.00002,Abbotsmith,lower,10,3,983,952,96.84638860630723,201.08514404296875,0,
RGI60-19.00003,Gotley,whole,10,3,1839,1710,92.98531810766721,301.41375732421875,37,0.42533671855926514
RGI60-19.00003,Gotley,lower,10,3,646,640,99.07120743034056,273.1719970703125,0,
RGI60-19.00004,AU1121,whole,10,3,154,114,74.02597402597402,215.88304138183594,19,0.34553386948325415
RGI60-19.00004,AU1121,lower,10,3,53,31,58.490566037735846,53.3104133605957,2,0.11380135267972946
RGI60-19.00005,Stephenson,whole,10,3,636,591,92.9245283018868,279.72308349609375,9,0.37832185200282503
RGI60-19.00005,Stephenson,lower,10,3,370,325,87.83783783783784,263.9889221191406,9,0.37832185200282503
RGI60-19.00006,Lied,whole,10,3,1055,1035,98.10426540284361,241.91102600097656,1,0.1812895628122183
RGI60-19.00006,Lied,lower,10,3,662,642,96.97885196374622,195.56997680664062,0,
RGI60-19.00007,AU1211,whole,10,3,518,461,88.996138996139,132.1854705810547,0,
RGI60-19.00007,AU1211,lower,10,3,332,275,82.83132530120481,77.18170166015625,0,
RGI60-19.00008,Winston,whole,10,3,935,886,94.75935828877006,190.21434020996094,0,
RGI60-19.00008,Winston,lower,10,3,424,392,92.45283018867924,157.89169311523438,0,
RGI60-19.00009,AU1141,whole,10,3,323,296,91.64086687306502,137.03134155273438,0,
RGI60-19.00009,AU1141,lower,10,3,167,141,84.4311377245509,92.69843292236328,0,
RGI60-19.00010,Fifty-one,whole,10,3,1530,1425,93.13725490196079,150.73135375976562,1,0.09069105982780457
RGI60-19.00010,Fifty-one,lower,10,3,888,795,89.52702702702703,117.63758087158203,0,
RGI60-19.00011,AU1191,whole,10,3,70,60,85.71428571428571,104.16841125488281,0,
RGI60-19.00011,AU1191,lower,10,3,25,20,80.0,94.2275390625,0,
RGI60-19.00012,Deacock,whole,10,3,151,135,89.40397350993378,111.63755798339844,0,
RGI60-19.00012,Deacock,lower,10,3,30,27,90.0,69.2603759765625,0,
RGI60-19.00013,Downes,whole,10,3,1079,1059,98.14643188137164,180.41342163085938,10,0.34210663182394846
RGI60-19.00013,Downes,lower,10,3,622,612,98.39228295819936,101.57038879394531,0,
RGI60-19.00014,Ealey,whole,10,3,1364,1324,97.0674486803519,186.0103759765625,0,
RGI60-19.00014,Ealey,lower,10,3,776,751,96.77835051546391,171.18408203125,0,
RGI60-19.00015,Mary Powell,whole,10,3,141,120,85.1063829787234,126.03472137451172,0,
RGI60-19.00015,Mary Powell,lower,10,3,44,25,56.81818181818182,47.6340217590332,0,
RGI60-19.00016,Vahsel-Allison,whole,10,3,1212,1123,92.65676567656766,154.453857421875,11,0.40446427890232634
RGI60-19.00016,Vahsel-Allison,lower,10,3,878,795,90.54669703872437,130.4645538330078,11,0.40446427890232634
RGI60-19.00017,Nares,whole,10,3,113,108,95.57522123893806,177.20790100097656,0,
RGI60-19.00017,Nares,lower,10,3,28,23,82.14285714285714,50.21951675415039,0,
RGI60-19.00018,Challenger,whole,10,3,527,512,97.15370018975332,243.5408935546875,0,
RGI60-19.00018,Challenger,lower,10,3,259,247,95.36679536679537,251.876953125,0,
RGI60-19.00019,AU1091,whole,10,3,24,21,87.5,62.09669876098633,0,
RGI60-19.00019,AU1091,lower,10,3,9,8,88.88888888888889,47.34069061279297,0,
RGI60-19.00020,Compton,whole,10,3,865,836,96.64739884393063,179.23577880859375,0,
RGI60-19.00020,Compton,lower,10,3,376,357,94.94680851063829,123.2396011352539,0,
RGI60-19.00022,Baudissin-Schmidt,whole,10,3,1077,1022,94.89322191272052,174.976318359375,2,0.24108240869310169
RGI60-19.00022,Baudissin-Schmidt,lower,10,3,742,695,93.66576819407008,138.10733032226562,2,0.24108240869310169
RGI60-19.00023,Brown,whole,10,3,238,180,75.63025210084034,203.12692260742188,26,0.36448141790571664
RGI60-19.00023,Brown,lower,10,3,65,32,49.23076923076923,41.14109802246094,7,0.5002150535583496
RGI60-19.00001,AU1041,whole,5,5,24,24,100.0,135.8323974609375,0,
RGI60-19.00001,AU1041,lower,5,5,8,8,100.0,88.99072265625,0,
RGI60-19.00002,Abbotsmith,whole,5,5,1519,1493,98.28834759710335,231.08201599121094,22,0.07149444423763957
RGI60-19.00002,Abbotsmith,lower,5,5,983,974,99.08443540183113,198.34339904785156,22,0.07149444423763957
RGI60-19.00003,Gotley,whole,5,5,1839,1682,91.46275149537793,304.3485412597656,9,0.1178438846881573
RGI60-19.00003,Gotley,lower,5,5,646,646,100.0,271.0349426269531,6,0.1727896922332468
RGI60-19.00004,AU1121,whole,5,5,154,106,68.83116883116882,180.8448486328125,11,0.06783081108415631
RGI60-19.00004,AU1121,lower,5,5,53,40,75.47169811320755,51.95343017578125,11,0.06783081108415631
RGI60-19.00005,Stephenson,whole,5,5,636,597,93.86792452830188,278.4173278808594,15,0.07621961321149553
RGI60-19.00005,Stephenson,lower,5,5,370,331,89.45945945945945,261.3082580566406,15,0.07621961321149553
RGI60-19.00006,Lied,whole,5,5,1055,1048,99.33649289099526,239.7957305908203,14,0.06881195825079213
RGI60-19.00006,Lied,lower,5,5,662,656,99.09365558912387,194.26211547851562,14,0.06881195825079213
RGI60-19.00007,AU1211,whole,5,5,518,502,96.91119691119691,116.62823486328125,41,0.07910377433501094
RGI60-19.00007,AU1211,lower,5,5,332,316,95.18072289156626,69.04983520507812,41,0.07910377433501094
RGI60-19.00008,Winston,whole,5,5,935,918,98.18181818181819,186.7901611328125,32,0.0618197248700896
RGI60-19.00008,Winston,lower,5,5,424,411,96.93396226415095,152.05262756347656,19,0.07754274036573328
RGI60-19.00009,AU1141,whole,5,5,323,314,97.21362229102168,128.79940795898438,18,0.06270131958743273
RGI60-19.00009,AU1141,lower,5,5,167,158,94.61077844311377,84.76315307617188,17,0.06517862465422032
RGI60-19.00010,Fifty-one,whole,5,5,1530,1498,97.90849673202614,144.47708129882812,74,0.06966900090525921
RGI60-19.00010,Fifty-one,lower,5,5,888,861,96.95945945945945,105.01460266113281,66,0.07410080851134027
RGI60-19.00011,AU1191,whole,5,5,70,68,97.14285714285714,102.45925903320312,8,0.05991986592610677
RGI60-19.00011,AU1191,lower,5,5,25,24,96.0,93.58829498291016,4,0.0782484592535557
RGI60-19.00012,Deacock,whole,5,5,151,145,96.02649006622516,111.3058853149414,10,0.07355877523836882
RGI60-19.00012,Deacock,lower,5,5,30,28,93.33333333333333,71.04835510253906,1,0.044008903336106686
RGI60-19.00013,Downes,whole,5,5,1079,1058,98.05375347544022,179.51718139648438,9,0.06534536626954741
RGI60-19.00013,Downes,lower,5,5,622,621,99.83922829581994,99.7296371459961,9,0.06534536626954741
RGI60-19.00014,Ealey,whole,5,5,1364,1351,99.04692082111437,181.8160400390625,27,0.04782610445950938
RGI60-19.00014,Ealey,lower,5,5,776,767,98.84020618556701,166.3881072998047,16,0.06242169836179806
RGI60-19.00015,Mary Powell,whole,5,5,141,136,96.45390070921985,109.93327331542969,16,0.07229980195499845
RGI60-19.00015,Mary Powell,lower,5,5,44,39,88.63636363636364,41.04875183105469,14,0.07515990734100342
RGI60-19.00016,Vahsel-Allison,whole,5,5,1212,1167,96.2871287128713,150.43206787109375,55,0.07920249462127686
RGI60-19.00016,Vahsel-Allison,lower,5,5,878,835,95.10250569476082,123.43305969238281,51,0.08020760979450925
RGI60-19.00017,Nares,whole,5,5,113,112,99.11504424778761,172.93572998046875,4,0.07004028780778121
RGI60-19.00017,Nares,lower,5,5,28,27,96.42857142857143,48.89641571044922,4,0.07004028780778121
RGI60-19.00018,Challenger,whole,5,5,527,523,99.24098671726755,240.29981994628906,11,0.15064211491938237
RGI60-19.00018,Challenger,lower,5,5,259,255,98.45559845559846,241.015625,8,0.15840342659620368
RGI60-19.00019,AU1091,whole,5,5,24,24,100.0,59.08673858642578,3,0.05520676466134878
RGI60-19.00019,AU1091,lower,5,5,9,9,100.0,50.635955810546875,1,0.039312914143437926
RGI60-19.00020,Compton,whole,5,5,865,864,99.88439306358381,175.3695526123047,28,0.06381565334347307
RGI60-19.00020,Compton,lower,5,5,376,376,100.0,119.76849365234375,19,0.06465804731691038
RGI60-19.00022,Baudissin-Schmidt,whole,5,5,1077,1056,98.05013927576601,170.16586303710938,36,0.06926065527417213
RGI60-19.00022,Baudissin-Schmidt,lower,5,5,742,724,97.57412398921834,131.5663604736328,31,0.07289333179079253
RGI60-19.00023,Brown,whole,5,5,238,184,77.3109243697479,183.27957153320312,30,0.0818943037792853
RGI60-19.00023,Brown,lower,5,5,65,46,70.76923076923077,32.13549041748047,21,0.0827030654347271
RGI60-19.00001,AU1041,whole,5,3,24,24,100.0,135.8323974609375,0,
RGI60-19.00001,AU1041,lower,5,3,8,8,100.0,88.99072265625,0,
RGI60-19.00002,Abbotsmith,whole,5,3,1519,1496,98.48584595128374,231.16908264160156,25,0.0806308279232103
RGI60-19.00002,Abbotsmith,lower,5,3,983,974,99.08443540183113,198.34339904785156,22,0.07149444423763957
RGI60-19.00003,Gotley,whole,5,3,1839,1719,93.4747145187602,300.05291748046875,46,0.38528628150622046
RGI60-19.00003,Gotley,lower,5,3,646,646,100.0,271.0349426269531,6,0.1727896922332468
RGI60-19.00004,AU1121,whole,5,3,154,126,81.81818181818181,200.88302612304688,31,0.1634344392352634
RGI60-19.00004,AU1121,lower,5,3,53,43,81.13207547169812,53.45091247558594,14,0.06909377914195272
RGI60-19.00005,Stephenson,whole,5,3,636,607,95.44025157232704,275.5472717285156,25,0.10459775550692689
RGI60-19.00005,Stephenson,lower,5,3,370,341,92.16216216216216,258.7740478515625,25,0.10459775550692689
RGI60-19.00006,Lied,whole,5,3,1055,1049,99.43127962085308,239.88330078125,15,0.06978118419647217
RGI60-19.00006,Lied,lower,5,3,662,656,99.09365558912387,194.26211547851562,14,0.06881195825079213
RGI60-19.00007,AU1211,whole,5,3,518,502,96.91119691119691,116.62823486328125,41,0.07910377433501094
RGI60-19.00007,AU1211,lower,5,3,332,316,95.18072289156626,69.04983520507812,41,0.07910377433501094
RGI60-19.00008,Winston,whole,5,3,935,918,98.18181818181819,186.7901611328125,32,0.0618197248700896
RGI60-19.00008,Winston,lower,5,3,424,411,96.93396226415095,152.05262756347656,19,0.07754274036573328
RGI60-19.00009,AU1141,whole,5,3,323,314,97.21362229102168,128.79940795898438,18,0.06270131958743273
RGI60-19.00009,AU1141,lower,5,3,167,158,94.61077844311377,84.76315307617188,17,0.06517862465422032
RGI60-19.00010,Fifty-one,whole,5,3,1530,1499,97.97385620915033,144.5034637451172,75,0.06999422374524568
RGI60-19.00010,Fifty-one,lower,5,3,888,861,96.95945945945945,105.01460266113281,66,0.07410080851134027
RGI60-19.00011,AU1191,whole,5,3,70,68,97.14285714285714,102.45925903320312,8,0.05991986592610677
RGI60-19.00011,AU1191,lower,5,3,25,24,96.0,93.58829498291016,4,0.0782484592535557
RGI60-19.00012,Deacock,whole,5,3,151,145,96.02649006622516,111.3058853149414,10,0.07355877523836882
RGI60-19.00012,Deacock,lower,5,3,30,28,93.33333333333333,71.04835510253906,1,0.044008903336106686
RGI60-19.00013,Downes,whole,5,3,1079,1068,98.9805375347544,179.51718139648438,19,0.15374513105912643
RGI60-19.00013,Downes,lower,5,3,622,621,99.83922829581994,99.7296371459961,9,0.06534536626954741
RGI60-19.00014,Ealey,whole,5,3,1364,1351,99.04692082111437,181.8160400390625,27,0.04782610445950938
RGI60-19.00014,Ealey,lower,5,3,776,767,98.84020618556701,166.3881072998047,16,0.06242169836179806
RGI60-19.00015,Mary Powell,whole,5,3,141,136,96.45390070921985,109.93327331542969,16,0.07229980195499845
RGI60-19.00015,Mary Powell,lower,5,3,44,39,88.63636363636364,41.04875183105469,14,0.07515990734100342
RGI60-19.00016,Vahsel-Allison,whole,5,3,1212,1178,97.1947194719472,150.36764526367188,66,0.08788133820731601
RGI60-19.00016,Vahsel-Allison,lower,5,3,878,846,96.35535307517084,124.23638153076172,62,0.0905557416986536
RGI60-19.00017,Nares,whole,5,3,113,112,99.11504424778761,172.93572998046875,4,0.07004028780778121
RGI60-19.00017,Nares,lower,5,3,28,27,96.42857142857143,48.89641571044922,4,0.07004028780778121
RGI60-19.00018,Challenger,whole,5,3,527,523,99.24098671726755,240.29981994628906,11,0.15064211491938237
RGI60-19.00018,Challenger,lower,5,3,259,255,98.45559845559846,241.015625,8,0.15840342659620368
RGI60-19.00019,AU1091,whole,5,3,24,24,100.0,59.08673858642578,3,0.05520676466134878
RGI60-19.00019,AU1091,lower,5,3,9,9,100.0,50.635955810546875,1,0.039312914143437926
RGI60-19.00020,Compton,whole,5,3,865,864,99.88439306358381,175.3695526123047,28,0.06381565334347307
RGI60-19.00020,Compton,lower,5,3,376,376,100.0,119.76849365234375,19,0.06465804731691038
RGI60-19.00022,Baudissin-Schmidt,whole,5,3,1077,1058,98.23584029712164,170.0011749267578,38,0.07099977417585979
RGI60-19.00022,Baudissin-Schmidt,lower,5,3,742,726,97.84366576819407,130.72427368164062,33,0.07352130983504782
RGI60-19.00023,Brown,whole,5,3,238,211,88.65546218487395,179.3914794921875,57,0.11266728873564819
RGI60-19.00023,Brown,lower,5,3,65,54,83.07692307692308,35.59405517578125,29,0.09819141475633643
RGI60-19.00001,AU1041,whole,0,5,24,24,100.0,135.8323974609375,0,
RGI60-19.00001,AU1041,lower,0,5,8,8,100.0,88.99072265625,0,
RGI60-19.00002,Abbotsmith,whole,0,5,1519,1503,98.9466754443713,230.62741088867188,32,0.06683852817978378
RGI60-19.00002,Abbotsmith,lower,0,5,983,983,100.0,196.78543090820312,31,0.0673699454655723
RGI60-19.00003,Gotley,whole,0,5,1839,1682,91.46275149537793,304.3485412597656,9,0.1178438846881573
RGI60-19.00003,Gotley,lower,0,5,646,646,100.0,271.0349426269531,6,0.1727896922332468
RGI60-19.00004,AU1121,whole,0,5,154,110,71.42857142857143,176.72711181640625,15,0.05173569255405002
RGI60-19.00004,AU1121,lower,0,5,53,44,83.01886792452831,50.46268081665039,15,0.05173569255405002
RGI60-19.00005,Stephenson,whole,0,5,636,604,94.96855345911949,276.17205810546875,22,0.08603149595714751
RGI60-19.00005,Stephenson,lower,0,5,370,338,91.35135135135135,258.07421875,22,0.08603149595714751
RGI60-19.00006,Lied,whole,0,5,1055,1054,99.90521327014218,238.14913940429688,20,0.06641560394571434
RGI60-19.00006,Lied,lower,0,5,662,662,100.0,193.66033935546875,20,0.06641560394571434
RGI60-19.00007,AU1211,whole,0,5,518,518,100.0,112.64018249511719,57,0.06736576700785074
RGI60-19.00007,AU1211,lower,0,5,332,332,100.0,67.44627380371094,57,0.06736576700785074
RGI60-19.00008,Winston,whole,0,5,935,935,100.0,185.27008056640625,49,0.06077294437973588
RGI60-19.00008,Winston,lower,0,5,424,424,100.0,148.04766845703125,32,0.06714154441627827
RGI60-19.00009,AU1141,whole,0,5,323,323,100.0,126.8799819946289,27,0.05826931088059037
RGI60-19.00009,AU1141,lower,0,5,167,167,100.0,78.77182006835938,26,0.057611689801761304
RGI60-19.00010,Fifty-one,whole,0,5,1530,1529,99.93464052287581,142.35952758789062,105,0.05798565257679333
RGI60-19.00010,Fifty-one,lower,0,5,888,888,100.0,100.00320434570312,93,0.05798565257679333
RGI60-19.00011,AU1191,whole,0,5,70,70,100.0,101.62797546386719,10,0.05613544546527627
RGI60-19.00011,AU1191,lower,0,5,25,25,100.0,93.36294555664062,5,0.06240660349527995
RGI60-19.00012,Deacock,whole,0,5,151,151,100.0,110.76301574707031,16,0.048887021508667174
RGI60-19.00012,Deacock,lower,0,5,30,30,100.0,70.32332611083984,3,0.041076121392188136
RGI60-19.00013,Downes,whole,0,5,1079,1059,98.14643188137164,179.23448181152344,10,0.06385383609075906
RGI60-19.00013,Downes,lower,0,5,622,622,100.0,99.6302490234375,10,0.06385383609075906
RGI60-19.00014,Ealey,whole,0,5,1364,1364,100.0,180.49728393554688,40,0.04735638803822867
RGI60-19.00014,Ealey,lower,0,5,776,776,100.0,164.30101013183594,25,0.048351560320172994
RGI60-19.00015,Mary Powell,whole,0,5,141,141,100.0,105.99056243896484,21,0.06776429639004244
RGI60-19.00015,Mary Powell,lower,0,5,44,44,100.0,40.50897216796875,19,0.06776429639004244
RGI60-19.00016,Vahsel-Allison,whole,0,5,1212,1191,98.26732673267327,148.80369567871094,79,0.06763624517541182
RGI60-19.00016,Vahsel-Allison,lower,0,5,878,857,97.60820045558087,121.20230865478516,73,0.0686844602043246
RGI60-19.00017,Nares,whole,0,5,113,113,100.0,172.68658447265625,5,0.06311631028669594
RGI60-19.00017,Nares,lower,0,5,28,28,100.0,48.722679138183594,5,0.06311631028669594
RGI60-19.00018,Challenger,whole,0,5,527,527,100.0,240.01031494140625,15,0.08484993424526481
RGI60-19.00018,Challenger,lower,0,5,259,259,100.0,238.45648193359375,12,0.13868022399454483
RGI60-19.00019,AU1091,whole,0,5,24,24,100.0,59.08673858642578,3,0.05520676466134878
RGI60-19.00019,AU1091,lower,0,5,9,9,100.0,50.635955810546875,1,0.039312914143437926
RGI60-19.00020,Compton,whole,0,5,865,865,100.0,175.28262329101562,29,0.06302535839569874
RGI60-19.00020,Compton,lower,0,5,376,376,100.0,119.76849365234375,19,0.06465804731691038
RGI60-19.00022,Baudissin-Schmidt,whole,0,5,1077,1074,99.72144846796657,167.74530029296875,54,0.05796975552482132
RGI60-19.00022,Baudissin-Schmidt,lower,0,5,742,740,99.73045822102426,128.49847412109375,47,0.06415697059246024
RGI60-19.00023,Brown,whole,0,5,238,190,79.83193277310924,178.5299072265625,36,0.07143797946715713
RGI60-19.00023,Brown,lower,0,5,65,52,80.0,32.24669647216797,27,0.07146022911358596
RGI60-19.00001,AU1041,whole,0,3,24,24,100.0,135.8323974609375,0,
RGI60-19.00001,AU1041,lower,0,3,8,8,100.0,88.99072265625,0,
RGI60-19.00002,Abbotsmith,whole,0,3,1519,1506,99.14417379855168,230.72117614746094,35,0.06910326709486034
RGI60-19.00002,Abbotsmith,lower,0,3,983,983,100.0,196.78543090820312,31,0.0673699454655723
RGI60-19.00003,Gotley,whole,0,3,1839,1719,93.4747145187602,300.05291748046875,46,0.38528628150622046
RGI60-19.00003,Gotley,lower,0,3,646,646,100.0,271.0349426269531,6,0.1727896922332468
RGI60-19.00004,AU1121,whole,0,3,154,131,85.06493506493507,181.9120635986328,36,0.15125589695785613
RGI60-19.00004,AU1121,lower,0,3,53,48,90.56603773584905,51.95343017578125,19,0.05173569255405002
RGI60-19.00005,Stephenson,whole,0,3,636,615,96.69811320754717,273.29925537109375,33,0.10318271062707388
RGI60-19.00005,Stephenson,lower,0,3,370,349,94.32432432432432,257.1197204589844,33,0.10318271062707388
RGI60-19.00006,Lied,whole,0,3,1055,1055,100.0,238.21328735351562,21,0.06696523346515916
RGI60-19.00006,Lied,lower,0,3,662,662,100.0,193.66033935546875,20,0.06641560394571434
RGI60-19.00007,AU1211,whole,0,3,518,518,100.0,112.64018249511719,57,0.06736576700785074
RGI60-19.00007,AU1211,lower,0,3,332,332,100.0,67.44627380371094,57,0.06736576700785074
RGI60-19.00008,Winston,whole,0,3,935,935,100.0,185.27008056640625,49,0.06077294437973588
RGI60-19.00008,Winston,lower,0,3,424,424,100.0,148.04766845703125,32,0.06714154441627827
RGI60-19.00009,AU1141,whole,0,3,323,323,100.0,126.8799819946289,27,0.05826931088059037
RGI60-19.00009,AU1141,lower,0,3,167,167,100.0,78.77182006835938,26,0.057611689801761304
RGI60-19.00010,Fifty-one,whole,0,3,1530,1530,100.0,142.41354370117188,106,0.05821699245208843
RGI60-19.00010,Fifty-one,lower,0,3,888,888,100.0,100.00320434570312,93,0.05798565257679333
RGI60-19.00011,AU1191,whole,0,3,70,70,100.0,101.62797546386719,10,0.05613544546527627
RGI60-19.00011,AU1191,lower,0,3,25,25,100.0,93.36294555664062,5,0.06240660349527995
RGI60-19.00012,Deacock,whole,0,3,151,151,100.0,110.76301574707031,16,0.048887021508667174
RGI60-19.00012,Deacock,lower,0,3,30,30,100.0,70.32332611083984,3,0.041076121392188136
RGI60-19.00013,Downes,whole,0,3,1079,1069,99.07321594068583,179.23448181152344,20,0.1442392589329006
RGI60-19.00013,Downes,lower,0,3,622,622,100.0,99.6302490234375,10,0.06385383609075906
RGI60-19.00014,Ealey,whole,0,3,1364,1364,100.0,180.49728393554688,40,0.04735638803822867
RGI60-19.00014,Ealey,lower,0,3,776,776,100.0,164.30101013183594,25,0.048351560320172994
RGI60-19.00015,Mary Powell,whole,0,3,141,141,100.0,105.99056243896484,21,0.06776429639004244
RGI60-19.00015,Mary Powell,lower,0,3,44,44,100.0,40.50897216796875,19,0.06776429639004244
RGI60-19.00016,Vahsel-Allison,whole,0,3,1212,1203,99.25742574257426,148.56985473632812,91,0.07479588190714519
RGI60-19.00016,Vahsel-Allison,lower,0,3,878,869,98.9749430523918,121.20230865478516,85,0.07575460642325778
RGI60-19.00017,Nares,whole,0,3,113,113,100.0,172.68658447265625,5,0.06311631028669594
RGI60-19.00017,Nares,lower,0,3,28,28,100.0,48.722679138183594,5,0.06311631028669594
RGI60-19.00018,Challenger,whole,0,3,527,527,100.0,240.01031494140625,15,0.08484993424526481
RGI60-19.00018,Challenger,lower,0,3,259,259,100.0,238.45648193359375,12,0.13868022399454483
RGI60-19.00019,AU1091,whole,0,3,24,24,100.0,59.08673858642578,3,0.05520676466134878
RGI60-19.00019,AU1091,lower,0,3,9,9,100.0,50.635955810546875,1,0.039312914143437926
RGI60-19.00020,Compton,whole,0,3,865,865,100.0,175.28262329101562,29,0.06302535839569874
RGI60-19.00020,Compton,lower,0,3,376,376,100.0,119.76849365234375,19,0.06465804731691038
RGI60-19.00022,Baudissin-Schmidt,whole,0,3,1077,1076,99.9071494893222,167.3646697998047,56,0.059185646791728955
RGI60-19.00022,Baudissin-Schmidt,lower,0,3,742,742,100.0,128.45138549804688,49,0.06479072170097287
RGI60-19.00023,Brown,whole,0,3,238,217,91.17647058823529,176.69235229492188,63,0.09819141475633643
RGI60-19.00023,Brown,lower,0,3,65,60,92.3076923076923,34.85344696044922,35,0.0827030654347271
