RGIId,name_1,grid_pixels,observed_pixels,retained_pixels,coverage_percent,median_speed_m_yr,pixel_speed_p25_m_yr,pixel_speed_p75_m_yr,median_retained_pairs,minimum_elevation_m,lower_third_limit_m,upper_third_limit_m,maximum_elevation_m,lower_third_speed_m_yr,lower_third_coverage_percent,lower_third_retained_pixels,middle_third_speed_m_yr,middle_third_coverage_percent,middle_third_retained_pixels,upper_third_speed_m_yr,upper_third_coverage_percent,upper_third_retained_pixels,lower_upper_speed_ratio,speed_rank,year_balanced_speed_m_yr,retained_pixels_with_all_6_years_percent,retained_pixels_with_at_least_5_years_percent,year_balanced_change_percent,status
RGI60-19.00001,AU1041,24.0,24.0,24.0,100.0,135.8323974609375,118.4175033569336,160.78909301757812,63.0,500.7508544921875,624.5258382161459,748.3008219401041,872.0758056640625,88.99072265625,100.0,8.0,137.7335968017578,100.0,10.0,173.048583984375,100.0,6.0,0.5142528219952681,17,135.7420654296875,100.0,100.0,-0.06650256708895519,analysed
RGI60-19.00002,Abbotsmith,1519.0,1519.0,1471.0,96.8400263331139,232.42343139648438,165.01666259765625,355.0195007324219,85.0,1.675360918045044,920.64506483078,1839.614768743515,2758.58447265625,201.08514404296875,96.84638860630723,952.0,326.060302734375,100.0,367.0,279.79730224609375,89.94082840236686,152.0,0.718681497029252,5,234.35260009765625,97.68864717878994,98.57239972807614,0.8300233283626834,analysed
RGI60-19.00003,Gotley,1859.0,1839.0,1673.0,90.97335508428493,305.4766845703125,192.03384399414062,465.0892333984375,96.0,0.0,917.62939453125,1835.2587890625,2752.88818359375,273.1719970703125,99.07120743034056,640.0,382.981689453125,100.0,614.0,234.99664306640625,72.36614853195164,419.0,1.1624506354889441,1,299.9288330078125,97.25044829647341,98.86431560071728,-1.8161292965136355,analysed
RGI60-19.00004,AU1121,154.0,154.0,95.0,61.688311688311686,215.645751953125,72.32817840576172,302.23553466796875,12.0,313.89190673828125,605.4854329427083,897.0789591471354,1188.6724853515625,50.59644317626953,54.716981132075475,29.0,267.384521484375,50.0,34.0,287.12957763671875,96.96969696969697,32.0,0.17621466793046664,6,216.12033081054688,42.10526315789474,67.36842105263158,0.22007336250473575,analysed
RGI60-19.00005,Stephenson,636.0,636.0,582.0,91.50943396226415,281.7494812011719,171.6700439453125,376.4766845703125,92.0,227.46719360351562,929.2805379231771,1631.0938822428386,2332.9072265625,266.5233154296875,85.4054054054054,316.0,335.83428955078125,100.0,188.0,139.06973266601562,100.0,78.0,1.9164724798152835,2,289.06866455078125,92.09621993127148,94.15807560137458,2.597762848898877,analysed
RGI60-19.00006,Lied,1055.0,1055.0,1034.0,98.00947867298578,241.5565185546875,175.25933837890625,306.03289794921875,102.0,6.891523361206055,905.4949836730957,1804.0984439849854,2702.701904296875,195.56997680664062,96.97885196374622,642.0,293.4464111328125,100.0,317.0,338.3385925292969,98.6842105263158,75.0,0.5780303551676746,4,242.66180419921875,99.70986460348162,99.80657640232108,0.45756812987061135,analysed
RGI60-19.00007,AU1211,518.0,518.0,461.0,88.996138996139,132.1854705810547,68.73136138916016,326.5853576660156,82.0,13.522889137268066,935.2117112477621,1856.900533358256,2778.58935546875,77.18170166015625,82.83132530120481,275.0,337.9637451171875,100.0,130.0,363.77960205078125,100.0,56.0,0.212166106139679,18,133.20411682128906,98.91540130151844,99.56616052060737,0.7706189157981269,analysed
RGI60-19.00008,Winston,935.0,935.0,886.0,94.75935828877006,190.21434020996094,133.007568359375,253.1542205810547,73.0,101.70922088623047,842.8140411376953,1583.9188613891602,2325.023681640625,157.89169311523438,92.45283018867924,392.0,218.97747802734375,95.87378640776699,395.0,175.686279296875,100.0,99.0,0.8987138537348651,8,194.10891723632812,98.53273137697516,99.88713318284424,2.047467621036514,analysed
RGI60-19.00009,AU1141,323.0,323.0,296.0,91.64086687306502,137.03134155273438,93.67400360107422,212.1056671142578,65.0,200.78016662597656,644.8889668782551,1088.9977671305337,1533.1065673828125,92.69843292236328,84.4311377245509,141.0,222.55557250976562,100.0,124.0,173.0,96.875,31.0,0.535829092036782,16,139.864013671875,92.56756756756756,96.95945945945945,2.067170974933874,analysed
RGI60-19.00010,Fifty-one,1530.0,1530.0,1424.0,93.0718954248366,150.6949462890625,92.80999755859375,215.4599609375,60.0,13.352853775024414,780.9904441833496,1548.6280345916748,2316.265625,117.63758087158203,89.52702702702703,795.0,166.01205444335938,97.83001808318264,541.0,167.4751739501953,98.87640449438203,88.0,0.7024180246952049,15,152.68067932128906,94.73314606741573,99.15730337078652,1.3177170708946973,analysed
RGI60-19.00011,AU1191,70.0,70.0,60.0,85.71428571428571,104.16841125488281,88.81277465820312,118.349365234375,65.5,510.4775695800781,712.4258422851562,914.3741149902344,1116.3223876953125,94.2275390625,80.0,20.0,99.53108978271484,85.71428571428571,18.0,118.59284973144531,91.66666666666667,22.0,0.7945465453935815,21,108.34676361083984,100.0,100.0,4.011151082772391,analysed
RGI60-19.00012,Deacock,151.0,151.0,135.0,89.40397350993378,111.63755798339844,85.1118392944336,146.5416259765625,29.0,347.3355407714844,613.4551391601562,879.5747375488281,1145.6943359375,69.2603759765625,90.0,27.0,125.50341796875,85.29411764705883,58.0,117.04432678222656,94.33962264150944,50.0,0.5917448361715882,20,111.33662414550781,70.37037037037037,91.85185185185185,-0.2695632574974294,analysed
RGI60-19.00013,Downes,1079.0,1079.0,1049.0,97.21964782205747,180.41342163085938,89.16357421875,267.0249938964844,78.0,0.9926039576530457,792.0364918311437,1583.0803797046344,2374.124267578125,101.57038879394531,98.39228295819936,612.0,249.12957763671875,100.0,333.0,177.86557006835938,83.87096774193549,104.0,0.571051433703041,10,180.70846557617188,98.18875119161106,99.33269780743565,0.163537691733473,analysed
RGI60-19.00014,Ealey,1364.0,1364.0,1324.0,97.0674486803519,186.0103759765625,117.58280944824219,329.279052734375,66.0,0.46056067943573,787.3353607654572,1574.2101608514786,2361.0849609375,171.18408203125,96.77835051546391,751.0,228.8525848388672,97.40259740259741,450.0,142.5938262939453,97.61904761904762,123.0,1.200501357459672,9,186.84088134765625,97.88519637462235,100.0,0.446483357035099,analysed
RGI60-19.00015,Mary Powell,141.0,141.0,120.0,85.1063829787234,126.03472137451172,67.21243286132812,188.0230712890625,43.0,139.21661376953125,450.3748372395833,761.5330607096354,1072.6912841796875,47.6340217590332,56.81818181818182,25.0,116.77949523925781,96.82539682539682,61.0,195.4022216796875,100.0,34.0,0.24377420762962015,19,129.17893981933594,95.83333333333333,100.0,2.494724001873405,analysed
RGI60-19.00016,Vahsel-Allison,1212.0,1212.0,1112.0,91.74917491749174,154.791015625,98.47859191894531,205.7303466796875,59.0,33.115211486816406,808.6878916422526,1584.2605717976887,2359.833251953125,130.38211059570312,89.29384965831436,784.0,190.86813354492188,97.75280898876404,261.0,292.3183288574219,100.0,67.0,0.4460278324158624,14,154.12530517578125,89.92805755395683,94.24460431654676,-0.43007047051846214,analysed
RGI60-19.00017,Nares,113.0,113.0,108.0,95.57522123893806,177.20790100097656,77.2299575805664,285.5025329589844,32.0,168.9998321533203,403.1922302246094,637.3846282958984,871.5770263671875,50.21951675415039,82.14285714285714,23.0,172.68658447265625,100.0,57.0,304.29522705078125,100.0,28.0,0.16503550594886485,12,190.06619262695312,73.14814814814815,91.66666666666667,7.256048716420205,analysed
RGI60-19.00018,Challenger,527.0,527.0,512.0,97.15370018975332,243.5408935546875,167.99534606933594,322.416259765625,82.5,1.00252366065979,770.7392312685648,1540.4759388764699,2310.212646484375,251.876953125,95.36679536679537,247.0,261.142578125,99.12280701754386,226.0,182.7019500732422,97.5,39.0,1.3786221385378026,3,241.56863403320312,99.21875,100.0,-0.8098268396315556,analysed
RGI60-19.00019,AU1091,24.0,24.0,21.0,87.5,62.09669876098633,50.635955810546875,74.52516174316406,52.0,181.1204376220703,246.45974731445312,311.79905700683594,377.13836669921875,47.34069061279297,88.88888888888889,8.0,87.88897705078125,66.66666666666667,4.0,73.46395874023438,100.0,9.0,0.6444070184154894,22,68.31832122802734,100.0,100.0,10.019248351652932,analysed
RGI60-19.00020,Compton,865.0,865.0,836.0,96.64739884393063,179.23577880859375,111.02363586425781,254.34423828125,72.0,0.0,788.3570149739584,1576.7140299479167,2365.071044921875,123.2396011352539,94.94680851063829,357.0,223.02096557617188,98.13333333333334,368.0,148.35430908203125,97.36842105263158,111.0,0.8307113011938846,11,170.8446807861328,96.17224880382776,99.40191387559808,-4.681597657698577,analysed
RGI60-19.00021,Jacka,,,,,,,,,,,,,,,,,,,,,,,,,,,,excluded_from_original_sampling
RGI60-19.00022,Baudissin-Schmidt,1077.0,1077.0,1020.0,94.70752089136491,175.27536010742188,96.43397521972656,271.97894287109375,52.0,13.824294090270996,772.7669773101807,1531.7096605300903,2290.65234375,138.17742919921875,93.39622641509433,693.0,249.66162109375,98.2078853046595,274.0,211.23443603515625,94.64285714285714,53.0,0.6541425337307292,13,177.09771728515625,87.3529411764706,95.19607843137256,1.0397109876810307,analysed
RGI60-19.00023,Brown,238.0,238.0,154.0,64.70588235294117,207.6824951171875,81.4312973022461,281.19158935546875,14.0,170.25677490234375,521.8055419921875,873.3543090820312,1224.903076171875,39.57326126098633,38.46153846153846,25.0,235.0517578125,66.66666666666667,86.0,224.66197204589844,97.72727272727273,43.0,0.17614579316922185,7,217.21957397460938,52.5974025974026,76.62337662337663,4.592143816473526,analysed
