RGIId,name_1,elevation_band,grid_pixels,observed_pixels,retained_pixels,coverage_percent,median_speed_m_yr,pixel_speed_p25_m_yr,pixel_speed_p75_m_yr,median_retained_pairs,minimum_elevation_m,lower_third_limit_m,upper_third_limit_m,maximum_elevation_m
RGI60-19.00001,AU1041,lower,8,8,8,100.0,88.99072265625,80.99320983886719,111.22860717773438,70.5,500.7508544921875,624.5258382161459,748.3008219401041,872.0758056640625
RGI60-19.00001,AU1041,middle,10,10,10,100.0,137.7335968017578,132.20870971679688,148.89071655273438,63.0,500.7508544921875,624.5258382161459,748.3008219401041,872.0758056640625
RGI60-19.00001,AU1041,upper,6,6,6,100.0,173.048583984375,162.1373291015625,181.26535034179688,49.0,500.7508544921875,624.5258382161459,748.3008219401041,872.0758056640625
RGI60-19.00002,Abbotsmith,lower,983,983,952,96.84638860630723,201.08514404296875,137.38160705566406,270.2138671875,77.0,1.675360918045044,920.64506483078,1839.614768743515,2758.58447265625
RGI60-19.00002,Abbotsmith,middle,367,367,367,100.0,326.060302734375,234.41665649414062,493.601318359375,118.0,1.675360918045044,920.64506483078,1839.614768743515,2758.58447265625
RGI60-19.00002,Abbotsmith,upper,169,169,152,89.94082840236686,279.79730224609375,218.25779724121094,564.1324462890625,67.5,1.675360918045044,920.64506483078,1839.614768743515,2758.58447265625
RGI60-19.00003,Gotley,lower,646,646,640,99.07120743034056,273.1719970703125,170.76512145996094,463.5830993652344,100.0,0.0,917.62939453125,1835.2587890625,2752.88818359375
RGI60-19.00003,Gotley,middle,614,614,614,100.0,382.981689453125,277.19610595703125,526.9336547851562,114.0,0.0,917.62939453125,1835.2587890625,2752.88818359375
RGI60-19.00003,Gotley,upper,599,579,419,72.36614853195164,234.99664306640625,165.62368774414062,340.7355041503906,55.0,0.0,917.62939453125,1835.2587890625,2752.88818359375
RGI60-19.00004,AU1121,lower,53,53,29,54.716981132075475,50.59644317626953,40.47716522216797,62.3939094543457,24.0,313.89190673828125,605.4854329427083,897.0789591471354,1188.6724853515625
RGI60-19.00004,AU1121,middle,68,68,34,50.0,267.384521484375,189.25311279296875,332.6438903808594,7.0,313.89190673828125,605.4854329427083,897.0789591471354,1188.6724853515625
RGI60-19.00004,AU1121,upper,33,33,32,96.96969696969697,287.12957763671875,213.9609832763672,338.5609436035156,20.0,313.89190673828125,605.4854329427083,897.0789591471354,1188.6724853515625
RGI60-19.00005,Stephenson,lower,370,370,316,85.4054054054054,266.5233154296875,172.1068572998047,384.9465026855469,76.0,227.46719360351562,929.2805379231771,1631.0938822428386,2332.9072265625
RGI60-19.00005,Stephenson,middle,188,188,188,100.0,335.83428955078125,282.7552185058594,387.34783935546875,139.0,227.46719360351562,929.2805379231771,1631.0938822428386,2332.9072265625
RGI60-19.00005,Stephenson,upper,78,78,78,100.0,139.06973266601562,117.86894989013672,184.17337036132812,72.0,227.46719360351562,929.2805379231771,1631.0938822428386,2332.9072265625
RGI60-19.00006,Lied,lower,662,662,642,96.97885196374622,195.56997680664062,145.89633178710938,251.54994201660156,116.0,6.891523361206055,905.4949836730957,1804.0984439849854,2702.701904296875
RGI60-19.00006,Lied,middle,317,317,317,100.0,293.4464111328125,253.05209350585938,341.67236328125,88.0,6.891523361206055,905.4949836730957,1804.0984439849854,2702.701904296875
RGI60-19.00006,Lied,upper,76,76,75,98.6842105263158,338.3385925292969,296.92327880859375,398.74072265625,63.0,6.891523361206055,905.4949836730957,1804.0984439849854,2702.701904296875
RGI60-19.00007,AU1211,lower,332,332,275,82.83132530120481,77.18170166015625,54.05276870727539,115.66062927246094,81.0,13.522889137268066,935.2117112477621,1856.900533358256,2778.58935546875
RGI60-19.00007,AU1211,middle,130,130,130,100.0,337.9637451171875,295.244140625,371.5567932128906,102.0,13.522889137268066,935.2117112477621,1856.900533358256,2778.58935546875
RGI60-19.00007,AU1211,upper,56,56,56,100.0,363.77960205078125,277.0455017089844,450.8914489746094,66.5,13.522889137268066,935.2117112477621,1856.900533358256,2778.58935546875
RGI60-19.00008,Winston,lower,424,424,392,92.45283018867924,157.89169311523438,97.35367584228516,248.52362060546875,66.0,101.70922088623047,842.8140411376953,1583.9188613891602,2325.023681640625
RGI60-19.00008,Winston,middle,412,412,395,95.87378640776699,218.97747802734375,169.01812744140625,264.9191589355469,76.0,101.70922088623047,842.8140411376953,1583.9188613891602,2325.023681640625
RGI60-19.00008,Winston,upper,99,99,99,100.0,175.686279296875,150.5738983154297,205.1192626953125,98.0,101.70922088623047,842.8140411376953,1583.9188613891602,2325.023681640625
RGI60-19.00009,AU1141,lower,167,167,141,84.4311377245509,92.69843292236328,58.18075180053711,112.08924865722656,54.0,200.78016662597656,644.8889668782551,1088.9977671305337,1533.1065673828125
RGI60-19.00009,AU1141,middle,124,124,124,100.0,222.55557250976562,183.4229736328125,273.99658203125,69.0,200.78016662597656,644.8889668782551,1088.9977671305337,1533.1065673828125
RGI60-19.00009,AU1141,upper,32,32,31,96.875,173.0,145.22637939453125,203.28277587890625,86.0,200.78016662597656,644.8889668782551,1088.9977671305337,1533.1065673828125
RGI60-19.00010,Fifty-one,lower,888,888,795,89.52702702702703,117.63758087158203,75.17313385009766,223.9799041748047,63.0,13.352853775024414,780.9904441833496,1548.6280345916748,2316.265625
RGI60-19.00010,Fifty-one,middle,553,553,541,97.83001808318264,166.01205444335938,130.30470275878906,208.2806396484375,55.0,13.352853775024414,780.9904441833496,1548.6280345916748,2316.265625
RGI60-19.00010,Fifty-one,upper,89,89,88,98.87640449438203,167.4751739501953,140.87506103515625,210.99252319335938,71.0,13.352853775024414,780.9904441833496,1548.6280345916748,2316.265625
RGI60-19.00011,AU1191,lower,25,25,20,80.0,94.2275390625,87.65890502929688,107.945068359375,65.0,510.4775695800781,712.4258422851562,914.3741149902344,1116.3223876953125
RGI60-19.00011,AU1191,middle,21,21,18,85.71428571428571,99.53108978271484,87.68309020996094,108.59121704101562,62.5,510.4775695800781,712.4258422851562,914.3741149902344,1116.3223876953125
RGI60-19.00011,AU1191,upper,24,24,22,91.66666666666667,118.59284973144531,104.36536407470703,126.91808319091797,69.5,510.4775695800781,712.4258422851562,914.3741149902344,1116.3223876953125
RGI60-19.00012,Deacock,lower,30,30,27,90.0,69.2603759765625,64.82301330566406,88.99027252197266,63.0,347.3355407714844,613.4551391601562,879.5747375488281,1145.6943359375
RGI60-19.00012,Deacock,middle,68,68,58,85.29411764705883,125.50341796875,89.876708984375,168.70852661132812,21.0,347.3355407714844,613.4551391601562,879.5747375488281,1145.6943359375
RGI60-19.00012,Deacock,upper,53,53,50,94.33962264150944,117.04432678222656,103.01727294921875,144.646484375,23.5,347.3355407714844,613.4551391601562,879.5747375488281,1145.6943359375
RGI60-19.00013,Downes,lower,622,622,612,98.39228295819936,101.57038879394531,73.375732421875,242.67691040039062,73.0,0.9926039576530457,792.0364918311437,1583.0803797046344,2374.124267578125
RGI60-19.00013,Downes,middle,333,333,333,100.0,249.12957763671875,204.30099487304688,295.4471130371094,90.0,0.9926039576530457,792.0364918311437,1583.0803797046344,2374.124267578125
RGI60-19.00013,Downes,upper,124,124,104,83.87096774193549,177.86557006835938,142.3275604248047,204.03643798828125,65.5,0.9926039576530457,792.0364918311437,1583.0803797046344,2374.124267578125
RGI60-19.00014,Ealey,lower,776,776,751,96.77835051546391,171.18408203125,109.1008529663086,332.1588134765625,60.0,0.46056067943573,787.3353607654572,1574.2101608514786,2361.0849609375
RGI60-19.00014,Ealey,middle,462,462,450,97.40259740259741,228.8525848388672,141.0486602783203,361.2748107910156,69.0,0.46056067943573,787.3353607654572,1574.2101608514786,2361.0849609375
RGI60-19.00014,Ealey,upper,126,126,123,97.61904761904762,142.5938262939453,119.74378967285156,215.13705444335938,67.0,0.46056067943573,787.3353607654572,1574.2101608514786,2361.0849609375
RGI60-19.00015,Mary Powell,lower,44,44,25,56.81818181818182,47.6340217590332,40.968658447265625,56.29387283325195,56.0,139.21661376953125,450.3748372395833,761.5330607096354,1072.6912841796875
RGI60-19.00015,Mary Powell,middle,63,63,61,96.82539682539682,116.77949523925781,88.77446746826172,173.34747314453125,41.0,139.21661376953125,450.3748372395833,761.5330607096354,1072.6912841796875
RGI60-19.00015,Mary Powell,upper,34,34,34,100.0,195.4022216796875,173.2227783203125,207.83177185058594,43.0,139.21661376953125,450.3748372395833,761.5330607096354,1072.6912841796875
RGI60-19.00016,Vahsel-Allison,lower,878,878,784,89.29384965831436,130.38211059570312,78.0015869140625,181.15380859375,53.0,33.115211486816406,808.6878916422526,1584.2605717976887,2359.833251953125
RGI60-19.00016,Vahsel-Allison,middle,267,267,261,97.75280898876404,190.86813354492188,158.6852264404297,220.10906982421875,69.0,33.115211486816406,808.6878916422526,1584.2605717976887,2359.833251953125
RGI60-19.00016,Vahsel-Allison,upper,67,67,67,100.0,292.3183288574219,211.72958374023438,394.24407958984375,78.0,33.115211486816406,808.6878916422526,1584.2605717976887,2359.833251953125
RGI60-19.00017,Nares,lower,28,28,23,82.14285714285714,50.21951675415039,45.384315490722656,70.84466552734375,64.0,168.9998321533203,403.1922302246094,637.3846282958984,871.5770263671875
RGI60-19.00017,Nares,middle,57,57,57,100.0,172.68658447265625,116.2497329711914,210.92416381835938,25.0,168.9998321533203,403.1922302246094,637.3846282958984,871.5770263671875
RGI60-19.00017,Nares,upper,28,28,28,100.0,304.29522705078125,287.0797119140625,328.2134094238281,30.5,168.9998321533203,403.1922302246094,637.3846282958984,871.5770263671875
RGI60-19.00018,Challenger,lower,259,259,247,95.36679536679537,251.876953125,107.31237030029297,359.7217102050781,101.0,1.00252366065979,770.7392312685648,1540.4759388764699,2310.212646484375
RGI60-19.00018,Challenger,middle,228,228,226,99.12280701754386,261.142578125,211.37954711914062,309.7168273925781,77.0,1.00252366065979,770.7392312685648,1540.4759388764699,2310.212646484375
RGI60-19.00018,Challenger,upper,40,40,39,97.5,182.7019500732422,151.68655395507812,200.07191467285156,64.0,1.00252366065979,770.7392312685648,1540.4759388764699,2310.212646484375
RGI60-19.00019,AU1091,lower,9,9,8,88.88888888888889,47.34069061279297,41.880313873291016,54.734130859375,55.5,181.1204376220703,246.45974731445312,311.79905700683594,377.13836669921875
RGI60-19.00019,AU1091,middle,6,6,4,66.66666666666667,87.88897705078125,68.52078247070312,108.5879135131836,48.0,181.1204376220703,246.45974731445312,311.79905700683594,377.13836669921875
RGI60-19.00019,AU1091,upper,9,9,9,100.0,73.46395874023438,62.09669876098633,100.86732482910156,49.0,181.1204376220703,246.45974731445312,311.79905700683594,377.13836669921875
RGI60-19.00020,Compton,lower,376,376,357,94.94680851063829,123.2396011352539,94.39445495605469,221.84115600585938,49.0,0.0,788.3570149739584,1576.7140299479167,2365.071044921875
RGI60-19.00020,Compton,middle,375,375,368,98.13333333333334,223.02096557617188,154.9049530029297,286.4837951660156,107.0,0.0,788.3570149739584,1576.7140299479167,2365.071044921875
RGI60-19.00020,Compton,upper,114,114,111,97.36842105263158,148.35430908203125,124.52906799316406,188.70977783203125,88.0,0.0,788.3570149739584,1576.7140299479167,2365.071044921875
RGI60-19.00022,Baudissin-Schmidt,lower,742,742,693,93.39622641509433,138.17742919921875,73.95884704589844,235.05319213867188,44.0,13.824294090270996,772.7669773101807,1531.7096605300903,2290.65234375
RGI60-19.00022,Baudissin-Schmidt,middle,279,279,274,98.2078853046595,249.66162109375,175.419921875,307.4942932128906,64.0,13.824294090270996,772.7669773101807,1531.7096605300903,2290.65234375
RGI60-19.00022,Baudissin-Schmidt,upper,56,56,53,94.64285714285714,211.23443603515625,176.97740173339844,251.33929443359375,68.0,13.824294090270996,772.7669773101807,1531.7096605300903,2290.65234375
RGI60-19.00023,Brown,lower,65,65,25,38.46153846153846,39.57326126098633,30.5941162109375,46.994476318359375,37.0,170.25677490234375,521.8055419921875,873.3543090820312,1224.903076171875
RGI60-19.00023,Brown,middle,129,129,86,66.66666666666667,235.0517578125,149.27130126953125,351.69097900390625,10.0,170.25677490234375,521.8055419921875,873.3543090820312,1224.903076171875
RGI60-19.00023,Brown,upper,44,44,43,97.72727272727273,224.66197204589844,191.87156677246094,288.062255859375,23.0,170.25677490234375,521.8055419921875,873.3543090820312,1224.903076171875
