RGIId,name_1,elevation_band,month,median_pair_speed_m_yr,valid_image_pairs,median_valid_pixels
RGI60-19.00005,Stephenson,lower,2016-08-01,364.14313,2,141.5
RGI60-19.00005,Stephenson,lower,2016-09-01,340.27048,3,109.0
RGI60-19.00005,Stephenson,lower,2016-10-01,401.1527,3,131.0
RGI60-19.00005,Stephenson,lower,2016-11-01,302.68927,2,130.0
RGI60-19.00005,Stephenson,lower,2016-12-01,417.36914,3,117.0
RGI60-19.00005,Stephenson,lower,2017-01-01,421.63385,2,98.0
RGI60-19.00005,Stephenson,lower,2017-03-01,266.2365,2,153.0
RGI60-19.00005,Stephenson,lower,2017-04-01,314.36304,3,135.0
RGI60-19.00005,Stephenson,lower,2017-05-01,332.61926,2,159.0
RGI60-19.00005,Stephenson,lower,2017-06-01,340.40125,3,127.0
RGI60-19.00005,Stephenson,lower,2017-07-01,314.0172,2,115.0
RGI60-19.00005,Stephenson,lower,2017-08-01,472.12076,3,120.0
RGI60-19.00005,Stephenson,lower,2017-09-01,291.05878,2,116.0
RGI60-19.00005,Stephenson,lower,2017-10-01,410.12213,3,135.0
RGI60-19.00005,Stephenson,lower,2017-11-01,319.15625,2,81.5
RGI60-19.00005,Stephenson,lower,2017-12-01,466.8201,3,99.0
RGI60-19.00005,Stephenson,lower,2018-01-01,374.5787,3,149.0
RGI60-19.00005,Stephenson,lower,2018-02-01,294.6161,2,154.0
RGI60-19.00005,Stephenson,lower,2018-03-01,246.16255,3,195.0
RGI60-19.00005,Stephenson,lower,2018-04-01,250.84729,1,118.0
RGI60-19.00005,Stephenson,lower,2018-05-01,286.8755,2,163.5
RGI60-19.00005,Stephenson,lower,2018-06-01,264.8641,1,97.0
RGI60-19.00005,Stephenson,lower,2018-07-01,368.07004,2,128.5
RGI60-19.00005,Stephenson,lower,2018-08-01,375.11877,2,103.5
RGI60-19.00005,Stephenson,lower,2018-09-01,377.3894,3,151.0
RGI60-19.00005,Stephenson,lower,2018-10-01,383.31207,2,149.0
RGI60-19.00005,Stephenson,lower,2018-11-01,401.95953,3,141.0
RGI60-19.00005,Stephenson,lower,2018-12-01,264.1819,2,99.0
RGI60-19.00005,Stephenson,lower,2019-01-01,304.9459,3,142.0
RGI60-19.00005,Stephenson,lower,2019-02-01,267.4842,2,115.5
RGI60-19.00005,Stephenson,lower,2019-03-01,265.06226,3,145.0
RGI60-19.00005,Stephenson,lower,2019-04-01,249.19553,2,141.5
RGI60-19.00005,Stephenson,lower,2019-05-01,282.39157,3,180.0
RGI60-19.00005,Stephenson,lower,2019-06-01,305.13113,3,153.0
RGI60-19.00005,Stephenson,lower,2019-07-01,295.8228,2,94.0
RGI60-19.00005,Stephenson,lower,2019-08-01,323.01904,3,97.0
RGI60-19.00005,Stephenson,lower,2019-09-01,385.1502,2,104.5
RGI60-19.00005,Stephenson,lower,2019-10-01,370.90186,2,110.0
RGI60-19.00005,Stephenson,lower,2019-11-01,335.3269,2,91.5
RGI60-19.00005,Stephenson,lower,2019-12-01,375.352,3,87.0
RGI60-19.00005,Stephenson,lower,2020-01-01,509.63492,2,84.5
RGI60-19.00005,Stephenson,lower,2020-02-01,450.14777,3,83.0
RGI60-19.00005,Stephenson,lower,2020-03-01,428.86685,2,111.0
RGI60-19.00005,Stephenson,lower,2020-04-01,341.59186,3,103.0
RGI60-19.00005,Stephenson,lower,2020-05-01,268.16412,3,158.0
RGI60-19.00005,Stephenson,lower,2020-06-01,345.95917,2,180.0
RGI60-19.00005,Stephenson,lower,2020-07-01,324.5597,1,136.0
RGI60-19.00005,Stephenson,lower,2020-08-01,391.69635,2,130.5
RGI60-19.00005,Stephenson,lower,2020-09-01,439.48264,3,126.0
RGI60-19.00005,Stephenson,lower,2020-10-01,406.70343,2,120.0
RGI60-19.00005,Stephenson,lower,2020-11-01,283.15543,3,85.0
RGI60-19.00005,Stephenson,lower,2020-12-01,306.90863,2,127.5
RGI60-19.00005,Stephenson,lower,2021-01-01,330.85648,3,120.0
RGI60-19.00005,Stephenson,lower,2021-02-01,406.58026,2,146.5
RGI60-19.00005,Stephenson,lower,2021-03-01,379.52728,3,129.0
RGI60-19.00005,Stephenson,lower,2021-04-01,375.99115,2,156.0
RGI60-19.00005,Stephenson,lower,2021-05-01,370.7425,3,123.0
RGI60-19.00005,Stephenson,lower,2021-06-01,357.799,2,120.0
RGI60-19.00005,Stephenson,lower,2021-07-01,408.07474,3,125.0
RGI60-19.00005,Stephenson,lower,2021-08-01,387.07236,3,137.0
RGI60-19.00005,Stephenson,lower,2021-09-01,454.58908,2,115.5
RGI60-19.00005,Stephenson,lower,2021-10-01,533.7444,3,119.0
RGI60-19.00005,Stephenson,lower,2021-12-01,189.15602,3,47.0
RGI60-19.00005,Stephenson,lower,2022-01-01,321.84338,2,156.0
RGI60-19.00005,Stephenson,lower,2022-02-01,364.66013,3,141.0
RGI60-19.00005,Stephenson,lower,2022-03-01,405.09662,2,112.0
RGI60-19.00005,Stephenson,lower,2022-04-01,299.81662,3,159.0
RGI60-19.00005,Stephenson,lower,2022-05-01,291.11157,3,183.0
RGI60-19.00005,Stephenson,lower,2022-06-01,309.45816,5,196.0
RGI60-19.00005,Stephenson,lower,2022-07-01,379.00528,5,175.0
RGI60-19.00005,Stephenson,lower,2022-08-01,410.36713,6,148.5
RGI60-19.00005,Stephenson,lower,2022-09-01,377.98544,5,157.0
RGI60-19.00005,Stephenson,lower,2022-10-01,477.69244,4,174.5
RGI60-19.00005,Stephenson,lower,2022-11-01,429.84576,4,186.5
RGI60-19.00005,Stephenson,lower,2022-12-01,329.53394,4,189.5
RGI60-19.00005,Stephenson,middle,2016-08-01,394.63953,2,116.0
RGI60-19.00005,Stephenson,middle,2016-09-01,393.72742,3,126.0
RGI60-19.00005,Stephenson,middle,2016-10-01,376.66418,3,110.0
RGI60-19.00005,Stephenson,middle,2016-11-01,300.74957,2,94.0
RGI60-19.00005,Stephenson,middle,2016-12-01,461.05396,3,117.0
RGI60-19.00005,Stephenson,middle,2017-01-01,388.0523,2,124.5
RGI60-19.00005,Stephenson,middle,2017-03-01,327.82443,2,110.0
RGI60-19.00005,Stephenson,middle,2017-04-01,368.76483,3,116.0
RGI60-19.00005,Stephenson,middle,2017-05-01,360.68823,2,125.0
RGI60-19.00005,Stephenson,middle,2017-06-01,407.28,3,129.0
RGI60-19.00005,Stephenson,middle,2017-07-01,376.1434,2,140.0
RGI60-19.00005,Stephenson,middle,2017-08-01,420.07736,3,135.0
RGI60-19.00005,Stephenson,middle,2017-09-01,411.06735,2,124.0
RGI60-19.00005,Stephenson,middle,2017-10-01,389.1041,3,133.0
RGI60-19.00005,Stephenson,middle,2017-11-01,378.13644,2,124.5
RGI60-19.00005,Stephenson,middle,2017-12-01,363.98758,3,146.0
RGI60-19.00005,Stephenson,middle,2018-01-01,365.04785,3,146.0
RGI60-19.00005,Stephenson,middle,2018-02-01,366.94476,2,115.5
RGI60-19.00005,Stephenson,middle,2018-03-01,246.89774,3,144.0
RGI60-19.00005,Stephenson,middle,2018-04-01,251.70804,1,148.0
RGI60-19.00005,Stephenson,middle,2018-05-01,307.8943,2,141.0
RGI60-19.00005,Stephenson,middle,2018-06-01,259.193,1,51.0
RGI60-19.00005,Stephenson,middle,2018-07-01,315.2706,2,130.0
RGI60-19.00005,Stephenson,middle,2018-08-01,412.25623,2,105.0
RGI60-19.00005,Stephenson,middle,2018-09-01,381.55997,3,138.0
RGI60-19.00005,Stephenson,middle,2018-10-01,397.1435,2,133.0
RGI60-19.00005,Stephenson,middle,2018-11-01,363.7237,3,114.0
RGI60-19.00005,Stephenson,middle,2018-12-01,334.1392,2,70.5
RGI60-19.00005,Stephenson,middle,2019-01-01,362.7699,3,134.0
RGI60-19.00005,Stephenson,middle,2019-02-01,331.3355,2,131.5
RGI60-19.00005,Stephenson,middle,2019-03-01,287.91785,3,117.0
RGI60-19.00005,Stephenson,middle,2019-04-01,322.27277,2,135.0
RGI60-19.00005,Stephenson,middle,2019-05-01,344.44882,3,121.0
RGI60-19.00005,Stephenson,middle,2019-06-01,373.4836,3,121.0
RGI60-19.00005,Stephenson,middle,2019-07-01,361.56793,2,80.5
RGI60-19.00005,Stephenson,middle,2019-08-01,438.61237,3,125.0
RGI60-19.00005,Stephenson,middle,2019-09-01,361.07037,2,139.0
RGI60-19.00005,Stephenson,middle,2019-10-01,339.833,2,118.5
RGI60-19.00005,Stephenson,middle,2019-11-01,372.53287,2,110.0
RGI60-19.00005,Stephenson,middle,2019-12-01,405.9623,3,96.0
RGI60-19.00005,Stephenson,middle,2020-01-01,418.6392,2,121.5
RGI60-19.00005,Stephenson,middle,2020-02-01,394.65555,3,119.0
RGI60-19.00005,Stephenson,middle,2020-03-01,335.50876,2,120.5
RGI60-19.00005,Stephenson,middle,2020-04-01,316.2395,3,123.0
RGI60-19.00005,Stephenson,middle,2020-05-01,290.33908,3,131.0
RGI60-19.00005,Stephenson,middle,2020-06-01,336.14465,2,139.0
RGI60-19.00005,Stephenson,middle,2020-07-01,392.86768,1,149.0
RGI60-19.00005,Stephenson,middle,2020-08-01,350.52356,2,139.0
RGI60-19.00005,Stephenson,middle,2020-09-01,363.60007,3,121.0
RGI60-19.00005,Stephenson,middle,2020-10-01,371.05878,2,113.0
RGI60-19.00005,Stephenson,middle,2020-11-01,341.83496,3,96.0
RGI60-19.00005,Stephenson,middle,2020-12-01,392.49335,2,138.0
RGI60-19.00005,Stephenson,middle,2021-01-01,380.0013,3,127.0
RGI60-19.00005,Stephenson,middle,2021-02-01,360.44275,2,130.5
RGI60-19.00005,Stephenson,middle,2021-03-01,339.63803,3,109.0
RGI60-19.00005,Stephenson,middle,2021-04-01,371.9296,2,140.5
RGI60-19.00005,Stephenson,middle,2021-05-01,335.2893,3,122.0
RGI60-19.00005,Stephenson,middle,2021-06-01,366.58783,2,100.0
RGI60-19.00005,Stephenson,middle,2021-07-01,375.2932,3,135.0
RGI60-19.00005,Stephenson,middle,2021-08-01,399.71115,3,120.0
RGI60-19.00005,Stephenson,middle,2021-09-01,361.8781,2,129.0
RGI60-19.00005,Stephenson,middle,2021-10-01,354.4256,3,116.0
RGI60-19.00005,Stephenson,middle,2021-12-01,376.65326,3,112.0
RGI60-19.00005,Stephenson,middle,2022-01-01,386.77087,2,150.5
RGI60-19.00005,Stephenson,middle,2022-02-01,345.09906,3,158.0
RGI60-19.00005,Stephenson,middle,2022-03-01,355.08112,2,158.0
RGI60-19.00005,Stephenson,middle,2022-04-01,323.6325,3,154.0
RGI60-19.00005,Stephenson,middle,2022-05-01,303.033,3,148.0
RGI60-19.00005,Stephenson,middle,2022-06-01,335.9109,5,145.0
RGI60-19.00005,Stephenson,middle,2022-07-01,365.0,5,144.0
RGI60-19.00005,Stephenson,middle,2022-08-01,377.32526,6,137.5
RGI60-19.00005,Stephenson,middle,2022-09-01,390.00897,5,120.0
RGI60-19.00005,Stephenson,middle,2022-10-01,377.96786,4,139.0
RGI60-19.00005,Stephenson,middle,2022-11-01,403.4455,4,149.0
RGI60-19.00005,Stephenson,middle,2022-12-01,390.9921,4,139.5
RGI60-19.00005,Stephenson,upper,2016-08-01,168.52838,2,33.5
RGI60-19.00005,Stephenson,upper,2016-09-01,142.41138,3,15.0
RGI60-19.00005,Stephenson,upper,2016-10-01,165.5072,3,26.0
RGI60-19.00005,Stephenson,upper,2016-11-01,80.08834,2,22.0
RGI60-19.00005,Stephenson,upper,2016-12-01,143.93262,3,38.0
RGI60-19.00005,Stephenson,upper,2017-01-01,166.76102,2,24.0
RGI60-19.00005,Stephenson,upper,2017-03-01,170.54007,2,35.5
RGI60-19.00005,Stephenson,upper,2017-04-01,184.49106,3,26.0
RGI60-19.00005,Stephenson,upper,2017-05-01,179.19397,2,19.5
RGI60-19.00005,Stephenson,upper,2017-06-01,141.9784,3,25.0
RGI60-19.00005,Stephenson,upper,2017-07-01,183.5865,2,32.5
RGI60-19.00005,Stephenson,upper,2017-08-01,176.40012,3,25.0
RGI60-19.00005,Stephenson,upper,2017-09-01,182.14606,2,29.0
RGI60-19.00005,Stephenson,upper,2017-10-01,191.48444,3,31.0
RGI60-19.00005,Stephenson,upper,2017-11-01,131.71904,2,29.0
RGI60-19.00005,Stephenson,upper,2017-12-01,171.23083,3,27.0
RGI60-19.00005,Stephenson,upper,2018-01-01,152.61061,3,35.0
RGI60-19.00005,Stephenson,upper,2018-02-01,162.11517,2,53.5
RGI60-19.00005,Stephenson,upper,2018-03-01,148.00226,3,38.0
RGI60-19.00005,Stephenson,upper,2018-04-01,183.37598,1,32.0
RGI60-19.00005,Stephenson,upper,2018-05-01,163.9094,2,23.0
RGI60-19.00005,Stephenson,upper,2018-06-01,132.37192,1,20.0
RGI60-19.00005,Stephenson,upper,2018-07-01,166.99063,2,29.0
RGI60-19.00005,Stephenson,upper,2018-08-01,161.03183,2,27.0
RGI60-19.00005,Stephenson,upper,2018-09-01,140.42792,3,16.0
RGI60-19.00005,Stephenson,upper,2018-10-01,121.462906,2,25.5
RGI60-19.00005,Stephenson,upper,2018-11-01,137.99832,3,24.0
RGI60-19.00005,Stephenson,upper,2018-12-01,135.75679,2,17.0
RGI60-19.00005,Stephenson,upper,2019-01-01,143.14005,3,36.0
RGI60-19.00005,Stephenson,upper,2019-02-01,149.66284,2,27.5
RGI60-19.00005,Stephenson,upper,2019-03-01,179.39722,3,40.0
RGI60-19.00005,Stephenson,upper,2019-04-01,187.28612,2,28.0
RGI60-19.00005,Stephenson,upper,2019-05-01,193.20456,3,29.0
RGI60-19.00005,Stephenson,upper,2019-06-01,198.16495,3,29.0
RGI60-19.00005,Stephenson,upper,2019-07-01,135.02083,2,29.5
RGI60-19.00005,Stephenson,upper,2019-08-01,162.78206,3,20.0
RGI60-19.00005,Stephenson,upper,2019-09-01,119.73433,2,30.5
RGI60-19.00005,Stephenson,upper,2019-10-01,160.3703,2,36.0
RGI60-19.00005,Stephenson,upper,2019-11-01,110.72587,2,25.0
RGI60-19.00005,Stephenson,upper,2019-12-01,200.26233,3,17.0
RGI60-19.00005,Stephenson,upper,2020-01-01,163.40616,2,34.0
RGI60-19.00005,Stephenson,upper,2020-02-01,172.67444,3,33.0
RGI60-19.00005,Stephenson,upper,2020-03-01,185.00562,2,35.5
RGI60-19.00005,Stephenson,upper,2020-04-01,133.89922,3,33.0
RGI60-19.00005,Stephenson,upper,2020-05-01,152.42923,3,40.0
RGI60-19.00005,Stephenson,upper,2020-06-01,146.12462,2,29.5
RGI60-19.00005,Stephenson,upper,2020-07-01,127.23111,1,16.0
RGI60-19.00005,Stephenson,upper,2020-08-01,127.4761,2,36.0
RGI60-19.00005,Stephenson,upper,2020-09-01,116.1034,3,26.0
RGI60-19.00005,Stephenson,upper,2020-10-01,102.05339,2,17.0
RGI60-19.00005,Stephenson,upper,2020-11-01,93.49185,3,30.0
RGI60-19.00005,Stephenson,upper,2020-12-01,129.00053,2,34.5
RGI60-19.00005,Stephenson,upper,2021-01-01,131.60547,3,44.0
RGI60-19.00005,Stephenson,upper,2021-02-01,140.47325,2,26.5
RGI60-19.00005,Stephenson,upper,2021-03-01,121.016525,3,27.0
RGI60-19.00005,Stephenson,upper,2021-04-01,142.3464,2,18.0
RGI60-19.00005,Stephenson,upper,2021-05-01,157.9177,3,29.0
RGI60-19.00005,Stephenson,upper,2021-06-01,159.61874,2,25.0
RGI60-19.00005,Stephenson,upper,2021-07-01,244.34607,3,39.0
RGI60-19.00005,Stephenson,upper,2021-08-01,153.1176,3,31.0
RGI60-19.00005,Stephenson,upper,2021-09-01,148.99216,2,19.0
RGI60-19.00005,Stephenson,upper,2021-10-01,162.07317,3,26.0
RGI60-19.00005,Stephenson,upper,2021-12-01,134.90277,3,20.0
RGI60-19.00005,Stephenson,upper,2022-01-01,148.2561,2,33.0
RGI60-19.00005,Stephenson,upper,2022-02-01,176.04285,3,26.0
RGI60-19.00005,Stephenson,upper,2022-03-01,173.24596,2,32.5
RGI60-19.00005,Stephenson,upper,2022-04-01,175.4537,3,31.0
RGI60-19.00005,Stephenson,upper,2022-05-01,138.17743,3,27.0
RGI60-19.00005,Stephenson,upper,2022-06-01,172.82747,5,28.0
RGI60-19.00005,Stephenson,upper,2022-07-01,172.29045,5,24.0
RGI60-19.00005,Stephenson,upper,2022-08-01,148.18831,6,23.5
RGI60-19.00005,Stephenson,upper,2022-09-01,169.79988,5,26.0
RGI60-19.00005,Stephenson,upper,2022-10-01,139.53384,4,18.5
RGI60-19.00005,Stephenson,upper,2022-11-01,140.19989,4,31.0
RGI60-19.00005,Stephenson,upper,2022-12-01,179.28123,4,16.5
RGI60-19.00005,Stephenson,whole,2016-08-01,363.56177,2,291.0
RGI60-19.00005,Stephenson,whole,2016-09-01,341.9101,3,254.0
RGI60-19.00005,Stephenson,whole,2016-10-01,375.22528,3,268.0
RGI60-19.00005,Stephenson,whole,2016-11-01,293.16718,2,246.0
RGI60-19.00005,Stephenson,whole,2016-12-01,366.46313,3,254.0
RGI60-19.00005,Stephenson,whole,2017-01-01,384.5891,2,246.5
RGI60-19.00005,Stephenson,whole,2017-03-01,279.0888,2,298.5
RGI60-19.00005,Stephenson,whole,2017-04-01,304.32953,3,277.0
RGI60-19.00005,Stephenson,whole,2017-05-01,336.2873,2,303.5
RGI60-19.00005,Stephenson,whole,2017-06-01,350.34268,3,281.0
RGI60-19.00005,Stephenson,whole,2017-07-01,326.25684,2,287.5
RGI60-19.00005,Stephenson,whole,2017-08-01,416.35803,3,256.0
RGI60-19.00005,Stephenson,whole,2017-09-01,340.3783,2,269.0
RGI60-19.00005,Stephenson,whole,2017-10-01,388.51337,3,302.0
RGI60-19.00005,Stephenson,whole,2017-11-01,331.50156,2,235.0
RGI60-19.00005,Stephenson,whole,2017-12-01,362.98898,3,271.0
RGI60-19.00005,Stephenson,whole,2018-01-01,359.38977,3,332.0
RGI60-19.00005,Stephenson,whole,2018-02-01,286.35678,2,323.0
RGI60-19.00005,Stephenson,whole,2018-03-01,230.76611,3,385.0
RGI60-19.00005,Stephenson,whole,2018-04-01,239.90881,1,298.0
RGI60-19.00005,Stephenson,whole,2018-05-01,291.7646,2,327.5
RGI60-19.00005,Stephenson,whole,2018-06-01,245.23418,1,168.0
RGI60-19.00005,Stephenson,whole,2018-07-01,323.2038,2,287.5
RGI60-19.00005,Stephenson,whole,2018-08-01,370.89224,2,235.5
RGI60-19.00005,Stephenson,whole,2018-09-01,355.53687,3,302.0
RGI60-19.00005,Stephenson,whole,2018-10-01,366.03506,2,307.5
RGI60-19.00005,Stephenson,whole,2018-11-01,360.3863,3,284.0
RGI60-19.00005,Stephenson,whole,2018-12-01,266.3141,2,186.5
RGI60-19.00005,Stephenson,whole,2019-01-01,307.27588,3,312.0
RGI60-19.00005,Stephenson,whole,2019-02-01,289.81177,2,274.5
RGI60-19.00005,Stephenson,whole,2019-03-01,267.277,3,293.0
RGI60-19.00005,Stephenson,whole,2019-04-01,277.9489,2,304.5
RGI60-19.00005,Stephenson,whole,2019-05-01,296.18405,3,317.0
RGI60-19.00005,Stephenson,whole,2019-06-01,334.25214,3,294.0
RGI60-19.00005,Stephenson,whole,2019-07-01,305.3147,2,204.0
RGI60-19.00005,Stephenson,whole,2019-08-01,373.42468,3,256.0
RGI60-19.00005,Stephenson,whole,2019-09-01,349.05356,2,274.0
RGI60-19.00005,Stephenson,whole,2019-10-01,322.7953,2,264.5
RGI60-19.00005,Stephenson,whole,2019-11-01,343.70706,2,226.5
RGI60-19.00005,Stephenson,whole,2019-12-01,373.93893,3,267.0
RGI60-19.00005,Stephenson,whole,2020-01-01,402.93268,2,240.0
RGI60-19.00005,Stephenson,whole,2020-02-01,368.46588,3,235.0
RGI60-19.00005,Stephenson,whole,2020-03-01,343.43906,2,267.0
RGI60-19.00005,Stephenson,whole,2020-04-01,285.1998,3,259.0
RGI60-19.00005,Stephenson,whole,2020-05-01,259.02316,3,313.0
RGI60-19.00005,Stephenson,whole,2020-06-01,320.41052,2,348.5
RGI60-19.00005,Stephenson,whole,2020-07-01,353.051,1,301.0
RGI60-19.00005,Stephenson,whole,2020-08-01,339.21353,2,305.5
RGI60-19.00005,Stephenson,whole,2020-09-01,337.34256,3,275.0
RGI60-19.00005,Stephenson,whole,2020-10-01,364.82483,2,250.0
RGI60-19.00005,Stephenson,whole,2020-11-01,298.85046,3,208.0
RGI60-19.00005,Stephenson,whole,2020-12-01,341.24707,2,300.0
RGI60-19.00005,Stephenson,whole,2021-01-01,329.3612,3,298.0
RGI60-19.00005,Stephenson,whole,2021-02-01,359.65216,2,303.5
RGI60-19.00005,Stephenson,whole,2021-03-01,333.31366,3,265.0
RGI60-19.00005,Stephenson,whole,2021-04-01,364.2653,2,314.5
RGI60-19.00005,Stephenson,whole,2021-05-01,345.59296,3,274.0
RGI60-19.00005,Stephenson,whole,2021-06-01,343.58508,2,245.0
RGI60-19.00005,Stephenson,whole,2021-07-01,395.5208,3,290.0
RGI60-19.00005,Stephenson,whole,2021-08-01,368.1739,3,280.0
RGI60-19.00005,Stephenson,whole,2021-09-01,367.48138,2,263.5
RGI60-19.00005,Stephenson,whole,2021-10-01,363.08127,3,265.0
RGI60-19.00005,Stephenson,whole,2021-12-01,300.5079,3,179.0
RGI60-19.00005,Stephenson,whole,2022-01-01,348.63214,2,339.5
RGI60-19.00005,Stephenson,whole,2022-02-01,331.5494,3,325.0
RGI60-19.00005,Stephenson,whole,2022-03-01,353.89777,2,302.5
RGI60-19.00005,Stephenson,whole,2022-04-01,307.39062,3,341.0
RGI60-19.00005,Stephenson,whole,2022-05-01,283.18585,3,358.0
RGI60-19.00005,Stephenson,whole,2022-06-01,311.71143,5,359.0
RGI60-19.00005,Stephenson,whole,2022-07-01,363.07507,5,350.0
RGI60-19.00005,Stephenson,whole,2022-08-01,373.63138,6,306.5
RGI60-19.00005,Stephenson,whole,2022-09-01,345.77234,5,303.0
RGI60-19.00005,Stephenson,whole,2022-10-01,390.37503,4,335.5
RGI60-19.00005,Stephenson,whole,2022-11-01,387.79736,4,361.5
RGI60-19.00005,Stephenson,whole,2022-12-01,354.77585,4,335.5
RGI60-19.00023,Brown,lower,2016-08-01,51.616104,2,4.5
RGI60-19.00023,Brown,lower,2016-09-01,49.688194,2,1.0
RGI60-19.00023,Brown,lower,2016-10-01,46.75468,3,5.0
RGI60-19.00023,Brown,lower,2016-11-01,32.94766,2,3.0
RGI60-19.00023,Brown,lower,2016-12-01,66.18404,3,2.0
RGI60-19.00023,Brown,lower,2017-01-01,27.500507,2,5.5
RGI60-19.00023,Brown,lower,2017-03-01,13.871803,2,5.0
RGI60-19.00023,Brown,lower,2017-04-01,24.006416,3,8.0
RGI60-19.00023,Brown,lower,2017-05-01,28.995384,2,2.5
RGI60-19.00023,Brown,lower,2017-06-01,23.604687,3,2.0
RGI60-19.00023,Brown,lower,2017-07-01,65.02895,2,2.5
RGI60-19.00023,Brown,lower,2017-08-01,37.845238,3,8.0
RGI60-19.00023,Brown,lower,2017-09-01,40.68284,2,1.0
RGI60-19.00023,Brown,lower,2017-10-01,30.066593,3,4.0
RGI60-19.00023,Brown,lower,2017-11-01,37.230347,2,2.0
RGI60-19.00023,Brown,lower,2017-12-01,26.925823,3,6.0
RGI60-19.00023,Brown,lower,2018-01-01,26.832815,3,5.0
RGI60-19.00023,Brown,lower,2018-02-01,21.556828,2,6.0
RGI60-19.00023,Brown,lower,2018-03-01,45.09684,3,4.0
RGI60-19.00023,Brown,lower,2018-04-01,35.794735,1,8.0
RGI60-19.00023,Brown,lower,2018-05-01,30.0,1,3.5
RGI60-19.00023,Brown,lower,2018-06-01,30.820007,1,4.0
RGI60-19.00023,Brown,lower,2018-07-01,54.00926,1,2.5
RGI60-19.00023,Brown,lower,2018-08-01,78.78816,2,6.0
RGI60-19.00023,Brown,lower,2018-09-01,44.170868,2,3.0
RGI60-19.00023,Brown,lower,2018-10-01,50.582603,2,2.5
RGI60-19.00023,Brown,lower,2018-11-01,26.042866,2,10.0
RGI60-19.00023,Brown,lower,2018-12-01,18.825924,2,5.5
RGI60-19.00023,Brown,lower,2019-01-01,26.832815,3,3.0
RGI60-19.00023,Brown,lower,2019-02-01,28.835659,2,4.5
RGI60-19.00023,Brown,lower,2019-03-01,26.925823,3,5.0
RGI60-19.00023,Brown,lower,2019-04-01,41.45619,2,3.0
RGI60-19.00023,Brown,lower,2019-05-01,62.77126,3,7.0
RGI60-19.00023,Brown,lower,2019-06-01,78.00639,2,6.0
RGI60-19.00023,Brown,lower,2019-07-01,58.66429,2,2.5
RGI60-19.00023,Brown,lower,2019-08-01,80.18266,3,6.0
RGI60-19.00023,Brown,lower,2019-09-01,,0,0.0
RGI60-19.00023,Brown,lower,2019-10-01,70.89339,2,6.0
RGI60-19.00023,Brown,lower,2019-11-01,37.835014,2,7.5
RGI60-19.00023,Brown,lower,2019-12-01,29.769993,3,8.0
RGI60-19.00023,Brown,lower,2020-01-01,25.96151,1,4.5
RGI60-19.00023,Brown,lower,2020-02-01,40.061672,3,5.0
RGI60-19.00023,Brown,lower,2020-03-01,20.5658,2,7.5
RGI60-19.00023,Brown,lower,2020-04-01,48.996452,3,3.0
RGI60-19.00023,Brown,lower,2020-05-01,61.952774,3,2.0
RGI60-19.00023,Brown,lower,2020-06-01,101.657196,2,2.5
RGI60-19.00023,Brown,lower,2020-07-01,35.732628,1,2.0
RGI60-19.00023,Brown,lower,2020-08-01,90.62041,2,2.5
RGI60-19.00023,Brown,lower,2020-09-01,76.00772,2,1.0
RGI60-19.00023,Brown,lower,2020-10-01,97.417145,2,1.0
RGI60-19.00023,Brown,lower,2020-11-01,43.745064,2,1.0
RGI60-19.00023,Brown,lower,2020-12-01,18.145386,2,7.5
RGI60-19.00023,Brown,lower,2021-01-01,40.311287,3,6.0
RGI60-19.00023,Brown,lower,2021-02-01,26.81378,2,6.5
RGI60-19.00023,Brown,lower,2021-03-01,46.872166,3,8.0
RGI60-19.00023,Brown,lower,2021-04-01,35.248425,2,4.5
RGI60-19.00023,Brown,lower,2021-05-01,46.974533,3,6.0
RGI60-19.00023,Brown,lower,2021-06-01,70.23102,2,4.0
RGI60-19.00023,Brown,lower,2021-07-01,64.06068,3,5.0
RGI60-19.00023,Brown,lower,2021-08-01,61.825092,3,5.0
RGI60-19.00023,Brown,lower,2021-09-01,66.83094,2,4.5
RGI60-19.00023,Brown,lower,2021-10-01,54.492065,3,6.0
RGI60-19.00023,Brown,lower,2021-12-01,53.600372,3,9.0
RGI60-19.00023,Brown,lower,2022-01-01,17.009819,2,2.5
RGI60-19.00023,Brown,lower,2022-02-01,21.30259,3,7.0
RGI60-19.00023,Brown,lower,2022-03-01,27.370445,2,10.5
RGI60-19.00023,Brown,lower,2022-04-01,42.107006,3,9.0
RGI60-19.00023,Brown,lower,2022-05-01,34.132095,3,4.0
RGI60-19.00023,Brown,lower,2022-06-01,50.860886,4,5.0
RGI60-19.00023,Brown,lower,2022-07-01,47.86618,4,7.0
RGI60-19.00023,Brown,lower,2022-08-01,49.168022,4,4.5
RGI60-19.00023,Brown,lower,2022-09-01,25.96222,4,6.0
RGI60-19.00023,Brown,lower,2022-10-01,58.417114,4,3.0
RGI60-19.00023,Brown,lower,2022-11-01,30.869492,4,6.0
RGI60-19.00023,Brown,lower,2022-12-01,30.145384,4,6.5
RGI60-19.00023,Brown,middle,2016-08-01,94.53286,2,2.5
RGI60-19.00023,Brown,middle,2016-09-01,123.891846,3,4.0
RGI60-19.00023,Brown,middle,2016-10-01,110.38569,3,1.0
RGI60-19.00023,Brown,middle,2016-11-01,33.89543,2,3.0
RGI60-19.00023,Brown,middle,2016-12-01,130.93518,2,4.0
RGI60-19.00023,Brown,middle,2017-01-01,244.7085,1,3.0
RGI60-19.00023,Brown,middle,2017-03-01,46.17357,2,1.5
RGI60-19.00023,Brown,middle,2017-04-01,62.33597,3,3.0
RGI60-19.00023,Brown,middle,2017-05-01,188.57533,2,7.0
RGI60-19.00023,Brown,middle,2017-06-01,88.23282,3,2.0
RGI60-19.00023,Brown,middle,2017-07-01,317.87952,2,13.0
RGI60-19.00023,Brown,middle,2017-08-01,143.08739,3,5.0
RGI60-19.00023,Brown,middle,2017-09-01,347.64368,1,5.0
RGI60-19.00023,Brown,middle,2017-10-01,125.863495,3,4.0
RGI60-19.00023,Brown,middle,2017-11-01,364.15656,1,4.5
RGI60-19.00023,Brown,middle,2017-12-01,24.92909,2,1.0
RGI60-19.00023,Brown,middle,2018-01-01,97.40612,2,4.0
RGI60-19.00023,Brown,middle,2018-02-01,116.88025,2,10.0
RGI60-19.00023,Brown,middle,2018-03-01,79.25865,3,4.0
RGI60-19.00023,Brown,middle,2018-04-01,151.16878,1,19.0
RGI60-19.00023,Brown,middle,2018-05-01,94.52828,2,6.0
RGI60-19.00023,Brown,middle,2018-06-01,,0,0.0
RGI60-19.00023,Brown,middle,2018-07-01,66.49391,2,6.0
RGI60-19.00023,Brown,middle,2018-08-01,51.631653,2,2.0
RGI60-19.00023,Brown,middle,2018-09-01,327.2387,3,11.0
RGI60-19.00023,Brown,middle,2018-10-01,355.52966,2,7.5
RGI60-19.00023,Brown,middle,2018-11-01,89.62103,2,4.0
RGI60-19.00023,Brown,middle,2018-12-01,61.91123,1,2.5
RGI60-19.00023,Brown,middle,2019-01-01,40.60788,3,2.0
RGI60-19.00023,Brown,middle,2019-02-01,44.098534,2,4.0
RGI60-19.00023,Brown,middle,2019-03-01,68.24222,3,5.0
RGI60-19.00023,Brown,middle,2019-04-01,148.94966,2,6.0
RGI60-19.00023,Brown,middle,2019-05-01,111.5706,3,2.0
RGI60-19.00023,Brown,middle,2019-06-01,176.09286,2,6.0
RGI60-19.00023,Brown,middle,2019-07-01,57.248672,2,4.5
RGI60-19.00023,Brown,middle,2019-08-01,432.59555,3,4.0
RGI60-19.00023,Brown,middle,2019-09-01,231.18504,2,6.0
RGI60-19.00023,Brown,middle,2019-10-01,87.60903,2,2.5
RGI60-19.00023,Brown,middle,2019-11-01,43.572918,2,3.5
RGI60-19.00023,Brown,middle,2019-12-01,27.802877,3,1.0
RGI60-19.00023,Brown,middle,2020-01-01,47.067417,1,1.0
RGI60-19.00023,Brown,middle,2020-02-01,64.884514,3,3.0
RGI60-19.00023,Brown,middle,2020-03-01,149.2955,2,2.0
RGI60-19.00023,Brown,middle,2020-04-01,101.46286,3,6.0
RGI60-19.00023,Brown,middle,2020-05-01,96.04166,3,7.0
RGI60-19.00023,Brown,middle,2020-06-01,252.85489,2,6.0
RGI60-19.00023,Brown,middle,2020-07-01,54.56189,1,1.0
RGI60-19.00023,Brown,middle,2020-08-01,191.52167,2,11.0
RGI60-19.00023,Brown,middle,2020-09-01,339.57648,3,9.0
RGI60-19.00023,Brown,middle,2020-10-01,311.10544,2,4.0
RGI60-19.00023,Brown,middle,2020-11-01,82.8734,3,1.0
RGI60-19.00023,Brown,middle,2020-12-01,49.25596,2,3.0
RGI60-19.00023,Brown,middle,2021-01-01,232.38799,2,5.0
RGI60-19.00023,Brown,middle,2021-02-01,54.08327,1,0.5
RGI60-19.00023,Brown,middle,2021-03-01,70.4512,3,4.0
RGI60-19.00023,Brown,middle,2021-04-01,296.22958,2,15.0
RGI60-19.00023,Brown,middle,2021-05-01,172.115,3,8.0
RGI60-19.00023,Brown,middle,2021-06-01,260.57217,1,5.0
RGI60-19.00023,Brown,middle,2021-07-01,196.02296,3,7.0
RGI60-19.00023,Brown,middle,2021-08-01,325.1615,3,17.0
RGI60-19.00023,Brown,middle,2021-09-01,221.02866,2,8.5
RGI60-19.00023,Brown,middle,2021-10-01,44.407207,3,3.0
RGI60-19.00023,Brown,middle,2021-12-01,83.528435,3,1.0
RGI60-19.00023,Brown,middle,2022-01-01,63.11142,2,3.5
RGI60-19.00023,Brown,middle,2022-02-01,270.85138,3,4.0
RGI60-19.00023,Brown,middle,2022-03-01,67.409485,2,4.5
RGI60-19.00023,Brown,middle,2022-04-01,141.76538,2,2.0
RGI60-19.00023,Brown,middle,2022-05-01,147.69626,2,7.0
RGI60-19.00023,Brown,middle,2022-06-01,204.43513,5,18.0
RGI60-19.00023,Brown,middle,2022-07-01,81.73596,4,1.0
RGI60-19.00023,Brown,middle,2022-08-01,90.95369,5,4.5
RGI60-19.00023,Brown,middle,2022-09-01,30.255348,4,2.0
RGI60-19.00023,Brown,middle,2022-10-01,260.90875,4,10.5
RGI60-19.00023,Brown,middle,2022-11-01,31.751944,4,1.5
RGI60-19.00023,Brown,middle,2022-12-01,36.65313,4,3.0
RGI60-19.00023,Brown,upper,2016-08-01,93.482,2,3.0
RGI60-19.00023,Brown,upper,2016-09-01,133.50656,3,1.0
RGI60-19.00023,Brown,upper,2016-10-01,176.56757,2,2.0
RGI60-19.00023,Brown,upper,2016-11-01,98.31473,2,4.5
RGI60-19.00023,Brown,upper,2016-12-01,288.27405,3,2.0
RGI60-19.00023,Brown,upper,2017-01-01,261.2522,2,4.0
RGI60-19.00023,Brown,upper,2017-03-01,85.737366,2,1.5
RGI60-19.00023,Brown,upper,2017-04-01,128.73616,1,0.0
RGI60-19.00023,Brown,upper,2017-05-01,243.98395,2,14.0
RGI60-19.00023,Brown,upper,2017-06-01,191.40794,3,5.0
RGI60-19.00023,Brown,upper,2017-07-01,217.53885,2,12.5
RGI60-19.00023,Brown,upper,2017-08-01,308.8689,3,17.0
RGI60-19.00023,Brown,upper,2017-09-01,245.53392,1,12.0
RGI60-19.00023,Brown,upper,2017-10-01,128.7051,3,3.0
RGI60-19.00023,Brown,upper,2017-11-01,274.14423,2,5.0
RGI60-19.00023,Brown,upper,2017-12-01,261.22214,3,9.0
RGI60-19.00023,Brown,upper,2018-01-01,152.04276,3,7.0
RGI60-19.00023,Brown,upper,2018-02-01,123.87953,2,5.5
RGI60-19.00023,Brown,upper,2018-03-01,111.220505,3,6.0
RGI60-19.00023,Brown,upper,2018-04-01,128.68129,1,6.0
RGI60-19.00023,Brown,upper,2018-05-01,135.63834,2,6.0
RGI60-19.00023,Brown,upper,2018-06-01,99.0202,1,3.0
RGI60-19.00023,Brown,upper,2018-07-01,217.49168,2,4.0
RGI60-19.00023,Brown,upper,2018-08-01,,0,0.0
RGI60-19.00023,Brown,upper,2018-09-01,204.9195,3,9.0
RGI60-19.00023,Brown,upper,2018-10-01,185.09795,2,14.0
RGI60-19.00023,Brown,upper,2018-11-01,225.50253,3,5.0
RGI60-19.00023,Brown,upper,2018-12-01,159.29301,1,2.0
RGI60-19.00023,Brown,upper,2019-01-01,92.24006,3,2.0
RGI60-19.00023,Brown,upper,2019-02-01,113.15842,2,2.5
RGI60-19.00023,Brown,upper,2019-03-01,192.0936,2,5.0
RGI60-19.00023,Brown,upper,2019-04-01,126.53519,2,4.5
RGI60-19.00023,Brown,upper,2019-05-01,189.58142,3,4.0
RGI60-19.00023,Brown,upper,2019-06-01,157.33405,3,5.0
RGI60-19.00023,Brown,upper,2019-07-01,54.56189,1,0.5
RGI60-19.00023,Brown,upper,2019-08-01,365.73932,3,2.0
RGI60-19.00023,Brown,upper,2019-09-01,86.00581,1,2.5
RGI60-19.00023,Brown,upper,2019-10-01,204.99069,2,5.0
RGI60-19.00023,Brown,upper,2019-11-01,148.87952,2,1.5
RGI60-19.00023,Brown,upper,2019-12-01,43.42788,3,1.0
RGI60-19.00023,Brown,upper,2020-01-01,155.46632,2,7.0
RGI60-19.00023,Brown,upper,2020-02-01,94.15413,3,2.0
RGI60-19.00023,Brown,upper,2020-03-01,172.90253,1,9.0
RGI60-19.00023,Brown,upper,2020-04-01,208.80614,3,10.0
RGI60-19.00023,Brown,upper,2020-05-01,105.1903,3,15.0
RGI60-19.00023,Brown,upper,2020-06-01,255.2329,2,11.0
RGI60-19.00023,Brown,upper,2020-07-01,211.30074,1,7.0
RGI60-19.00023,Brown,upper,2020-08-01,168.73337,2,9.0
RGI60-19.00023,Brown,upper,2020-09-01,304.17078,3,20.0
RGI60-19.00023,Brown,upper,2020-10-01,115.10864,1,2.5
RGI60-19.00023,Brown,upper,2020-11-01,223.48999,2,1.0
RGI60-19.00023,Brown,upper,2020-12-01,221.70494,1,1.0
RGI60-19.00023,Brown,upper,2021-01-01,184.17383,3,11.0
RGI60-19.00023,Brown,upper,2021-02-01,170.17299,2,5.0
RGI60-19.00023,Brown,upper,2021-03-01,94.07843,3,5.0
RGI60-19.00023,Brown,upper,2021-04-01,110.951744,2,8.5
RGI60-19.00023,Brown,upper,2021-05-01,298.5582,3,21.0
RGI60-19.00023,Brown,upper,2021-06-01,208.65521,1,5.5
RGI60-19.00023,Brown,upper,2021-07-01,269.51996,3,7.0
RGI60-19.00023,Brown,upper,2021-08-01,302.22565,3,20.0
RGI60-19.00023,Brown,upper,2021-09-01,204.78659,2,7.0
RGI60-19.00023,Brown,upper,2021-10-01,276.22174,2,4.0
RGI60-19.00023,Brown,upper,2021-12-01,106.30146,3,2.0
RGI60-19.00023,Brown,upper,2022-01-01,241.66258,2,5.0
RGI60-19.00023,Brown,upper,2022-02-01,255.64946,3,9.0
RGI60-19.00023,Brown,upper,2022-03-01,250.29057,2,8.5
RGI60-19.00023,Brown,upper,2022-04-01,75.520065,2,1.0
RGI60-19.00023,Brown,upper,2022-05-01,324.09875,3,9.0
RGI60-19.00023,Brown,upper,2022-06-01,222.28296,5,8.0
RGI60-19.00023,Brown,upper,2022-07-01,173.82462,4,2.0
RGI60-19.00023,Brown,upper,2022-08-01,194.73315,5,3.5
RGI60-19.00023,Brown,upper,2022-09-01,157.18909,4,4.0
RGI60-19.00023,Brown,upper,2022-10-01,347.2204,3,1.5
RGI60-19.00023,Brown,upper,2022-11-01,109.64,3,5.5
RGI60-19.00023,Brown,upper,2022-12-01,154.25594,4,3.5
RGI60-19.00023,Brown,whole,2016-08-01,81.579346,2,10.0
RGI60-19.00023,Brown,whole,2016-09-01,113.27016,3,9.0
RGI60-19.00023,Brown,whole,2016-10-01,56.748535,3,8.0
RGI60-19.00023,Brown,whole,2016-11-01,60.614132,2,10.5
RGI60-19.00023,Brown,whole,2016-12-01,73.24616,3,9.0
RGI60-19.00023,Brown,whole,2017-01-01,73.15379,2,12.5
RGI60-19.00023,Brown,whole,2017-03-01,20.64672,2,8.0
RGI60-19.00023,Brown,whole,2017-04-01,54.316204,3,18.0
RGI60-19.00023,Brown,whole,2017-05-01,215.25667,2,23.5
RGI60-19.00023,Brown,whole,2017-06-01,74.63243,3,13.0
RGI60-19.00023,Brown,whole,2017-07-01,211.70071,2,28.0
RGI60-19.00023,Brown,whole,2017-08-01,165.01712,3,28.0
RGI60-19.00023,Brown,whole,2017-09-01,147.80156,2,18.0
RGI60-19.00023,Brown,whole,2017-10-01,118.228,3,10.0
RGI60-19.00023,Brown,whole,2017-11-01,221.89417,2,11.5
RGI60-19.00023,Brown,whole,2017-12-01,51.971146,3,19.0
RGI60-19.00023,Brown,whole,2018-01-01,105.9481,3,15.0
RGI60-19.00023,Brown,whole,2018-02-01,77.63896,2,21.5
RGI60-19.00023,Brown,whole,2018-03-01,82.8833,3,22.0
RGI60-19.00023,Brown,whole,2018-04-01,104.56099,1,33.0
RGI60-19.00023,Brown,whole,2018-05-01,90.72113,2,15.5
RGI60-19.00023,Brown,whole,2018-06-01,41.04875,1,7.0
RGI60-19.00023,Brown,whole,2018-07-01,84.04218,2,12.5
RGI60-19.00023,Brown,whole,2018-08-01,71.90103,2,8.0
RGI60-19.00023,Brown,whole,2018-09-01,266.17664,3,23.0
RGI60-19.00023,Brown,whole,2018-10-01,215.8991,2,24.0
RGI60-19.00023,Brown,whole,2018-11-01,102.57925,3,21.0
RGI60-19.00023,Brown,whole,2018-12-01,32.890816,2,10.0
RGI60-19.00023,Brown,whole,2019-01-01,49.918125,3,9.0
RGI60-19.00023,Brown,whole,2019-02-01,40.400658,2,11.0
RGI60-19.00023,Brown,whole,2019-03-01,118.1093,3,14.0
RGI60-19.00023,Brown,whole,2019-04-01,89.07927,2,13.5
RGI60-19.00023,Brown,whole,2019-05-01,95.524864,3,15.0
RGI60-19.00023,Brown,whole,2019-06-01,123.204994,3,18.0
RGI60-19.00023,Brown,whole,2019-07-01,56.39272,2,7.5
RGI60-19.00023,Brown,whole,2019-08-01,362.91083,3,16.0
RGI60-19.00023,Brown,whole,2019-09-01,229.95996,2,8.5
RGI60-19.00023,Brown,whole,2019-10-01,168.36128,2,13.5
RGI60-19.00023,Brown,whole,2019-11-01,42.377243,2,12.5
RGI60-19.00023,Brown,whole,2019-12-01,30.88689,3,11.0
RGI60-19.00023,Brown,whole,2020-01-01,61.749958,2,12.5
RGI60-19.00023,Brown,whole,2020-02-01,56.305256,3,11.0
RGI60-19.00023,Brown,whole,2020-03-01,86.00126,2,18.5
RGI60-19.00023,Brown,whole,2020-04-01,153.05228,3,18.0
RGI60-19.00023,Brown,whole,2020-05-01,96.3349,3,24.0
RGI60-19.00023,Brown,whole,2020-06-01,238.36325,2,19.5
RGI60-19.00023,Brown,whole,2020-07-01,165.8342,1,10.0
RGI60-19.00023,Brown,whole,2020-08-01,167.06613,2,22.5
RGI60-19.00023,Brown,whole,2020-09-01,267.8843,3,29.0
RGI60-19.00023,Brown,whole,2020-10-01,153.79852,2,7.5
RGI60-19.00023,Brown,whole,2020-11-01,82.8734,3,3.0
RGI60-19.00023,Brown,whole,2020-12-01,26.57019,2,11.5
RGI60-19.00023,Brown,whole,2021-01-01,156.73225,3,23.0
RGI60-19.00023,Brown,whole,2021-02-01,40.01861,2,12.0
RGI60-19.00023,Brown,whole,2021-03-01,62.936478,3,14.0
RGI60-19.00023,Brown,whole,2021-04-01,126.54942,2,28.0
RGI60-19.00023,Brown,whole,2021-05-01,246.60292,3,37.0
RGI60-19.00023,Brown,whole,2021-06-01,105.53183,2,14.5
RGI60-19.00023,Brown,whole,2021-07-01,261.8863,3,20.0
RGI60-19.00023,Brown,whole,2021-08-01,287.39172,3,38.0
RGI60-19.00023,Brown,whole,2021-09-01,129.05305,2,20.0
RGI60-19.00023,Brown,whole,2021-10-01,52.3259,3,11.0
RGI60-19.00023,Brown,whole,2021-12-01,61.846584,3,11.0
RGI60-19.00023,Brown,whole,2022-01-01,200.85153,2,11.0
RGI60-19.00023,Brown,whole,2022-02-01,214.08897,3,26.0
RGI60-19.00023,Brown,whole,2022-03-01,50.773575,2,23.5
RGI60-19.00023,Brown,whole,2022-04-01,50.635956,3,13.0
RGI60-19.00023,Brown,whole,2022-05-01,170.8835,3,24.0
RGI60-19.00023,Brown,whole,2022-06-01,186.0105,5,34.0
RGI60-19.00023,Brown,whole,2022-07-01,65.48964,4,13.0
RGI60-19.00023,Brown,whole,2022-08-01,167.86496,6,12.5
RGI60-19.00023,Brown,whole,2022-09-01,85.95561,5,10.0
RGI60-19.00023,Brown,whole,2022-10-01,226.87622,4,16.5
RGI60-19.00023,Brown,whole,2022-11-01,66.90161,4,13.5
RGI60-19.00023,Brown,whole,2022-12-01,55.02283,4,17.0
