E,N,surface_field_m,source_excel_row,profile,survey_year,name_1,source_file,source_sheet,point_id,distance_m,model_surface_m,model_cell_surface,model_thickness_m,model_cell_thickness,model_bed_m,model_cell_bed,return,field_depth_proxy_m,field_bed_proxy_m,H_delta_m,bed_delta_m,surface_delta_m
408318.67000000004,4118023.7,488.41937499999995,4,BG35,2000,Brown,BG35_2000.xlsx,bg35,BG35_2000_row4,0.0,558.4400024414062,391:602,148.18634033203125,391:602,410.253662109375,391:602,t1,66.05169717728552,422.3676778227144,82.13464315474573,-12.114015713339427,70.0206274414063
408326.9,4118004.2,489.05875000000003,5,BG35,2000,Brown,BG35_2000.xlsx,bg35,BG35_2000_row5,21.165606535124226,555.0,391:603,152.75347900390625,391:603,402.24652099609375,391:603,t1,61.753505973343955,427.30524402665606,90.9999730305623,-25.058723030562305,65.94124999999997
408335.125,4117984.7,489.698125,6,BG35,2000,Brown,BG35_2000.xlsx,bg35,BG35_2000_row6,42.32926937971748,543.47998046875,392:603,152.6998291015625,392:603,390.7801513671875,392:603,t1,54.516142334178255,435.18198266582175,98.18368676738424,-44.40183129863425,53.781855468749995
408343.355,4117965.2,490.3375,7,BG35,2000,Brown,BG35_2000.xlsx,bg35,BG35_2000_row7,63.49487591484171,543.47998046875,392:603,152.6998291015625,392:603,390.7801513671875,392:603,t1,54.516142334173864,435.8213576658261,98.18368676738864,-45.0412062986386,53.14248046875002
408351.57999999996,4117945.7,490.97687499999995,8,BG35,2000,Brown,BG35_2000.xlsx,bg35,BG35_2000_row8,84.65853875943496,543.47998046875,392:603,152.6998291015625,392:603,390.7801513671875,392:603,t1,47.14699884403914,443.8298761559608,105.55283025752337,-53.04972478877329,52.50310546875005
408359.81,4117926.1500000004,491.61625000000004,9,BG35,2000,Brown,BG35_2000.xlsx,bg35,BG35_2000_row9,105.87021950362326,532.7999877929688,393:603,163.52346801757812,393:603,369.2765197753906,393:603,t1,44.12647957857601,447.48977042142405,119.39698843900212,-78.21325064603343,41.183737792968714
408368.04000000004,4117906.6500000004,492.255625,10,BG35,2000,Brown,BG35_2000.xlsx,bg35,BG35_2000_row10,127.03582603877013,532.7999877929688,393:603,163.52346801757812,393:603,369.2765197753906,393:603,t1,34.05405996350518,458.2015650364948,129.46940805407294,-88.92504526110417,40.54436279296874
408376.27,4117887.1,492.895,11,BG35,2000,Brown,BG35_2000.xlsx,bg35,BG35_2000_row11,148.24750678336503,511.3999938964844,394:604,163.45849609375,394:604,347.9414978027344,394:604,t1,29.170167980315565,463.7248320196844,134.28832811343443,-115.78333421695004,18.504993896484393
408384.5,4117867.6,493.53437499999995,12,BG35,2000,Brown,BG35_2000.xlsx,bg35,BG35_2000_row12,169.41311331848925,511.3999938964844,394:604,163.45849609375,394:604,347.9414978027344,394:604,t1,27.472158633793352,466.0622163662066,135.98633745995664,-118.12071856347222,17.86561889648442
408392.73,4117848.1,494.17375000000004,13,BG35,2000,Brown,BG35_2000.xlsx,bg35,BG35_2000_row13,190.57871985361348,511.3999938964844,394:604,163.45849609375,394:604,347.9414978027344,394:604,t1,27.47215863378463,466.70159136621544,135.98633745996537,-118.76009356348106,17.226243896484334
408400.95999999996,4117828.6,494.813125,14,BG35,2000,Brown,BG35_2000.xlsx,bg35,BG35_2000_row14,211.7443263887377,502.239990234375,395:604,163.33184814453125,395:604,338.90814208984375,395:604,t1,28.325725056912972,466.48739994308704,135.00612308761828,-127.57925785324329,7.426865234374986
408409.185,4117809.1,495.4525,15,BG35,2000,Brown,BG35_2000.xlsx,bg35,BG35_2000_row15,232.9079892333536,502.239990234375,395:604,163.33184814453125,395:604,338.90814208984375,395:604,t1,28.327177321441383,467.12532267855863,135.00467082308987,-128.21718058871488,6.787490234375014
408417.41500000004,4117789.6,496.09187499999996,16,BG35,2000,Brown,BG35_2000.xlsx,bg35,BG35_2000_row16,254.07359576850044,496.0,396:604,163.14352416992188,396:604,332.8564758300781,396:604,t1,31.657317874385758,464.4345571256142,131.4862062955361,-131.5780812955361,-0.09187499999995907
408433.87,4117750.6,497.370625,18,BG35,2000,Brown,BG35_2000.xlsx,bg35,BG35_2000_row18,296.40286489753953,485.239990234375,396:605,163.23883056640625,396:605,322.00115966796875,396:605,t1,49.37464430251935,447.99598069748066,113.8641862638869,-125.99482102951191,-12.130634765625018
408450.78,4117710.45,497.645,19,BG35,2000,Brown,BG35_2000.xlsx,bg35,BG35_2000_row19,339.9685692989792,482.9599914550781,397:605,162.83709716796875,397:605,320.1228942871094,397:605,t1,48.82697512639756,448.81802487360244,114.01012204157118,-128.69513058649306,-14.685008544921857
408459.46,4117689.85,497.28499999999997,20,BG35,2000,Brown,BG35_2000.xlsx,bg35,BG35_2000_row20,362.3225935452691,484.1600036621094,398:605,162.5006103515625,398:605,321.6593933105469,398:605,t1,52.54454776667097,444.740452233329,109.95606258489153,-123.08105892278212,-13.124996337890593
408468.14,4117669.2,496.91999999999996,21,BG35,2000,Brown,BG35_2000.xlsx,bg35,BG35_2000_row21,384.7227029199135,484.1600036621094,398:605,162.5006103515625,398:605,321.6593933105469,398:605,t1,58.793771779040306,438.12622822095966,103.7068385725222,-116.46683491041279,-12.759996337890584
408476.82,4117648.55,496.555,22,BG35,2000,Brown,BG35_2000.xlsx,bg35,BG35_2000_row22,407.12281229498717,468.5199890136719,398:606,161.870361328125,398:606,306.6496276855469,398:606,t1,67.79524393343792,428.7597560665621,94.07511739468708,-122.11012838101522,-28.035010986328132
408485.5,4117627.95,496.195,23,BG35,2000,Brown,BG35_2000.xlsx,bg35,BG35_2000_row23,429.4768365408479,467.1199951171875,399:606,159.8214111328125,399:606,307.298583984375,399:606,t1,74.92312793786944,421.27187206213057,84.89828319494306,-113.97328807775557,-29.075004882812493
408494.18,4117607.3,495.825,24,BG35,2000,Brown,BG35_2000.xlsx,bg35,BG35_2000_row24,451.87694591592157,467.1199951171875,399:606,159.8214111328125,399:606,307.298583984375,399:606,t1,80.244548724545,415.580451275455,79.5768624082675,-108.28186729108,-28.70500488281249
408502.86,4117586.7,495.46500000000003,25,BG35,2000,Brown,BG35_2000.xlsx,bg35,BG35_2000_row25,474.23097016178235,467.1199951171875,400:606,161.231201171875,400:606,305.8887939453125,400:606,t1,87.28291699986818,408.18208300013185,73.94828417200682,-102.29328905481935,-28.345004882812532
408511.54,4117566.05,495.1,26,BG35,2000,Brown,BG35_2000.xlsx,bg35,BG35_2000_row26,496.631079536856,467.1199951171875,400:606,161.231201171875,400:606,305.8887939453125,400:606,t1,96.02184699324603,399.078153006754,65.20935417862897,-93.18935906144151,-27.980004882812523
408520.22,4117545.45,494.735,27,BG35,2000,Brown,BG35_2000.xlsx,bg35,BG35_2000_row27,518.9851037827168,458.239990234375,400:607,129.89732360839844,400:607,328.3426513671875,400:607,t1,102.99220892860706,391.74279107139296,26.90511467979138,-63.40013970420546,-36.495009765625014
408528.895,4117524.8,494.375,28,BG35,2000,Brown,BG35_2000.xlsx,bg35,BG35_2000_row28,541.3832761415543,464.239990234375,401:607,102.89482116699219,401:607,361.34515380859375,401:607,t1,106.47922039067271,387.8957796093273,-3.5843992236805207,-26.550625800733542,-30.135009765625
408537.575,4117504.2,494.905,29,BG35,2000,Brown,BG35_2000.xlsx,bg35,BG35_2000_row29,563.7373003874151,464.239990234375,401:607,102.89482116699219,401:607,361.34515380859375,401:607,t1,109.95100897675272,384.9539910232472,-7.05618780976053,-23.608837214653477,-30.665009765624973
408546.25,4117483.55,495.445,30,BG35,2000,Brown,BG35_2000.xlsx,bg35,BG35_2000_row30,586.1354727462301,473.8800048828125,402:607,88.09527587890625,402:607,385.78472900390625,402:607,t1,111.67562446655202,383.76937553344794,-23.580348587645773,2.015353470458308,-21.564995117187493
408554.93,4117462.95,496.875,31,BG35,2000,Brown,BG35_2000.xlsx,bg35,BG35_2000_row31,608.4894969920908,473.8800048828125,402:607,88.09527587890625,402:607,385.78472900390625,402:607,t1,109.94123475745737,386.9337652425426,-21.845958878551116,-1.14903623863637,-22.9949951171875
408563.61,4117442.3,498.31,32,BG35,2000,Brown,BG35_2000.xlsx,bg35,BG35_2000_row32,630.8896063671646,486.8800048828125,403:607,87.89993286132812,403:607,398.9800720214844,403:607,t1,111.68485841870364,386.62514158129636,-23.784925557375516,12.354930440188014,-11.429995117187502
408572.29,4117421.65,499.745,33,BG35,2000,Brown,BG35_2000.xlsx,bg35,BG35_2000_row33,653.289715741809,484.20001220703125,403:608,74.64309692382812,403:608,409.5569152832031,403:608,t1,113.40897274909058,386.3360272509094,-38.765875825262455,23.220888032293715,-15.544987792968755
408580.97,4117401.05,501.175,34,BG35,2000,Brown,BG35_2000.xlsx,bg35,BG35_2000_row34,675.6437399880989,484.20001220703125,403:608,74.64309692382812,403:608,409.5569152832031,403:608,t1,104.73129952403839,396.44370047596163,-30.088202600210266,13.11321480724149,-16.97498779296876
408589.65,4117380.4,502.61,35,BG35,2000,Brown,BG35_2000.xlsx,bg35,BG35_2000_row35,698.0438493627659,501.239990234375,404:608,71.53425598144531,404:608,429.70574951171875,404:608,t1,94.28630653491406,408.32369346508597,-22.75205055346875,21.382056046632783,-1.3700097656250136
408598.33,4117359.8,504.045,36,BG35,2000,Brown,BG35_2000.xlsx,bg35,BG35_2000_row36,720.3978736090558,501.239990234375,404:608,71.53425598144531,404:608,429.70574951171875,404:608,t1,71.38163349213772,432.6633665078623,0.15262248930758915,-2.9576169961435426,-2.805009765625016
408607.01,4117339.15,505.47954500000003,37,BG35,2000,Brown,BG35_2000.xlsx,bg35,BG35_2000_row37,742.7979829837002,523.6799926757812,405:608,56.27296829223633,405:608,467.4070129394531,405:608,t1,60.592038255896014,444.88750674410403,-4.319069963659686,22.519506195349095,18.20044767578122
408615.69,4117318.55,506.422275,38,BG35,2000,Brown,BG35_2000.xlsx,bg35,BG35_2000_row38,765.1520072299901,523.6799926757812,405:608,56.27296829223633,405:608,467.4070129394531,405:608,t1,64.20463456787486,442.21764043212517,-7.931666275638534,25.18937250732796,17.257717675781237
408624.37,4117297.9,507.364545,39,BG35,2000,Brown,BG35_2000.xlsx,bg35,BG35_2000_row39,787.5521166046345,516.2000122070312,405:609,36.69623947143555,405:609,479.5037841796875,405:609,t1,51.08302262000835,456.28152237999166,-14.386783148572803,23.222261799695843,8.835467207031229
406898.258,4117417.279,752.736,4,BG20,2004,Brown,RES.xlsx,BG20prof,BG20_2004_row4,0.0,748.5999755859375,403:574,140.4737548828125,403:574,608.126220703125,403:574,W,54.4,698.336,86.0737548828125,-90.20977929687501,-4.13602441406249
406991.0,4117269.0,750.0,5,BG20,2004,Brown,RES.xlsx,BG20prof,BG20_2004_row5,174.89351161502196,758.0,406:576,157.93460083007812,406:576,600.0654296875,406:576,W,66.64,683.36,91.29460083007812,-83.29457031250001,8.0
407102.52,4117149.018,748.874,6,BG20,2004,Brown,RES.xlsx,BG20prof,BG20_2004_row6,338.6994660976555,755.3599853515625,408:578,161.5400390625,408:578,593.8199462890625,408:578,W,85.85,663.024,75.6900390625,-69.2040537109375,6.485985351562476
407236.0,4117013.0,762.0,7,BG20,2004,Brown,RES.xlsx,BG20prof,BG20_2004_row7,529.2717797322377,757.1199951171875,411:581,145.44088745117188,411:581,611.6790771484375,411:581,W,59.839999999999996,702.16,85.60088745117187,-90.48092285156247,-4.8800048828125
407295.167,4116886.731,776.2,8,BG20,2004,Brown,RES.xlsx,BG20prof,BG20_2004_row8,668.7156546424151,792.0399780273438,414:582,144.50482177734375,414:582,647.53515625,414:582,W,51.0,725.2,93.50482177734375,-77.66484375000005,15.839978027343705
407244.1,4117686.461,673.229,4,BG25,2004,Brown,RES.xlsx,BG25prof,BG25_2004_row4,0.0,689.280029296875,398:581,143.81109619140625,398:581,545.4689331054688,398:581,W,29.919999999999998,643.3090000000001,113.89109619140625,-97.84006689453133,16.051029296874958
407373.177,4117524.088,674.919,5,BG25,2004,Brown,RES.xlsx,BG25prof,BG25_2004_row5,207.4267655295653,678.0,401:584,157.44317626953125,401:584,520.5568237304688,401:584,W,55.08,619.8389999999999,102.36317626953125,-99.28217626953119,3.0810000000000173
407481.457,4117423.912,670.453,6,BG25,2004,Brown,RES.xlsx,BG25prof,BG25_2004_row6,354.93876292634985,680.7999877929688,403:586,119.15624237060547,403:586,561.6437377929688,403:586,W,71.39999999999999,599.053,47.75624237060548,-37.40926220703125,10.346987792968775
407574.94,4117273.989,676.156,7,BG25,2004,Brown,RES.xlsx,BG25prof,BG25_2004_row7,531.6192010568539,698.719970703125,406:588,118.6991195678711,406:588,580.0208740234375,406:588,W,57.800000000000004,618.356,60.89911956787109,-38.335125976562495,22.56397070312505
407662.843,4117139.8,679.483,8,BG25,2004,Brown,RES.xlsx,BG25prof,BG25_2004_row8,692.0362360938611,704.0800170898438,409:589,121.80291748046875,409:589,582.277099609375,409:589,W,64.6,614.8829999999999,57.202917480468756,-32.605900390624925,24.597017089843803
407795.074,4116947.941,700.883,9,BG25,2004,Brown,RES.xlsx,BG25prof,BG25_2004_row9,925.0489251086328,705.1599731445312,412:592,137.37464904785156,412:592,567.7853393554688,412:592,W,37.06,663.8230000000001,100.31464904785156,-96.03766064453134,4.276973144531212
407944.59,4116752.288,701.969,10,BG25,2004,Brown,RES.xlsx,BG25prof,BG25_2004_row10,1171.2909415578463,692.8800048828125,416:595,156.87342834472656,416:595,536.006591796875,416:595,W,19.38,682.589,137.49342834472657,-146.58240820312506,-9.088995117187551
406898.258,4117417.279,752.736,4,BG20,2004,Brown,RES.xlsx,BG20prof,BG20_2004_row4,0.0,748.5999755859375,403:574,140.4737548828125,403:574,608.126220703125,403:574,E,54.4,698.336,86.0737548828125,-90.20977929687501,-4.13602441406249
406991.0,4117269.0,750.0,5,BG20,2004,Brown,RES.xlsx,BG20prof,BG20_2004_row5,174.89351161502196,758.0,406:576,157.93460083007812,406:576,600.0654296875,406:576,E,75.48,674.52,82.45460083007812,-74.45457031249998,8.0
407102.52,4117149.018,748.874,6,BG20,2004,Brown,RES.xlsx,BG20prof,BG20_2004_row6,338.6994660976555,755.3599853515625,408:578,161.5400390625,408:578,593.8199462890625,408:578,E,86.7,662.174,74.8400390625,-68.35405371093748,6.485985351562476
407236.0,4117013.0,762.0,7,BG20,2004,Brown,RES.xlsx,BG20prof,BG20_2004_row7,529.2717797322377,757.1199951171875,411:581,145.44088745117188,411:581,611.6790771484375,411:581,E,59.16,702.84,86.28088745117188,-91.16092285156253,-4.8800048828125
407295.167,4116886.731,776.2,8,BG20,2004,Brown,RES.xlsx,BG20prof,BG20_2004_row8,668.7156546424151,792.0399780273438,414:582,144.50482177734375,414:582,647.53515625,414:582,E,37.74,738.46,106.76482177734374,-90.92484375000004,15.839978027343705
407418.0,4116710.0,780.0,9,BG20,2004,Brown,RES.xlsx,BG20prof,BG20_2004_row9,883.9406351861417,805.2000122070312,417:584,153.22373962402344,417:584,651.9762573242188,417:584,E,18.7,761.3,134.52373962402345,-109.3237426757812,25.20001220703125
407244.1,4117686.461,673.229,4,BG25,2004,Brown,RES.xlsx,BG25prof,BG25_2004_row4,0.0,689.280029296875,398:581,143.81109619140625,398:581,545.4689331054688,398:581,E,32.64,640.589,111.17109619140625,-95.1200668945313,16.051029296874958
407373.177,4117524.088,674.919,5,BG25,2004,Brown,RES.xlsx,BG25prof,BG25_2004_row5,207.4267655295653,678.0,401:584,157.44317626953125,401:584,520.5568237304688,401:584,E,59.16,615.759,98.28317626953125,-95.20217626953126,3.0810000000000173
407481.457,4117423.912,670.453,6,BG25,2004,Brown,RES.xlsx,BG25prof,BG25_2004_row6,354.93876292634985,680.7999877929688,403:586,119.15624237060547,403:586,561.6437377929688,403:586,E,72.76,597.693,46.396242370605464,-36.049262207031234,10.346987792968775
407574.94,4117273.989,676.156,7,BG25,2004,Brown,RES.xlsx,BG25prof,BG25_2004_row7,531.6192010568539,698.719970703125,406:588,118.6991195678711,406:588,580.0208740234375,406:588,E,54.4,621.756,64.29911956787109,-41.73512597656247,22.56397070312505
407662.843,4117139.8,679.483,8,BG25,2004,Brown,RES.xlsx,BG25prof,BG25_2004_row8,692.0362360938611,704.0800170898438,409:589,121.80291748046875,409:589,582.277099609375,409:589,E,69.36,610.1229999999999,52.44291748046875,-27.845900390624934,24.597017089843803
407795.074,4116947.941,700.883,9,BG25,2004,Brown,RES.xlsx,BG25prof,BG25_2004_row9,925.0489251086328,705.1599731445312,412:592,137.37464904785156,412:592,567.7853393554688,412:592,E,44.88,656.003,92.49464904785157,-88.21766064453129,4.276973144531212
407944.59,4116752.288,701.969,10,BG25,2004,Brown,RES.xlsx,BG25prof,BG25_2004_row10,1171.2909415578463,692.8800048828125,416:595,156.87342834472656,416:595,536.006591796875,416:595,E,21.42,680.5490000000001,135.45342834472655,-144.5424082031251,-9.088995117187551
408073.261,4116449.086,703.128,11,BG25,2004,Brown,RES.xlsx,BG25prof,BG25_2004_row11,1500.665620373663,674.760009765625,422:598,161.73228454589844,422:598,513.0277099609375,422:598,E,64.6,638.528,97.13228454589844,-125.50029003906252,-28.367990234375043
