RGIId,name_1,area_start_km2,status_start,area_end_km2,status_end,start_year,end_year,period,years_elapsed,area_loss_km2,area_loss_percent,annual_loss_km2,annual_loss_percent,includes_no_mapped_extent,includes_pre_year,scope
RGI60-19.00001,AU1041,0.44490163257263554,matched_historical,0.2913869887189329,mapped_outline,1947,2026,1947–2026,79,0.15351464385370261,34.505300186472006,0.0019432233399202864,0.4367759517274937,False,True,context
RGI60-19.00002,Abbotsmith,23.667053053104304,matched_historical,19.99952346950402,mapped_outline,1947,2026,1947–2026,79,3.6675295836002846,15.496350878037308,0.04642442510886436,0.19615634022832035,False,True,context
RGI60-19.00003,Gotley,27.690189146429972,matched_historical,25.797076645849774,mapped_outline,1947,2026,1947–2026,79,1.893112500580198,6.836762618590753,0.02396344937443289,0.0865412989695032,False,True,context
RGI60-19.00004,AU1121,4.9908080931437615,matched_historical,2.1321839287016275,mapped_outline,1947,2026,1947–2026,79,2.858624164442134,57.277781695698444,0.03618511600559663,0.725035211337955,False,True,context
RGI60-19.00005,Stephenson,25.84551559494513,matched_historical,8.14270061639229,mapped_outline,1947,2026,1947–2026,79,17.70281497855284,68.49472556862112,0.2240862655513018,0.8670218426407736,False,True,study
RGI60-19.00006,Lied,16.052981278159116,matched_historical,14.264392376099604,mapped_outline,1947,2026,1947–2026,79,1.7885889020595123,11.141786507238859,0.022640365848854586,0.14103527224352985,False,True,context
RGI60-19.00007,AU1211,8.376701532538354,matched_historical,6.290049397983708,mapped_outline,1947,2026,1947–2026,79,2.0866521345546456,24.91018841305591,0.026413318158919563,0.31531884067159377,False,True,context
RGI60-19.00008,Winston,22.398199385368528,matched_historical,11.931125259719419,mapped_outline,1947,2026,1947–2026,79,10.467074125649109,46.73176600297011,0.13249460918543177,0.5915413418097483,False,True,context
RGI60-19.00009,AU1141,9.010613161286237,matched_historical,4.28782207304361,mapped_outline,1947,2026,1947–2026,79,4.722791088242627,52.413648257966756,0.05978216567395731,0.6634639019995792,False,True,context
RGI60-19.00010,Fifty-one,25.456080825157116,matched_historical,21.040956654127147,mapped_outline,1947,2026,1947–2026,79,4.415124171029969,17.344084509138963,0.055887647734556574,0.2195453735334046,False,True,context
RGI60-19.00011,AU1191,1.8497228913025394,matched_historical,0.7281625909569798,mapped_outline,1947,2026,1947–2026,79,1.1215603003455596,60.63396336927951,0.014196965827158983,0.767518523661766,False,True,context
RGI60-19.00012,Deacock,3.418442100908043,matched_historical,1.9253835427018449,mapped_outline,1947,2026,1947–2026,79,1.4930585582061981,43.676578807919434,0.018899475420331623,0.5528680861761953,False,True,context
RGI60-19.00013,Downes,17.021118388147304,matched_historical,13.098901809395164,mapped_outline,1947,2026,1947–2026,79,3.92221657875214,23.043236580055662,0.04964831112344481,0.29168653898804636,False,True,context
RGI60-19.00014,Ealey,21.88079149932781,matched_historical,18.067570753943613,mapped_outline,1947,2026,1947–2026,79,3.8132207453841964,17.42725232540761,0.0482686170301797,0.22059813070136217,False,True,context
RGI60-19.00015,Mary Powell,3.3090788370694746,matched_historical,1.8248892834275336,mapped_outline,1947,2026,1947–2026,79,1.484189553641941,44.85204574202111,0.018787209539771404,0.5677474144559634,False,True,context
RGI60-19.00016,Vahsel-Allison,18.66796130466063,matched_historical,16.437000318443914,mapped_outline,1947,2026,1947–2026,79,2.230960986216715,11.950747860505448,0.028240012483755888,0.1512752893734867,False,True,context
RGI60-19.00017,Nares,2.2608202183179498,matched_historical,1.2744292484161814,mapped_outline,1947,2026,1947–2026,79,0.9863909699017683,43.62978364708908,0.012485961644326181,0.5522757423682162,False,True,context
RGI60-19.00018,Challenger,7.472040102724129,matched_historical,6.682820830900692,mapped_outline,1947,2026,1947–2026,79,0.7892192718234377,10.56229973305024,0.009990117364853642,0.1336999966208891,False,True,context
RGI60-19.00019,AU1091,,missing_historical,0.0,no_mapped_extent,1947,2026,1947–2026,79,,,,,True,False,context
RGI60-19.00020,Compton,22.154032645720076,matched_historical,9.971193815313457,mapped_outline,1947,2026,1947–2026,79,12.182838830406618,54.991517911120404,0.1542131497519825,0.6960951634319038,False,True,context
RGI60-19.00021,Jacka,3.889798699831913,matched_historical,0.0,no_mapped_extent,1947,2026,1947–2026,79,3.889798699831913,100.0,0.04923795822572042,1.2658227848101267,True,False,context
RGI60-19.00022,Baudissin-Schmidt,16.332461760991897,matched_historical,13.887451603733348,mapped_outline,1947,2026,1947–2026,79,2.445010157258549,14.9702487784062,0.030949495661500622,0.18949681997982532,False,True,context
RGI60-19.00023,Brown,5.357312883250383,matched_historical,3.190623783505571,mapped_outline,1947,2026,1947–2026,79,2.1666890997448123,40.443579588546285,0.027426444300567242,0.5119440454246366,False,True,study
