RGIId,name_1,area_1947_km2,area_1988_km2,area_2014_km2,area_2019_km2,area_2026_km2
RGI60-19.00001,AU1041,0.44490163257263554,0.3952393966516649,0.3041064631497783,0.29466555806707156,0.2913869887189329
RGI60-19.00002,Abbotsmith,23.667053053104304,22.752441095182697,21.815680992115546,20.911455889287737,20.010523469504022
RGI60-19.00003,Gotley,27.690189146429972,27.53860265376633,26.654106491029086,26.061087926696615,25.802549625080086
RGI60-19.00004,AU1121,4.9908080931437615,3.0348324845847454,2.2858522653104694,2.1722688568717565,2.1321839287016275
RGI60-19.00005,Stephenson,25.84551559494513,20.52004767075462,9.227294986118597,8.376110965990259,8.14320061639229
RGI60-19.00006,Lied,16.052981278159116,15.557893235383695,15.212014148101957,14.78086327358515,14.264392376099604
RGI60-19.00007,AU1211,8.376701532538354,7.526844837204521,7.4648358214559,6.4698756819936705,6.290049397983708
RGI60-19.00008,Winston,22.398199385368528,15.913745270110017,13.459200134050743,12.54860561178011,11.929476284655415
RGI60-19.00009,AU1141,9.010613161286237,6.880087363992995,4.600634728429636,4.380926824942834,4.286486365152833
RGI60-19.00010,Fifty-one,25.456080825157116,23.76212969695124,22.07894317812399,21.552265569992493,21.067719558445944
RGI60-19.00011,AU1191,1.8497228913025394,1.3136793430669214,0.9781473828488946,0.8585464594599357,0.7323625909569798
RGI60-19.00012,Deacock,3.418442100908043,2.7798196152633436,2.180779070006445,1.952083635634274,1.9254835427018449
RGI60-19.00013,Downes,17.021118388147304,16.75649687745577,15.504066766825414,13.33965818659695,13.259091262552214
RGI60-19.00014,Ealey,21.88079149932781,21.449782471534327,19.673343722495122,18.384140088693,18.096060156461316
RGI60-19.00015,Mary Powell,3.3090788370694746,2.435257242568191,2.0758530132757462,1.9619914072302327,1.8248892834275336
RGI60-19.00016,Vahsel-Allison,18.66796130466063,18.470609571349748,17.456564953716907,16.833548622774757,16.476800318443914
RGI60-19.00017,Nares,2.2608202183179498,1.8107460972994067,1.6705181195776486,1.3953674088012031,1.2744292484161814
RGI60-19.00018,Challenger,7.472040102724129,7.419819571884695,7.523175531798592,6.886765894831898,6.688975428579561
RGI60-19.00019,AU1091,,1.5395520291486462,0.35027774788721516,0.0,0.0
RGI60-19.00020,Compton,22.154032645720076,13.370408720853765,12.538256144551523,11.519489907195974,10.050346798143039
RGI60-19.00021,Jacka,3.889798699831913,3.673118738825366,0.6025214689781212,0.0,0.0
RGI60-19.00022,Baudissin-Schmidt,16.332461760991897,15.768045965575336,15.471822328860139,14.741840427865299,13.887451603733348
RGI60-19.00023,Brown,5.357312883250383,4.27669676838624,3.4036137984017,3.3329476990066413,3.190623783505571
