point_id,E,N,block_E,block_N,max_edge_m,observed_depth_m,held_out_prediction_m,residual_m,supported_prediction,nearest_training_sounding_m
Brown_2004_001,411025.0,4118540.0,4110,41185,100.0,4.5,,,False,32.2490309931942
Brown_2004_002,410995.0,4118580.0,4109,41185,100.0,15.0,,,False,50.0
Brown_2004_003,410979.0,4118599.0,4109,41185,100.0,15.0,,,False,26.248809496813376
Brown_2004_004,410962.0,4118619.0,4109,41186,100.0,16.0,,,False,26.248809496813376
Brown_2004_005,410944.0,4118641.0,4109,41186,100.0,17.0,,,False,54.67174773134658
Brown_2004_006,410924.0,4118669.0,4109,41186,100.0,22.0,,,False,53.075418038862395
Brown_2004_007,410905.0,4118689.0,4109,41186,100.0,28.0,,,False,25.495097567963924
Brown_2004_008,410888.0,4118708.0,4108,41187,100.0,30.0,,,False,25.495097567963924
Brown_2004_009,410868.0,4118738.0,4108,41187,100.0,19.0,,,False,61.40032573203501
Brown_2004_010,410852.0,4118762.0,4108,41187,100.0,15.0,,,False,69.8927750200262
Brown_2004_011,410831.0,4118795.0,4108,41187,100.0,13.0,,,False,34.66987164671943
Brown_2004_012,410812.0,4118824.0,4108,41188,100.0,14.0,,,False,34.66987164671943
Brown_2004_013,410785.0,4118862.0,4107,41188,100.0,12.0,,,False,46.61544808322666
Brown_2004_014,410759.0,4118899.0,4107,41188,100.0,12.0,,,False,47.01063709417264
Brown_2004_015,410736.0,4118940.0,4107,41189,100.0,5.7,,,False,47.01063709417264
Brown_2004_016,410711.0,4118981.0,4107,41189,100.0,5.6,,,False,36.89173349139343
Brown_2004_017,410691.0,4119012.0,4106,41190,100.0,6.2,,,False,36.89173349139343
Brown_2004_018,410665.0,4119049.0,4106,41190,100.0,4.5,,,False,70.71067811865476
Brown_2004_019,410636.0,4119073.0,4106,41190,100.0,2.8,,,False,54.62600113499065
Brown_2004_020,410588.0,4119105.0,4105,41191,100.0,1.6,,,False,26.076809620810597
Brown_2004_021,410562.0,4119109.0,4105,41191,100.0,1.6,,,False,18.439088914585774
Brown_2004_022,410566.0,4119091.0,4105,41190,100.0,2.0,,,False,18.439088914585774
Brown_2004_023,410574.0,4119074.0,4105,41190,100.0,3.7,,,False,34.0147027033899
Brown_2004_024,410586.0,4119051.0,4105,41190,100.0,4.2,,,False,33.015148038438355
Brown_2004_025,410605.0,4119024.0,4106,41190,100.0,6.7,,,False,33.015148038438355
Brown_2004_026,410617.0,4119010.0,4106,41190,100.0,8.3,,,False,26.92582403567252
Brown_2004_027,410631.0,4118987.0,4106,41189,100.0,9.7,,,False,26.92582403567252
Brown_2004_028,410643.0,4118967.0,4106,41189,100.0,11.0,,,False,50.24937810560445
Brown_2004_029,410665.0,4118933.0,4106,41189,100.0,15.0,,,False,47.50789408087881
Brown_2004_030,410682.0,4118908.0,4106,41189,100.0,18.0,,,False,17.804493814764857
Brown_2004_031,410696.0,4118897.0,4106,41188,100.0,18.0,18.1968253968254,0.19682539682539968,True,15.264337522473747
Brown_2004_032,410709.0,4118889.0,4107,41188,100.0,18.0,,,False,15.264337522473747
Brown_2004_033,410718.0,4118871.0,4107,41188,100.0,20.0,,,False,34.058772731852805
Brown_2004_034,410722.0,4118863.0,4107,41188,100.0,20.0,,,False,42.80186911806539
Brown_2004_035,410730.0,4118851.0,4107,41188,100.0,20.0,,,False,57.201398584300364
Brown_2004_036,410753.0,4118800.0,4107,41188,100.0,21.0,,,False,41.340053217188775
Brown_2004_037,410775.0,4118765.0,4107,41187,100.0,25.0,24.99637954442601,-0.0036204555739907107,True,41.340053217188775
Brown_2004_038,410786.0,4118739.0,4107,41187,100.0,27.0,28.57685925478956,1.5768592547895608,True,30.4138126514911
Brown_2004_039,410800.0,4118712.0,4108,41187,100.0,32.0,32.01144164759725,0.011441647597251858,True,30.4138126514911
Brown_2004_040,410816.0,4118684.0,4108,41186,100.0,37.0,,,False,32.2490309931942
Brown_2004_041,410827.0,4118669.0,4108,41186,100.0,42.0,,,False,50.774009099144415
Brown_2004_042,410839.0,4118648.0,4108,41186,100.0,49.0,,,False,50.24937810560445
Brown_2004_043,410853.0,4118625.0,4108,41186,100.0,47.0,,,False,28.460498941515414
Brown_2004_044,410864.0,4118605.0,4108,41186,100.0,45.0,,,False,13.0
Brown_2004_045,410880.0,4118579.0,4108,41185,100.0,44.0,43.61121380160198,-0.388786198398023,True,23.08679276123039
Brown_2004_046,410890.0,4118559.0,4108,41185,100.0,45.0,43.02947678703021,-1.9705232129697876,True,22.47220505424423
Brown_2004_047,410902.0,4118540.0,4109,41185,100.0,42.0,,,False,22.47220505424423
Brown_2004_048,410915.0,4118525.0,4109,41185,100.0,35.0,,,False,37.94733192202055
Brown_2004_049,410923.0,4118518.0,4109,41185,100.0,30.0,,,False,35.22782990761707
Brown_2004_050,410941.0,4118513.0,4109,41185,100.0,25.0,,,False,44.94441010848846
Brown_2004_051,410961.0,4118509.0,4109,41185,100.0,20.0,,,False,30.463092423455635
Brown_2004_052,410973.0,4118505.0,4109,41185,100.0,8.4,,,False,17.88854381999832
Brown_2004_053,410989.0,4118497.0,4109,41184,100.0,3.8,5.252674897119342,1.4526748971193424,True,17.08800749063506
Brown_2004_054,411005.0,4118491.0,4110,41184,100.0,1.8,,,False,17.08800749063506
Brown_2004_055,411020.0,4118487.0,4110,41184,100.0,1.2,,,False,21.213203435596427
Brown_2004_056,411023.0,4118508.0,4110,41185,100.0,2.8,,,False,21.213203435596427
Brown_2004_057,410995.0,4118525.0,4109,41185,100.0,11.0,,,False,28.635642126552707
Brown_2004_058,410959.0,4118527.0,4109,41185,100.0,22.0,,,False,42.42640687119285
Brown_2004_059,410935.0,4118522.0,4109,41185,100.0,26.0,,,False,45.967379738244816
Brown_2004_060,410920.0,4118510.0,4109,41185,100.0,24.0,,,False,27.018512172212592
Brown_2004_061,410915.0,4118500.0,4109,41185,100.0,25.0,,,False,16.278820596099706
Brown_2004_062,410903.0,4118489.0,4109,41184,100.0,21.0,,,False,16.278820596099706
Brown_2004_063,410881.0,4118503.0,4108,41185,100.0,34.0,,,False,26.076809620810597
Brown_2004_064,410868.0,4118518.0,4108,41185,100.0,47.0,,,False,40.496913462633174
Brown_2004_065,410857.0,4118530.0,4108,41185,100.0,46.0,,,False,46.09772228646444
Brown_2004_066,410841.0,4118550.0,4108,41185,100.0,51.0,,,False,54.70831746635972
Brown_2004_067,410823.0,4118571.0,4108,41185,100.0,51.0,,,False,31.016124838541646
Brown_2004_068,410802.0,4118596.0,4108,41185,100.0,52.0,,,False,20.248456731316587
Brown_2004_069,410774.0,4118630.0,4107,41186,100.0,52.0,,,False,44.04543109109048
Brown_2004_070,410748.0,4118663.0,4107,41186,100.0,52.0,,,False,62.289646009589745
Brown_2004_071,410724.0,4118689.0,4107,41186,100.0,56.0,,,False,26.90724809414742
Brown_2004_072,410706.0,4118709.0,4107,41187,100.0,46.0,,,False,18.439088914585774
Brown_2004_073,410694.0,4118723.0,4106,41187,100.0,41.0,,,False,18.439088914585774
Brown_2004_074,410675.0,4118744.0,4106,41187,100.0,34.0,,,False,46.75467891024384
Brown_2004_075,410635.0,4118791.0,4106,41187,100.0,30.0,,,False,59.033888572581766
Brown_2004_076,410598.0,4118837.0,4105,41188,100.0,27.0,,,False,59.033888572581766
Brown_2004_077,410564.0,4118878.0,4105,41188,100.0,20.0,,,False,38.28837943815329
Brown_2004_078,410539.0,4118907.0,4105,41189,100.0,16.0,,,False,38.28837943815329
Brown_2004_079,410511.0,4118941.0,4105,41189,100.0,15.0,,,False,36.124783736376884
Brown_2004_080,410487.0,4118968.0,4104,41189,100.0,11.0,,,False,36.124783736376884
Brown_2004_081,410469.0,4118991.0,4104,41189,100.0,9.8,,,False,29.410882339705484
Brown_2004_082,410452.0,4119015.0,4104,41190,100.0,7.4,,,False,29.410882339705484
Brown_2004_083,410434.0,4119033.0,4104,41190,100.0,3.8,,,False,36.05551275463989
Brown_2004_084,410419.0,4119049.0,4104,41190,100.0,2.0,,,False,25.238858928247925
Brown_2004_085,410409.0,4119049.0,4104,41190,100.0,1.6,,,False,17.804493814764857
Brown_2004_086,410398.0,4119035.0,4103,41190,100.0,2.1,,,False,17.804493814764857
Brown_2004_087,410398.0,4119015.0,4103,41190,100.0,2.9,,,False,29.410882339705484
Brown_2004_088,410415.0,4118991.0,4104,41189,100.0,5.4,,,False,29.410882339705484
Brown_2004_089,410463.0,4118929.0,4104,41189,100.0,11.0,,,False,49.47726750741192
Brown_2004_090,410474.0,4118903.0,4104,41189,100.0,13.0,,,False,35.84689665786984
Brown_2004_091,410488.0,4118870.0,4104,41188,100.0,16.0,,,False,35.84689665786984
Brown_2004_092,410497.0,4118850.0,4104,41188,100.0,17.0,,,False,22.360679774997898
Brown_2004_093,410507.0,4118830.0,4105,41188,100.0,19.0,,,False,22.360679774997898
Brown_2004_094,410518.0,4118809.0,4105,41188,100.0,22.0,,,False,21.95449840010015
Brown_2004_095,410529.0,4118790.0,4105,41187,100.0,26.0,,,False,21.95449840010015
Brown_2004_096,410541.0,4118767.0,4105,41187,100.0,29.0,,,False,47.885279575251516
Brown_2004_097,410555.0,4118744.0,4105,41187,100.0,32.0,,,False,55.226805085936306
Brown_2004_098,410568.0,4118720.0,4105,41187,100.0,35.0,,,False,28.0178514522438
Brown_2004_099,410584.0,4118697.0,4105,41186,100.0,38.0,,,False,28.0178514522438
Brown_2004_100,410614.0,4118659.0,4106,41186,100.0,51.0,,,False,48.41487374764082
Brown_2004_101,410627.0,4118643.0,4106,41186,100.0,52.0,,,False,55.54277630799526
Brown_2004_102,410642.0,4118625.0,4106,41186,100.0,52.0,,,False,36.05551275463989
Brown_2004_103,410659.0,4118607.0,4106,41186,100.0,53.0,,,False,15.132745950421556
Brown_2004_104,410680.0,4118587.0,4106,41185,100.0,52.0,52.51254480286738,0.5125448028673816,True,28.653097563788805
Brown_2004_105,410701.0,4118553.0,4107,41185,100.0,52.0,,,False,39.96248240537617
Brown_2004_106,410715.0,4118526.0,4107,41185,100.0,52.0,,,False,34.92849839314596
Brown_2004_107,410729.0,4118494.0,4107,41184,100.0,54.0,,,False,34.92849839314596
Brown_2004_108,410738.0,4118473.0,4107,41184,100.0,53.0,,,False,57.77542730261716
Brown_2004_109,410747.0,4118458.0,4107,41184,100.0,40.0,,,False,60.41522986797286
Brown_2004_110,410757.0,4118445.0,4107,41184,100.0,34.0,,,False,51.42956348249516
Brown_2004_111,410767.0,4118433.0,4107,41184,100.0,26.0,,,False,47.38143096192854
Brown_2004_112,410774.0,4118423.0,4107,41184,100.0,20.0,,,False,46.647615158762406
Brown_2004_113,410774.0,4118414.0,4107,41184,100.0,3.0,,,False,42.720018726587654
Brown_2004_114,410759.0,4118405.0,4107,41184,100.0,4.6,,,False,25.709920264364882
Brown_2004_115,410734.0,4118399.0,4107,41183,100.0,6.7,,,False,21.95449840010015
Brown_2004_116,410715.0,4118410.0,4107,41184,100.0,14.0,,,False,21.95449840010015
Brown_2004_117,410700.0,4118426.0,4107,41184,100.0,23.0,,,False,23.430749027719962
Brown_2004_118,410685.0,4118444.0,4106,41184,100.0,32.0,,,False,23.430749027719962
Brown_2004_119,410668.0,4118466.0,4106,41184,100.0,37.0,,,False,51.22499389946279
Brown_2004_120,410648.0,4118489.0,4106,41184,100.0,44.0,,,False,24.08318915758459
Brown_2004_121,410632.0,4118507.0,4106,41185,100.0,49.0,,,False,24.08318915758459
Brown_2004_122,410616.0,4118527.0,4106,41185,100.0,51.0,,,False,49.678969393496885
Brown_2004_123,410568.0,4118583.0,4105,41185,100.0,51.0,,,False,36.796738985948195
Brown_2004_124,410543.0,4118610.0,4105,41186,100.0,51.0,,,False,36.796738985948195
Brown_2004_125,410518.0,4118639.0,4105,41186,100.0,48.0,,,False,37.8021163428716
Brown_2004_126,410495.0,4118669.0,4104,41186,100.0,45.0,,,False,37.8021163428716
Brown_2004_127,410469.0,4118708.0,4104,41187,100.0,37.0,,,False,46.87216658103186
Brown_2004_128,410444.0,4118742.0,4104,41187,100.0,37.0,,,False,56.515484603779164
Brown_2004_129,410425.0,4118768.0,4104,41187,100.0,30.0,,,False,38.27531841800928
Brown_2004_130,410408.0,4118796.0,4104,41187,100.0,20.0,,,False,42.04759208325728
Brown_2004_131,410385.0,4118835.0,4103,41188,100.0,12.0,,,False,45.18849411078001
Brown_2004_132,410366.0,4118865.0,4103,41188,100.0,11.0,,,False,52.15361924162119
Brown_2004_133,410350.0,4118892.0,4103,41188,100.0,9.5,,,False,20.808652046684813
Brown_2004_134,410338.0,4118909.0,4103,41189,100.0,9.1,,,False,20.808652046684813
Brown_2004_135,410323.0,4118914.0,4103,41189,100.0,6.1,,,False,33.421549934136806
Brown_2004_136,410313.0,4118914.0,4103,41189,100.0,5.1,,,False,28.231188426986208
Brown_2004_137,410304.0,4118904.0,4103,41189,100.0,4.5,,,False,16.1245154965971
Brown_2004_138,410302.0,4118888.0,4103,41188,100.0,5.5,,,False,16.1245154965971
Brown_2004_139,410320.0,4118862.0,4103,41188,100.0,9.0,,,False,44.94441010848846
Brown_2004_140,410343.0,4118832.0,4103,41188,100.0,9.7,,,False,44.41846462902562
Brown_2004_141,410366.0,4118794.0,4103,41187,100.0,15.0,,,False,42.04759208325728
Brown_2004_142,410389.0,4118755.0,4103,41187,100.0,26.0,,,False,29.68164415931166
Brown_2004_143,410405.0,4118730.0,4104,41187,100.0,30.0,,,False,29.68164415931166
Brown_2004_144,410416.0,4118711.0,4104,41187,100.0,32.0,,,False,34.0147027033899
Brown_2004_145,410430.0,4118680.0,4104,41186,100.0,36.0,,,False,34.0147027033899
Brown_2004_146,410440.0,4118642.0,4104,41186,100.0,41.0,,,False,45.880278987817846
Brown_2004_147,410456.0,4118599.0,4104,41185,100.0,45.0,,,False,45.880278987817846
Brown_2004_148,410476.0,4118562.0,4104,41185,100.0,48.0,,,False,42.04759208325728
Brown_2004_149,410493.0,4118538.0,4104,41185,100.0,52.0,,,False,33.301651610693426
Brown_2004_150,410517.0,4118506.0,4105,41185,100.0,50.0,,,False,40.0
Brown_2004_151,410540.0,4118468.0,4105,41184,100.0,50.0,,,False,44.41846462902562
Brown_2004_152,410560.0,4118431.0,4105,41184,100.0,48.0,,,False,36.40054944640259
Brown_2004_153,410566.0,4118416.0,4105,41184,100.0,35.0,,,False,20.396078054371138
Brown_2004_154,410570.0,4118396.0,4105,41183,100.0,21.0,,,False,20.396078054371138
Brown_2004_155,410568.0,4118388.0,4105,41183,100.0,13.0,,,False,28.071337695236398
Brown_2004_156,410551.0,4118380.0,4105,41183,100.0,9.0,,,False,39.0
Brown_2004_157,410535.0,4118371.0,4105,41183,100.0,5.0,,,False,53.600373133029585
Brown_2004_158,410521.0,4118369.0,4105,41183,100.0,9.3,,,False,44.68780594300866
Brown_2004_159,410550.0,4118390.0,4105,41183,100.0,16.0,,,False,30.528675044947494
Brown_2004_160,410536.0,4118379.0,4105,41183,100.0,11.0,,,False,47.634021455258214
Brown_2004_161,410515.0,4118373.0,4105,41183,100.0,9.1,,,False,37.8021163428716
Brown_2004_162,410503.0,4118385.0,4105,41183,100.0,16.0,,,False,21.095023109728988
Brown_2004_163,410492.0,4118403.0,4104,41184,100.0,24.0,,,False,21.095023109728988
Brown_2004_164,410474.0,4118435.0,4104,41184,100.0,26.0,,,False,48.041648597857254
Brown_2004_165,410457.0,4118463.0,4104,41184,100.0,25.0,,,False,59.00847396772772
Brown_2004_166,410438.0,4118499.0,4104,41184,100.0,28.0,,,False,32.202484376209235
Brown_2004_167,410418.0,4118537.0,4104,41185,100.0,35.0,,,False,42.941821107167776
Brown_2004_168,410402.0,4118570.0,4104,41185,100.0,28.0,,,False,31.76476034853718
Brown_2004_169,410387.0,4118598.0,4103,41185,100.0,22.0,21.956110877782443,-0.04388912221755703,True,31.76476034853718
Brown_2004_170,410367.0,4118629.0,4103,41186,100.0,14.0,,,False,36.89173349139343
Brown_2004_171,410360.0,4118642.0,4103,41186,100.0,11.0,,,False,51.62363799656123
Brown_2004_172,410356.0,4118661.0,4103,41186,100.0,4.6,,,False,70.21395872616783
Brown_2004_173,410352.0,4118680.0,4103,41186,100.0,6.9,,,False,71.11258679024411
Brown_2004_174,410360.0,4118684.0,4103,41186,100.0,15.0,,,False,62.16912416947821
Brown_2004_175,410356.0,4118666.0,4103,41186,100.0,7.1,,,False,74.73285756613352
Brown_2004_176,410353.0,4118653.0,4103,41186,100.0,8.2,,,False,64.66065264130884
Brown_2004_177,410347.0,4118634.0,4103,41186,100.0,6.6,,,False,53.81449618829484
Brown_2004_178,410350.0,4118603.0,4103,41186,100.0,6.9,,,False,26.476404589747453
Brown_2004_179,410355.0,4118577.0,4103,41185,100.0,12.0,,,False,26.476404589747453
Brown_2004_180,410350.0,4118537.0,4103,41185,100.0,15.0,,,False,38.01315561749642
Brown_2004_181,410349.0,4118499.0,4103,41184,100.0,13.0,,,False,38.01315561749642
Brown_2004_182,410358.0,4118478.0,4103,41184,100.0,6.8,,,False,59.53990258641679
Brown_2004_183,410381.0,4118473.0,4103,41184,100.0,8.1,,,False,48.02082881417188
Brown_2004_184,410398.0,4118464.0,4103,41184,100.0,5.7,,,False,28.844410203711913
Brown_2004_185,410422.0,4118448.0,4104,41184,100.0,6.7,,,False,28.844410203711913
Brown_2004_186,410430.0,4118425.0,4104,41184,100.0,4.3,,,False,50.44799302251776
Brown_2004_187,410439.0,4118402.0,4104,41184,100.0,8.2,,,False,36.24913792078372
Brown_2004_188,410472.0,4118387.0,4104,41183,100.0,19.0,,,False,19.1049731745428
Brown_2004_189,410474.0,4118406.0,4104,41184,100.0,20.0,,,False,19.1049731745428
Brown_2004_190,410461.0,4118427.0,4104,41184,100.0,18.0,,,False,41.48493702538308
Brown_2004_191,410427.0,4118493.0,4104,41184,100.0,24.0,,,False,35.12833614050059
Brown_2004_192,410424.0,4118528.0,4104,41185,100.0,37.0,,,False,32.202484376209235
Brown_2004_193,410446.0,4118538.0,4104,41185,100.0,41.0,,,False,39.81205847478876
Brown_2004_194,410482.0,4118549.0,4104,41185,100.0,48.0,,,False,37.64306044943742
Brown_2004_195,410518.0,4118560.0,4105,41185,100.0,45.0,,,False,33.301651610693426
Brown_2004_196,410551.0,4118567.0,4105,41185,100.0,52.0,,,False,43.73785545725808
Brown_2004_197,410578.0,4118572.0,4105,41185,100.0,51.0,,,False,37.64306044943742
Brown_2004_198,410614.0,4118583.0,4106,41185,100.0,53.0,,,False,37.64306044943742
Brown_2004_199,410640.0,4118589.0,4106,41185,100.0,54.0,,,False,26.1725046566048
Brown_2004_200,410661.0,4118592.0,4106,41185,100.0,53.0,,,False,15.132745950421556
Brown_2004_201,410685.0,4118597.0,4106,41185,100.0,52.0,52.42293906810036,0.4229390681003622,True,20.396078054371138
Brown_2004_202,410705.0,4118601.0,4107,41186,100.0,52.0,,,False,20.396078054371138
Brown_2004_203,410758.0,4118619.0,4107,41186,100.0,52.0,,,False,49.64876634922564
Brown_2004_204,410791.0,4118613.0,4107,41186,100.0,53.0,,,False,20.248456731316587
Brown_2004_205,410824.0,4118602.0,4108,41186,100.0,52.0,52.8804347826087,0.8804347826087024,True,20.396078054371138
Brown_2004_206,410844.0,4118598.0,4108,41185,100.0,53.0,48.79587324981577,-4.20412675018423,True,20.396078054371138
Brown_2004_207,410869.0,4118593.0,4108,41185,100.0,45.0,44.79071481208548,-0.20928518791451722,True,13.0
Brown_2004_208,410903.0,4118581.0,4109,41185,100.0,38.0,37.78235294117647,-0.21764705882353041,True,23.08679276123039
Brown_2004_209,410939.0,4118574.0,4109,41185,100.0,30.0,,,False,50.53711507397311
Brown_2004_210,410968.0,4118568.0,4109,41185,100.0,25.0,,,False,51.35172830587107
Brown_2004_211,410997.0,4118556.0,4109,41185,100.0,16.0,,,False,32.2490309931942
Brown_2004_001,411025.0,4118540.0,4110,41185,150.0,4.5,,,False,32.2490309931942
Brown_2004_002,410995.0,4118580.0,4109,41185,150.0,15.0,,,False,50.0
Brown_2004_003,410979.0,4118599.0,4109,41185,150.0,15.0,,,False,26.248809496813376
Brown_2004_004,410962.0,4118619.0,4109,41186,150.0,16.0,17.837028824833702,1.837028824833702,True,26.248809496813376
Brown_2004_005,410944.0,4118641.0,4109,41186,150.0,17.0,,,False,54.67174773134658
Brown_2004_006,410924.0,4118669.0,4109,41186,150.0,22.0,,,False,53.075418038862395
Brown_2004_007,410905.0,4118689.0,4109,41186,150.0,28.0,,,False,25.495097567963924
Brown_2004_008,410888.0,4118708.0,4108,41187,150.0,30.0,,,False,25.495097567963924
Brown_2004_009,410868.0,4118738.0,4108,41187,150.0,19.0,,,False,61.40032573203501
Brown_2004_010,410852.0,4118762.0,4108,41187,150.0,15.0,,,False,69.8927750200262
Brown_2004_011,410831.0,4118795.0,4108,41187,150.0,13.0,,,False,34.66987164671943
Brown_2004_012,410812.0,4118824.0,4108,41188,150.0,14.0,,,False,34.66987164671943
Brown_2004_013,410785.0,4118862.0,4107,41188,150.0,12.0,11.565617096611028,-0.4343829033889719,True,46.61544808322666
Brown_2004_014,410759.0,4118899.0,4107,41188,150.0,12.0,9.156133029843197,-2.843866970156803,True,47.01063709417264
Brown_2004_015,410736.0,4118940.0,4107,41189,150.0,5.7,,,False,47.01063709417264
Brown_2004_016,410711.0,4118981.0,4107,41189,150.0,5.6,,,False,36.89173349139343
Brown_2004_017,410691.0,4119012.0,4106,41190,150.0,6.2,,,False,36.89173349139343
Brown_2004_018,410665.0,4119049.0,4106,41190,150.0,4.5,,,False,70.71067811865476
Brown_2004_019,410636.0,4119073.0,4106,41190,150.0,2.8,,,False,54.62600113499065
Brown_2004_020,410588.0,4119105.0,4105,41191,150.0,1.6,,,False,26.076809620810597
Brown_2004_021,410562.0,4119109.0,4105,41191,150.0,1.6,,,False,18.439088914585774
Brown_2004_022,410566.0,4119091.0,4105,41190,150.0,2.0,,,False,18.439088914585774
Brown_2004_023,410574.0,4119074.0,4105,41190,150.0,3.7,,,False,34.0147027033899
Brown_2004_024,410586.0,4119051.0,4105,41190,150.0,4.2,,,False,33.015148038438355
Brown_2004_025,410605.0,4119024.0,4106,41190,150.0,6.7,6.519360824742267,-0.180639175257733,True,33.015148038438355
Brown_2004_026,410617.0,4119010.0,4106,41190,150.0,8.3,7.591154639175257,-0.7088453608247436,True,26.92582403567252
Brown_2004_027,410631.0,4118987.0,4106,41189,150.0,9.7,10.279618687945423,0.5796186879454233,True,26.92582403567252
Brown_2004_028,410643.0,4118967.0,4106,41189,150.0,11.0,12.001467990497655,1.0014679904976553,True,50.24937810560445
Brown_2004_029,410665.0,4118933.0,4106,41189,150.0,15.0,14.924547724919291,-0.07545227508070873,True,47.50789408087881
Brown_2004_030,410682.0,4118908.0,4106,41189,150.0,18.0,17.071779253213133,-0.9282207467868666,True,17.804493814764857
Brown_2004_031,410696.0,4118897.0,4106,41188,150.0,18.0,18.1968253968254,0.19682539682539968,True,15.264337522473747
Brown_2004_032,410709.0,4118889.0,4107,41188,150.0,18.0,17.52272382397572,-0.4772761760242794,True,15.264337522473747
Brown_2004_033,410718.0,4118871.0,4107,41188,150.0,20.0,,,False,34.058772731852805
Brown_2004_034,410722.0,4118863.0,4107,41188,150.0,20.0,,,False,42.80186911806539
Brown_2004_035,410730.0,4118851.0,4107,41188,150.0,20.0,,,False,57.201398584300364
Brown_2004_036,410753.0,4118800.0,4107,41188,150.0,21.0,,,False,41.340053217188775
Brown_2004_037,410775.0,4118765.0,4107,41187,150.0,25.0,24.99637954442601,-0.0036204555739907107,True,41.340053217188775
Brown_2004_038,410786.0,4118739.0,4107,41187,150.0,27.0,28.57685925478956,1.5768592547895608,True,30.4138126514911
Brown_2004_039,410800.0,4118712.0,4108,41187,150.0,32.0,32.01144164759725,0.011441647597251858,True,30.4138126514911
Brown_2004_040,410816.0,4118684.0,4108,41186,150.0,37.0,36.9935064935065,-0.006493506493498558,True,32.2490309931942
Brown_2004_041,410827.0,4118669.0,4108,41186,150.0,42.0,39.59172077922078,-2.408279220779221,True,50.774009099144415
Brown_2004_042,410839.0,4118648.0,4108,41186,150.0,49.0,43.33685064935065,-5.663149350649348,True,50.24937810560445
Brown_2004_043,410853.0,4118625.0,4108,41186,150.0,47.0,47.41152597402597,0.41152597402597024,True,28.460498941515414
Brown_2004_044,410864.0,4118605.0,4108,41186,150.0,45.0,46.01589147286822,1.0158914728682191,True,13.0
Brown_2004_045,410880.0,4118579.0,4108,41185,150.0,44.0,43.61121380160198,-0.388786198398023,True,23.08679276123039
Brown_2004_046,410890.0,4118559.0,4108,41185,150.0,45.0,43.02947678703021,-1.9705232129697876,True,22.47220505424423
Brown_2004_047,410902.0,4118540.0,4109,41185,150.0,42.0,36.5546048334422,-5.445395166557802,True,22.47220505424423
Brown_2004_048,410915.0,4118525.0,4109,41185,150.0,35.0,29.0833442194644,-5.916655780535599,True,37.94733192202055
Brown_2004_049,410923.0,4118518.0,4109,41185,150.0,30.0,25.156041802743307,-4.843958197256693,True,35.22782990761707
Brown_2004_050,410941.0,4118513.0,4109,41185,150.0,25.0,19.550228608752448,-5.449771391247552,True,44.94441010848846
Brown_2004_051,410961.0,4118509.0,4109,41185,150.0,20.0,13.789026779882432,-6.210973220117568,True,30.463092423455635
Brown_2004_052,410973.0,4118505.0,4109,41185,150.0,8.4,9.851469627694318,1.4514696276943173,True,17.88854381999832
Brown_2004_053,410989.0,4118497.0,4109,41184,150.0,3.8,5.252674897119342,1.4526748971193424,True,17.08800749063506
Brown_2004_054,411005.0,4118491.0,4110,41184,150.0,1.8,,,False,17.08800749063506
Brown_2004_055,411020.0,4118487.0,4110,41184,150.0,1.2,,,False,21.213203435596427
Brown_2004_056,411023.0,4118508.0,4110,41185,150.0,2.8,,,False,21.213203435596427
Brown_2004_057,410995.0,4118525.0,4109,41185,150.0,11.0,5.635332252836305,-5.364667747163695,True,28.635642126552707
Brown_2004_058,410959.0,4118527.0,4109,41185,150.0,22.0,16.387658592848908,-5.612341407151092,True,42.42640687119285
Brown_2004_059,410935.0,4118522.0,4109,41185,150.0,26.0,23.6226649248857,-2.377335075114299,True,45.967379738244816
Brown_2004_060,410920.0,4118510.0,4109,41185,150.0,24.0,23.43572828216852,-0.5642717178314811,True,27.018512172212592
Brown_2004_061,410915.0,4118500.0,4109,41185,150.0,25.0,21.57028086218158,-3.42971913781842,True,16.278820596099706
Brown_2004_062,410903.0,4118489.0,4109,41184,150.0,21.0,,,False,16.278820596099706
Brown_2004_063,410881.0,4118503.0,4108,41185,150.0,34.0,,,False,26.076809620810597
Brown_2004_064,410868.0,4118518.0,4108,41185,150.0,47.0,,,False,40.496913462633174
Brown_2004_065,410857.0,4118530.0,4108,41185,150.0,46.0,,,False,46.09772228646444
Brown_2004_066,410841.0,4118550.0,4108,41185,150.0,51.0,,,False,54.70831746635972
Brown_2004_067,410823.0,4118571.0,4108,41185,150.0,51.0,,,False,31.016124838541646
Brown_2004_068,410802.0,4118596.0,4108,41185,150.0,52.0,52.27461559212301,0.2746155921230127,True,20.248456731316587
Brown_2004_069,410774.0,4118630.0,4107,41186,150.0,52.0,50.09172482552343,-1.9082751744765716,True,44.04543109109048
Brown_2004_070,410748.0,4118663.0,4107,41186,150.0,52.0,48.102691924227315,-3.897308075772685,True,62.289646009589745
Brown_2004_071,410724.0,4118689.0,4107,41186,150.0,56.0,46.94456630109671,-9.055433698903293,True,26.90724809414742
Brown_2004_072,410706.0,4118709.0,4107,41187,150.0,46.0,47.11415134672937,1.114151346729372,True,18.439088914585774
Brown_2004_073,410694.0,4118723.0,4106,41187,150.0,41.0,,,False,18.439088914585774
Brown_2004_074,410675.0,4118744.0,4106,41187,150.0,34.0,,,False,46.75467891024384
Brown_2004_075,410635.0,4118791.0,4106,41187,150.0,30.0,,,False,59.033888572581766
Brown_2004_076,410598.0,4118837.0,4105,41188,150.0,27.0,,,False,59.033888572581766
Brown_2004_077,410564.0,4118878.0,4105,41188,150.0,20.0,,,False,38.28837943815329
Brown_2004_078,410539.0,4118907.0,4105,41189,150.0,16.0,17.08761133603239,1.0876113360323885,True,38.28837943815329
Brown_2004_079,410511.0,4118941.0,4105,41189,150.0,15.0,13.703369617971294,-1.296630382028706,True,36.124783736376884
Brown_2004_080,410487.0,4118968.0,4104,41189,150.0,11.0,,,False,36.124783736376884
Brown_2004_081,410469.0,4118991.0,4104,41189,150.0,9.8,,,False,29.410882339705484
Brown_2004_082,410452.0,4119015.0,4104,41190,150.0,7.4,,,False,29.410882339705484
Brown_2004_083,410434.0,4119033.0,4104,41190,150.0,3.8,,,False,36.05551275463989
Brown_2004_084,410419.0,4119049.0,4104,41190,150.0,2.0,,,False,25.238858928247925
Brown_2004_085,410409.0,4119049.0,4104,41190,150.0,1.6,,,False,17.804493814764857
Brown_2004_086,410398.0,4119035.0,4103,41190,150.0,2.1,,,False,17.804493814764857
Brown_2004_087,410398.0,4119015.0,4103,41190,150.0,2.9,,,False,29.410882339705484
Brown_2004_088,410415.0,4118991.0,4104,41189,150.0,5.4,,,False,29.410882339705484
Brown_2004_089,410463.0,4118929.0,4104,41189,150.0,11.0,,,False,49.47726750741192
Brown_2004_090,410474.0,4118903.0,4104,41189,150.0,13.0,,,False,35.84689665786984
Brown_2004_091,410488.0,4118870.0,4104,41188,150.0,16.0,15.661823589978265,-0.3381764100217346,True,35.84689665786984
Brown_2004_092,410497.0,4118850.0,4104,41188,150.0,17.0,17.303397780574308,0.3033977805743078,True,22.360679774997898
Brown_2004_093,410507.0,4118830.0,4105,41188,150.0,19.0,20.00403225806452,1.0040322580645196,True,22.360679774997898
Brown_2004_094,410518.0,4118809.0,4105,41188,150.0,22.0,23.155241935483872,1.1552419354838719,True,21.95449840010015
Brown_2004_095,410529.0,4118790.0,4105,41187,150.0,26.0,24.715320059239758,-1.2846799407602418,True,21.95449840010015
Brown_2004_096,410541.0,4118767.0,4105,41187,150.0,29.0,28.009215073226922,-0.9907849267730775,True,47.885279575251516
Brown_2004_097,410555.0,4118744.0,4105,41187,150.0,32.0,31.29257857495475,-0.7074214250452506,True,55.226805085936306
Brown_2004_098,410568.0,4118720.0,4105,41187,150.0,35.0,34.72716801053151,-0.27283198946849296,True,28.0178514522438
Brown_2004_099,410584.0,4118697.0,4105,41186,150.0,38.0,40.99205765553758,2.992057655537579,True,28.0178514522438
Brown_2004_100,410614.0,4118659.0,4106,41186,150.0,51.0,43.587010339303916,-7.412989660696084,True,48.41487374764082
Brown_2004_101,410627.0,4118643.0,4106,41186,150.0,52.0,45.96679772826562,-6.033202271734382,True,55.54277630799526
Brown_2004_102,410642.0,4118625.0,4106,41186,150.0,52.0,48.67190913062473,-3.3280908693752735,True,36.05551275463989
Brown_2004_103,410659.0,4118607.0,4106,41186,150.0,53.0,51.52555701179555,-1.4744429882044514,True,15.132745950421556
Brown_2004_104,410680.0,4118587.0,4106,41185,150.0,52.0,52.51254480286738,0.5125448028673816,True,28.653097563788805
Brown_2004_105,410701.0,4118553.0,4107,41185,150.0,52.0,52.75988043839256,0.7598804383925568,True,39.96248240537617
Brown_2004_106,410715.0,4118526.0,4107,41185,150.0,52.0,53.33842577216872,1.3384257721687192,True,34.92849839314596
Brown_2004_107,410729.0,4118494.0,4107,41184,150.0,54.0,,,False,34.92849839314596
Brown_2004_108,410738.0,4118473.0,4107,41184,150.0,53.0,,,False,57.77542730261716
Brown_2004_109,410747.0,4118458.0,4107,41184,150.0,40.0,,,False,60.41522986797286
Brown_2004_110,410757.0,4118445.0,4107,41184,150.0,34.0,,,False,51.42956348249516
Brown_2004_111,410767.0,4118433.0,4107,41184,150.0,26.0,,,False,47.38143096192854
Brown_2004_112,410774.0,4118423.0,4107,41184,150.0,20.0,,,False,46.647615158762406
Brown_2004_113,410774.0,4118414.0,4107,41184,150.0,3.0,,,False,42.720018726587654
Brown_2004_114,410759.0,4118405.0,4107,41184,150.0,4.6,,,False,25.709920264364882
Brown_2004_115,410734.0,4118399.0,4107,41183,150.0,6.7,,,False,21.95449840010015
Brown_2004_116,410715.0,4118410.0,4107,41184,150.0,14.0,,,False,21.95449840010015
Brown_2004_117,410700.0,4118426.0,4107,41184,150.0,23.0,,,False,23.430749027719962
Brown_2004_118,410685.0,4118444.0,4106,41184,150.0,32.0,28.789617094507385,-3.210382905492615,True,23.430749027719962
Brown_2004_119,410668.0,4118466.0,4106,41184,150.0,37.0,36.00788756632726,-0.9921124336727374,True,51.22499389946279
Brown_2004_120,410648.0,4118489.0,4106,41184,150.0,44.0,43.31693675605908,-0.6830632439409214,True,24.08318915758459
Brown_2004_121,410632.0,4118507.0,4106,41185,150.0,49.0,45.56871765382404,-3.431282346175962,True,24.08318915758459
Brown_2004_122,410616.0,4118527.0,4106,41185,150.0,51.0,47.204404229804865,-3.795595770195135,True,49.678969393496885
Brown_2004_123,410568.0,4118583.0,4105,41185,150.0,51.0,51.053034166241716,0.05303416624171575,True,36.796738985948195
Brown_2004_124,410543.0,4118610.0,4105,41186,150.0,51.0,48.88861013547415,-2.1113898645258473,True,36.796738985948195
Brown_2004_125,410518.0,4118639.0,4105,41186,150.0,48.0,46.8233818364275,-1.176618163572499,True,37.8021163428716
Brown_2004_126,410495.0,4118669.0,4104,41186,150.0,45.0,43.04151971785829,-1.958480282141707,True,37.8021163428716
Brown_2004_127,410469.0,4118708.0,4104,41187,150.0,37.0,34.08347876672484,-2.916521233275162,True,46.87216658103186
Brown_2004_128,410444.0,4118742.0,4104,41187,150.0,37.0,29.137829912023463,-7.862170087976537,True,56.515484603779164
Brown_2004_129,410425.0,4118768.0,4104,41187,150.0,30.0,25.264367816091955,-4.735632183908045,True,38.27531841800928
Brown_2004_130,410408.0,4118796.0,4104,41187,150.0,20.0,19.883983572895275,-0.11601642710472504,True,42.04759208325728
Brown_2004_131,410385.0,4118835.0,4103,41188,150.0,12.0,16.26715948621889,4.26715948621889,True,45.18849411078001
Brown_2004_132,410366.0,4118865.0,4103,41188,150.0,11.0,13.362911426277762,2.362911426277762,True,52.15361924162119
Brown_2004_133,410350.0,4118892.0,4103,41188,150.0,9.5,10.776705913834626,1.2767059138346255,True,20.808652046684813
Brown_2004_134,410338.0,4118909.0,4103,41189,150.0,9.1,,,False,20.808652046684813
Brown_2004_135,410323.0,4118914.0,4103,41189,150.0,6.1,,,False,33.421549934136806
Brown_2004_136,410313.0,4118914.0,4103,41189,150.0,5.1,,,False,28.231188426986208
Brown_2004_137,410304.0,4118904.0,4103,41189,150.0,4.5,,,False,16.1245154965971
Brown_2004_138,410302.0,4118888.0,4103,41188,150.0,5.5,,,False,16.1245154965971
Brown_2004_139,410320.0,4118862.0,4103,41188,150.0,9.0,,,False,44.94441010848846
Brown_2004_140,410343.0,4118832.0,4103,41188,150.0,9.7,,,False,44.41846462902562
Brown_2004_141,410366.0,4118794.0,4103,41187,150.0,15.0,17.230287557108305,2.230287557108305,True,42.04759208325728
Brown_2004_142,410389.0,4118755.0,4103,41187,150.0,26.0,24.758357968288095,-1.2416420317119048,True,29.68164415931166
Brown_2004_143,410405.0,4118730.0,4104,41187,150.0,30.0,29.40175953079179,-0.5982404692082106,True,29.68164415931166
Brown_2004_144,410416.0,4118711.0,4104,41187,150.0,32.0,31.95307917888563,-0.04692082111436946,True,34.0147027033899
Brown_2004_145,410430.0,4118680.0,4104,41186,150.0,36.0,35.860557083906464,-0.13944291609353598,True,34.0147027033899
Brown_2004_146,410440.0,4118642.0,4104,41186,150.0,41.0,39.78296076642336,-1.2170392335766422,True,45.880278987817846
Brown_2004_147,410456.0,4118599.0,4104,41185,150.0,45.0,37.5458986886089,-7.454101311391099,True,45.880278987817846
Brown_2004_148,410476.0,4118562.0,4104,41185,150.0,48.0,37.26869730758771,-10.731302692412292,True,42.04759208325728
Brown_2004_149,410493.0,4118538.0,4104,41185,150.0,52.0,39.975111528527826,-12.024888471472174,True,33.301651610693426
Brown_2004_150,410517.0,4118506.0,4105,41185,150.0,50.0,51.07080192759175,1.0708019275917522,True,40.0
Brown_2004_151,410540.0,4118468.0,4105,41184,150.0,50.0,39.930488860899,-10.069511139101003,True,44.41846462902562
Brown_2004_152,410560.0,4118431.0,4105,41184,150.0,48.0,30.152168779028578,-17.847831220971422,True,36.40054944640259
Brown_2004_153,410566.0,4118416.0,4105,41184,150.0,35.0,26.211052507281746,-8.788947492718254,True,20.396078054371138
Brown_2004_154,410570.0,4118396.0,4105,41183,150.0,21.0,,,False,20.396078054371138
Brown_2004_155,410568.0,4118388.0,4105,41183,150.0,13.0,,,False,28.071337695236398
Brown_2004_156,410551.0,4118380.0,4105,41183,150.0,9.0,,,False,39.0
Brown_2004_157,410535.0,4118371.0,4105,41183,150.0,5.0,,,False,53.600373133029585
Brown_2004_158,410521.0,4118369.0,4105,41183,150.0,9.3,,,False,44.68780594300866
Brown_2004_159,410550.0,4118390.0,4105,41183,150.0,16.0,,,False,30.528675044947494
Brown_2004_160,410536.0,4118379.0,4105,41183,150.0,11.0,,,False,47.634021455258214
Brown_2004_161,410515.0,4118373.0,4105,41183,150.0,9.1,,,False,37.8021163428716
Brown_2004_162,410503.0,4118385.0,4105,41183,150.0,16.0,,,False,21.095023109728988
Brown_2004_163,410492.0,4118403.0,4104,41184,150.0,24.0,24.67434831885153,0.6743483188515285,True,21.095023109728988
Brown_2004_164,410474.0,4118435.0,4104,41184,150.0,26.0,26.27922744682585,0.27922744682584977,True,48.041648597857254
Brown_2004_165,410457.0,4118463.0,4104,41184,150.0,25.0,24.648480156466462,-0.3515198435335378,True,59.00847396772772
Brown_2004_166,410438.0,4118499.0,4104,41184,150.0,28.0,28.826226241569593,0.8262262415695929,True,32.202484376209235
Brown_2004_167,410418.0,4118537.0,4104,41185,150.0,35.0,25.565591397849463,-9.434408602150537,True,42.941821107167776
Brown_2004_168,410402.0,4118570.0,4104,41185,150.0,28.0,23.803916236062012,-4.196083763937988,True,31.76476034853718
Brown_2004_169,410387.0,4118598.0,4103,41185,150.0,22.0,21.956110877782443,-0.04388912221755703,True,31.76476034853718
Brown_2004_170,410367.0,4118629.0,4103,41186,150.0,14.0,,,False,36.89173349139343
Brown_2004_171,410360.0,4118642.0,4103,41186,150.0,11.0,,,False,51.62363799656123
Brown_2004_172,410356.0,4118661.0,4103,41186,150.0,4.6,,,False,70.21395872616783
Brown_2004_173,410352.0,4118680.0,4103,41186,150.0,6.9,,,False,71.11258679024411
Brown_2004_174,410360.0,4118684.0,4103,41186,150.0,15.0,,,False,62.16912416947821
Brown_2004_175,410356.0,4118666.0,4103,41186,150.0,7.1,,,False,74.73285756613352
Brown_2004_176,410353.0,4118653.0,4103,41186,150.0,8.2,,,False,64.66065264130884
Brown_2004_177,410347.0,4118634.0,4103,41186,150.0,6.6,,,False,53.81449618829484
Brown_2004_178,410350.0,4118603.0,4103,41186,150.0,6.9,,,False,26.476404589747453
Brown_2004_179,410355.0,4118577.0,4103,41185,150.0,12.0,10.348134534092999,-1.651865465907001,True,26.476404589747453
Brown_2004_180,410350.0,4118537.0,4103,41185,150.0,15.0,11.003620657967286,-3.9963793420327143,True,38.01315561749642
Brown_2004_181,410349.0,4118499.0,4103,41184,150.0,13.0,,,False,38.01315561749642
Brown_2004_182,410358.0,4118478.0,4103,41184,150.0,6.8,,,False,59.53990258641679
Brown_2004_183,410381.0,4118473.0,4103,41184,150.0,8.1,,,False,48.02082881417188
Brown_2004_184,410398.0,4118464.0,4103,41184,150.0,5.7,,,False,28.844410203711913
Brown_2004_185,410422.0,4118448.0,4104,41184,150.0,6.7,11.253320837747532,4.553320837747532,True,28.844410203711913
Brown_2004_186,410430.0,4118425.0,4104,41184,150.0,4.3,13.162720156555771,8.86272015655577,True,50.44799302251776
Brown_2004_187,410439.0,4118402.0,4104,41184,150.0,8.2,,,False,36.24913792078372
Brown_2004_188,410472.0,4118387.0,4104,41183,150.0,19.0,,,False,19.1049731745428
Brown_2004_189,410474.0,4118406.0,4104,41184,150.0,20.0,22.27225979952734,2.2722597995273404,True,19.1049731745428
Brown_2004_190,410461.0,4118427.0,4104,41184,150.0,18.0,20.968323690000815,2.9683236900008154,True,41.48493702538308
Brown_2004_191,410427.0,4118493.0,4104,41184,150.0,24.0,23.896122011036177,-0.1038779889638235,True,35.12833614050059
Brown_2004_192,410424.0,4118528.0,4104,41185,150.0,37.0,26.416915964101175,-10.583084035898825,True,32.202484376209235
Brown_2004_193,410446.0,4118538.0,4104,41185,150.0,41.0,30.854228991025295,-10.145771008974705,True,39.81205847478876
Brown_2004_194,410482.0,4118549.0,4104,41185,150.0,48.0,37.92711449551265,-10.072885504487353,True,37.64306044943742
Brown_2004_195,410518.0,4118560.0,4105,41185,150.0,45.0,51.608654050606,6.608654050605999,True,33.301651610693426
Brown_2004_196,410551.0,4118567.0,4105,41185,150.0,52.0,51.26312991707421,-0.7368700829257904,True,43.73785545725808
Brown_2004_197,410578.0,4118572.0,4105,41185,150.0,51.0,51.066802651708315,0.0668026517083149,True,37.64306044943742
Brown_2004_198,410614.0,4118583.0,4106,41185,150.0,53.0,51.53777390166794,-1.46222609833206,True,37.64306044943742
Brown_2004_199,410640.0,4118589.0,4106,41185,150.0,54.0,51.776300010901565,-2.223699989098435,True,26.1725046566048
Brown_2004_200,410661.0,4118592.0,4106,41185,150.0,53.0,52.08126126126126,-0.9187387387387389,True,15.132745950421556
Brown_2004_201,410685.0,4118597.0,4106,41185,150.0,52.0,52.42293906810036,0.4229390681003622,True,20.396078054371138
Brown_2004_202,410705.0,4118601.0,4107,41186,150.0,52.0,51.776914285714284,-0.2230857142857161,True,20.396078054371138
Brown_2004_203,410758.0,4118619.0,4107,41186,150.0,52.0,50.789942857142854,-1.2100571428571456,True,49.64876634922564
Brown_2004_204,410791.0,4118613.0,4107,41186,150.0,53.0,50.69680957128614,-2.3031904287138616,True,20.248456731316587
Brown_2004_205,410824.0,4118602.0,4108,41186,150.0,52.0,52.8804347826087,0.8804347826087024,True,20.396078054371138
Brown_2004_206,410844.0,4118598.0,4108,41185,150.0,53.0,48.79587324981577,-4.20412675018423,True,20.396078054371138
Brown_2004_207,410869.0,4118593.0,4108,41185,150.0,45.0,44.79071481208548,-0.20928518791451722,True,13.0
Brown_2004_208,410903.0,4118581.0,4109,41185,150.0,38.0,37.78235294117647,-0.21764705882353041,True,23.08679276123039
Brown_2004_209,410939.0,4118574.0,4109,41185,150.0,30.0,25.02700884275279,-4.972991157247211,True,50.53711507397311
Brown_2004_210,410968.0,4118568.0,4109,41185,150.0,25.0,13.069838523644753,-11.930161476355247,True,51.35172830587107
Brown_2004_211,410997.0,4118556.0,4109,41185,150.0,16.0,8.03452188006483,-7.96547811993517,True,32.2490309931942
Brown_2004_001,411025.0,4118540.0,4110,41185,200.0,4.5,,,False,32.2490309931942
Brown_2004_002,410995.0,4118580.0,4109,41185,200.0,15.0,,,False,50.0
Brown_2004_003,410979.0,4118599.0,4109,41185,200.0,15.0,,,False,26.248809496813376
Brown_2004_004,410962.0,4118619.0,4109,41186,200.0,16.0,17.837028824833702,1.837028824833702,True,26.248809496813376
Brown_2004_005,410944.0,4118641.0,4109,41186,200.0,17.0,20.587272727272733,3.587272727272733,True,54.67174773134658
Brown_2004_006,410924.0,4118669.0,4109,41186,200.0,22.0,,,False,53.075418038862395
Brown_2004_007,410905.0,4118689.0,4109,41186,200.0,28.0,23.974545454545453,-4.025454545454547,True,25.495097567963924
Brown_2004_008,410888.0,4118708.0,4108,41187,200.0,30.0,26.223215067893126,-3.7767849321068745,True,25.495097567963924
Brown_2004_009,410868.0,4118738.0,4108,41187,200.0,19.0,23.079106438896186,4.079106438896186,True,61.40032573203501
Brown_2004_010,410852.0,4118762.0,4108,41187,200.0,15.0,20.563819535698645,5.563819535698645,True,69.8927750200262
Brown_2004_011,410831.0,4118795.0,4108,41187,200.0,13.0,17.055803766973284,4.055803766973284,True,34.66987164671943
Brown_2004_012,410812.0,4118824.0,4108,41188,200.0,14.0,,,False,34.66987164671943
Brown_2004_013,410785.0,4118862.0,4107,41188,200.0,12.0,11.565617096611028,-0.4343829033889719,True,46.61544808322666
Brown_2004_014,410759.0,4118899.0,4107,41188,200.0,12.0,9.156133029843197,-2.843866970156803,True,47.01063709417264
Brown_2004_015,410736.0,4118940.0,4107,41189,200.0,5.7,9.045023696682474,3.345023696682474,True,47.01063709417264
Brown_2004_016,410711.0,4118981.0,4107,41189,200.0,5.6,,,False,36.89173349139343
Brown_2004_017,410691.0,4119012.0,4106,41190,200.0,6.2,,,False,36.89173349139343
Brown_2004_018,410665.0,4119049.0,4106,41190,200.0,4.5,,,False,70.71067811865476
Brown_2004_019,410636.0,4119073.0,4106,41190,200.0,2.8,,,False,54.62600113499065
Brown_2004_020,410588.0,4119105.0,4105,41191,200.0,1.6,,,False,26.076809620810597
Brown_2004_021,410562.0,4119109.0,4105,41191,200.0,1.6,,,False,18.439088914585774
Brown_2004_022,410566.0,4119091.0,4105,41190,200.0,2.0,2.7174512674320055,0.7174512674320055,True,18.439088914585774
Brown_2004_023,410574.0,4119074.0,4105,41190,200.0,3.7,3.74185222282148,0.041852222821479934,True,34.0147027033899
Brown_2004_024,410586.0,4119051.0,4105,41190,200.0,4.2,5.119177132290624,0.9191771322906241,True,33.015148038438355
Brown_2004_025,410605.0,4119024.0,4106,41190,200.0,6.7,6.519360824742267,-0.180639175257733,True,33.015148038438355
Brown_2004_026,410617.0,4119010.0,4106,41190,200.0,8.3,7.591154639175257,-0.7088453608247436,True,26.92582403567252
Brown_2004_027,410631.0,4118987.0,4106,41189,200.0,9.7,10.279618687945423,0.5796186879454233,True,26.92582403567252
Brown_2004_028,410643.0,4118967.0,4106,41189,200.0,11.0,12.001467990497655,1.0014679904976553,True,50.24937810560445
Brown_2004_029,410665.0,4118933.0,4106,41189,200.0,15.0,14.924547724919291,-0.07545227508070873,True,47.50789408087881
Brown_2004_030,410682.0,4118908.0,4106,41189,200.0,18.0,17.071779253213133,-0.9282207467868666,True,17.804493814764857
Brown_2004_031,410696.0,4118897.0,4106,41188,200.0,18.0,18.1968253968254,0.19682539682539968,True,15.264337522473747
Brown_2004_032,410709.0,4118889.0,4107,41188,200.0,18.0,17.52272382397572,-0.4772761760242794,True,15.264337522473747
Brown_2004_033,410718.0,4118871.0,4107,41188,200.0,20.0,18.67784180199057,-1.3221581980094292,True,34.058772731852805
Brown_2004_034,410722.0,4118863.0,4107,41188,200.0,20.0,19.187847040335253,-0.812152959664747,True,42.80186911806539
Brown_2004_035,410730.0,4118851.0,4107,41188,200.0,20.0,19.735149292823465,-0.26485070717653514,True,57.201398584300364
Brown_2004_036,410753.0,4118800.0,4107,41188,200.0,21.0,23.197917934981128,2.1979179349811275,True,41.340053217188775
Brown_2004_037,410775.0,4118765.0,4107,41187,200.0,25.0,24.99637954442601,-0.0036204555739907107,True,41.340053217188775
Brown_2004_038,410786.0,4118739.0,4107,41187,200.0,27.0,28.57685925478956,1.5768592547895608,True,30.4138126514911
Brown_2004_039,410800.0,4118712.0,4108,41187,200.0,32.0,32.01144164759725,0.011441647597251858,True,30.4138126514911
Brown_2004_040,410816.0,4118684.0,4108,41186,200.0,37.0,36.9935064935065,-0.006493506493498558,True,32.2490309931942
Brown_2004_041,410827.0,4118669.0,4108,41186,200.0,42.0,39.59172077922078,-2.408279220779221,True,50.774009099144415
Brown_2004_042,410839.0,4118648.0,4108,41186,200.0,49.0,43.33685064935065,-5.663149350649348,True,50.24937810560445
Brown_2004_043,410853.0,4118625.0,4108,41186,200.0,47.0,47.41152597402597,0.41152597402597024,True,28.460498941515414
Brown_2004_044,410864.0,4118605.0,4108,41186,200.0,45.0,46.01589147286822,1.0158914728682191,True,13.0
Brown_2004_045,410880.0,4118579.0,4108,41185,200.0,44.0,43.61121380160198,-0.388786198398023,True,23.08679276123039
Brown_2004_046,410890.0,4118559.0,4108,41185,200.0,45.0,43.02947678703021,-1.9705232129697876,True,22.47220505424423
Brown_2004_047,410902.0,4118540.0,4109,41185,200.0,42.0,36.5546048334422,-5.445395166557802,True,22.47220505424423
Brown_2004_048,410915.0,4118525.0,4109,41185,200.0,35.0,29.0833442194644,-5.916655780535599,True,37.94733192202055
Brown_2004_049,410923.0,4118518.0,4109,41185,200.0,30.0,25.156041802743307,-4.843958197256693,True,35.22782990761707
Brown_2004_050,410941.0,4118513.0,4109,41185,200.0,25.0,19.550228608752448,-5.449771391247552,True,44.94441010848846
Brown_2004_051,410961.0,4118509.0,4109,41185,200.0,20.0,13.789026779882432,-6.210973220117568,True,30.463092423455635
Brown_2004_052,410973.0,4118505.0,4109,41185,200.0,8.4,9.851469627694318,1.4514696276943173,True,17.88854381999832
Brown_2004_053,410989.0,4118497.0,4109,41184,200.0,3.8,5.252674897119342,1.4526748971193424,True,17.08800749063506
Brown_2004_054,411005.0,4118491.0,4110,41184,200.0,1.8,,,False,17.08800749063506
Brown_2004_055,411020.0,4118487.0,4110,41184,200.0,1.2,,,False,21.213203435596427
Brown_2004_056,411023.0,4118508.0,4110,41185,200.0,2.8,,,False,21.213203435596427
Brown_2004_057,410995.0,4118525.0,4109,41185,200.0,11.0,5.635332252836305,-5.364667747163695,True,28.635642126552707
Brown_2004_058,410959.0,4118527.0,4109,41185,200.0,22.0,16.387658592848908,-5.612341407151092,True,42.42640687119285
Brown_2004_059,410935.0,4118522.0,4109,41185,200.0,26.0,23.6226649248857,-2.377335075114299,True,45.967379738244816
Brown_2004_060,410920.0,4118510.0,4109,41185,200.0,24.0,23.43572828216852,-0.5642717178314811,True,27.018512172212592
Brown_2004_061,410915.0,4118500.0,4109,41185,200.0,25.0,21.57028086218158,-3.42971913781842,True,16.278820596099706
Brown_2004_062,410903.0,4118489.0,4109,41184,200.0,21.0,,,False,16.278820596099706
Brown_2004_063,410881.0,4118503.0,4108,41185,200.0,34.0,31.835962519274105,-2.164037480725895,True,26.076809620810597
Brown_2004_064,410868.0,4118518.0,4108,41185,200.0,47.0,40.9782943897521,-6.021705610247899,True,40.496913462633174
Brown_2004_065,410857.0,4118530.0,4108,41185,200.0,46.0,45.44419903858646,-0.5558009614135386,True,46.09772228646444
Brown_2004_066,410841.0,4118550.0,4108,41185,200.0,51.0,47.865402104716125,-3.134597895283875,True,54.70831746635972
Brown_2004_067,410823.0,4118571.0,4108,41185,200.0,51.0,50.51305703520852,-0.48694296479148136,True,31.016124838541646
Brown_2004_068,410802.0,4118596.0,4108,41185,200.0,52.0,52.27461559212301,0.2746155921230127,True,20.248456731316587
Brown_2004_069,410774.0,4118630.0,4107,41186,200.0,52.0,50.09172482552343,-1.9082751744765716,True,44.04543109109048
Brown_2004_070,410748.0,4118663.0,4107,41186,200.0,52.0,48.102691924227315,-3.897308075772685,True,62.289646009589745
Brown_2004_071,410724.0,4118689.0,4107,41186,200.0,56.0,46.94456630109671,-9.055433698903293,True,26.90724809414742
Brown_2004_072,410706.0,4118709.0,4107,41187,200.0,46.0,47.11415134672937,1.114151346729372,True,18.439088914585774
Brown_2004_073,410694.0,4118723.0,4106,41187,200.0,41.0,43.90823015294974,2.9082301529497414,True,18.439088914585774
Brown_2004_074,410675.0,4118744.0,4106,41187,200.0,34.0,40.697802864773,6.697802864773003,True,46.75467891024384
Brown_2004_075,410635.0,4118791.0,4106,41187,200.0,30.0,33.69622481184754,3.696224811847543,True,59.033888572581766
Brown_2004_076,410598.0,4118837.0,4105,41188,200.0,27.0,24.464037401102853,-2.5359625988971466,True,59.033888572581766
Brown_2004_077,410564.0,4118878.0,4105,41188,200.0,20.0,19.51474466554783,-0.4852553344521695,True,38.28837943815329
Brown_2004_078,410539.0,4118907.0,4105,41189,200.0,16.0,17.08761133603239,1.0876113360323885,True,38.28837943815329
Brown_2004_079,410511.0,4118941.0,4105,41189,200.0,15.0,13.703369617971294,-1.296630382028706,True,36.124783736376884
Brown_2004_080,410487.0,4118968.0,4104,41189,200.0,11.0,12.096838905775076,1.0968389057750763,True,36.124783736376884
Brown_2004_081,410469.0,4118991.0,4104,41189,200.0,9.8,9.752462006079027,-0.04753799392097413,True,29.410882339705484
Brown_2004_082,410452.0,4119015.0,4104,41190,200.0,7.4,6.554466720128309,-0.8455332798716917,True,29.410882339705484
Brown_2004_083,410434.0,4119033.0,4104,41190,200.0,3.8,3.889687249398557,0.08968724939855699,True,36.05551275463989
Brown_2004_084,410419.0,4119049.0,4104,41190,200.0,2.0,,,False,25.238858928247925
Brown_2004_085,410409.0,4119049.0,4104,41190,200.0,1.6,,,False,17.804493814764857
Brown_2004_086,410398.0,4119035.0,4103,41190,200.0,2.1,,,False,17.804493814764857
Brown_2004_087,410398.0,4119015.0,4103,41190,200.0,2.9,3.196619523973784,0.2966195239737841,True,29.410882339705484
Brown_2004_088,410415.0,4118991.0,4104,41189,200.0,5.4,6.384959349593496,0.9849593495934954,True,29.410882339705484
Brown_2004_089,410463.0,4118929.0,4104,41189,200.0,11.0,13.201823708206685,2.2018237082066854,True,49.47726750741192
Brown_2004_090,410474.0,4118903.0,4104,41189,200.0,13.0,14.482094332298137,1.4820943322981375,True,35.84689665786984
Brown_2004_091,410488.0,4118870.0,4104,41188,200.0,16.0,15.661823589978265,-0.3381764100217346,True,35.84689665786984
Brown_2004_092,410497.0,4118850.0,4104,41188,200.0,17.0,17.303397780574308,0.3033977805743078,True,22.360679774997898
Brown_2004_093,410507.0,4118830.0,4105,41188,200.0,19.0,20.00403225806452,1.0040322580645196,True,22.360679774997898
Brown_2004_094,410518.0,4118809.0,4105,41188,200.0,22.0,23.155241935483872,1.1552419354838719,True,21.95449840010015
Brown_2004_095,410529.0,4118790.0,4105,41187,200.0,26.0,24.715320059239758,-1.2846799407602418,True,21.95449840010015
Brown_2004_096,410541.0,4118767.0,4105,41187,200.0,29.0,28.009215073226922,-0.9907849267730775,True,47.885279575251516
Brown_2004_097,410555.0,4118744.0,4105,41187,200.0,32.0,31.29257857495475,-0.7074214250452506,True,55.226805085936306
Brown_2004_098,410568.0,4118720.0,4105,41187,200.0,35.0,34.72716801053151,-0.27283198946849296,True,28.0178514522438
Brown_2004_099,410584.0,4118697.0,4105,41186,200.0,38.0,40.99205765553758,2.992057655537579,True,28.0178514522438
Brown_2004_100,410614.0,4118659.0,4106,41186,200.0,51.0,43.587010339303916,-7.412989660696084,True,48.41487374764082
Brown_2004_101,410627.0,4118643.0,4106,41186,200.0,52.0,45.96679772826562,-6.033202271734382,True,55.54277630799526
Brown_2004_102,410642.0,4118625.0,4106,41186,200.0,52.0,48.67190913062473,-3.3280908693752735,True,36.05551275463989
Brown_2004_103,410659.0,4118607.0,4106,41186,200.0,53.0,51.52555701179555,-1.4744429882044514,True,15.132745950421556
Brown_2004_104,410680.0,4118587.0,4106,41185,200.0,52.0,52.51254480286738,0.5125448028673816,True,28.653097563788805
Brown_2004_105,410701.0,4118553.0,4107,41185,200.0,52.0,52.75988043839256,0.7598804383925568,True,39.96248240537617
Brown_2004_106,410715.0,4118526.0,4107,41185,200.0,52.0,53.33842577216872,1.3384257721687192,True,34.92849839314596
Brown_2004_107,410729.0,4118494.0,4107,41184,200.0,54.0,40.106018774157924,-13.893981225842076,True,34.92849839314596
Brown_2004_108,410738.0,4118473.0,4107,41184,200.0,53.0,32.31035891772501,-20.68964108227499,True,57.77542730261716
Brown_2004_109,410747.0,4118458.0,4107,41184,200.0,40.0,26.608106018774155,-13.391893981225845,True,60.41522986797286
Brown_2004_110,410757.0,4118445.0,4107,41184,200.0,34.0,21.551573716178908,-12.448426283821092,True,51.42956348249516
Brown_2004_111,410767.0,4118433.0,4107,41184,200.0,26.0,17.12235173123072,-8.877648268769281,True,47.38143096192854
Brown_2004_112,410774.0,4118423.0,4107,41184,200.0,20.0,11.643948458352504,-8.356051541647496,True,46.647615158762406
Brown_2004_113,410774.0,4118414.0,4107,41184,200.0,3.0,,,False,42.720018726587654
Brown_2004_114,410759.0,4118405.0,4107,41184,200.0,4.6,,,False,25.709920264364882
Brown_2004_115,410734.0,4118399.0,4107,41183,200.0,6.7,,,False,21.95449840010015
Brown_2004_116,410715.0,4118410.0,4107,41184,200.0,14.0,13.377025845923338,-0.6229741540766618,True,21.95449840010015
Brown_2004_117,410700.0,4118426.0,4107,41184,200.0,23.0,22.202671994006742,-0.7973280059932577,True,23.430749027719962
Brown_2004_118,410685.0,4118444.0,4106,41184,200.0,32.0,28.789617094507385,-3.210382905492615,True,23.430749027719962
Brown_2004_119,410668.0,4118466.0,4106,41184,200.0,37.0,36.00788756632726,-0.9921124336727374,True,51.22499389946279
Brown_2004_120,410648.0,4118489.0,4106,41184,200.0,44.0,43.31693675605908,-0.6830632439409214,True,24.08318915758459
Brown_2004_121,410632.0,4118507.0,4106,41185,200.0,49.0,45.56871765382404,-3.431282346175962,True,24.08318915758459
Brown_2004_122,410616.0,4118527.0,4106,41185,200.0,51.0,47.204404229804865,-3.795595770195135,True,49.678969393496885
Brown_2004_123,410568.0,4118583.0,4105,41185,200.0,51.0,51.053034166241716,0.05303416624171575,True,36.796738985948195
Brown_2004_124,410543.0,4118610.0,4105,41186,200.0,51.0,48.88861013547415,-2.1113898645258473,True,36.796738985948195
Brown_2004_125,410518.0,4118639.0,4105,41186,200.0,48.0,46.8233818364275,-1.176618163572499,True,37.8021163428716
Brown_2004_126,410495.0,4118669.0,4104,41186,200.0,45.0,43.04151971785829,-1.958480282141707,True,37.8021163428716
Brown_2004_127,410469.0,4118708.0,4104,41187,200.0,37.0,34.08347876672484,-2.916521233275162,True,46.87216658103186
Brown_2004_128,410444.0,4118742.0,4104,41187,200.0,37.0,29.137829912023463,-7.862170087976537,True,56.515484603779164
Brown_2004_129,410425.0,4118768.0,4104,41187,200.0,30.0,25.264367816091955,-4.735632183908045,True,38.27531841800928
Brown_2004_130,410408.0,4118796.0,4104,41187,200.0,20.0,19.883983572895275,-0.11601642710472504,True,42.04759208325728
Brown_2004_131,410385.0,4118835.0,4103,41188,200.0,12.0,16.26715948621889,4.26715948621889,True,45.18849411078001
Brown_2004_132,410366.0,4118865.0,4103,41188,200.0,11.0,13.362911426277762,2.362911426277762,True,52.15361924162119
Brown_2004_133,410350.0,4118892.0,4103,41188,200.0,9.5,10.776705913834626,1.2767059138346255,True,20.808652046684813
Brown_2004_134,410338.0,4118909.0,4103,41189,200.0,9.1,6.896638655462185,-2.2033613445378144,True,20.808652046684813
Brown_2004_135,410323.0,4118914.0,4103,41189,200.0,6.1,5.089915966386555,-1.0100840336134445,True,33.421549934136806
Brown_2004_136,410313.0,4118914.0,4103,41189,200.0,5.1,,,False,28.231188426986208
Brown_2004_137,410304.0,4118904.0,4103,41189,200.0,4.5,,,False,16.1245154965971
Brown_2004_138,410302.0,4118888.0,4103,41188,200.0,5.5,,,False,16.1245154965971
Brown_2004_139,410320.0,4118862.0,4103,41188,200.0,9.0,,,False,44.94441010848846
Brown_2004_140,410343.0,4118832.0,4103,41188,200.0,9.7,,,False,44.41846462902562
Brown_2004_141,410366.0,4118794.0,4103,41187,200.0,15.0,17.230287557108305,2.230287557108305,True,42.04759208325728
Brown_2004_142,410389.0,4118755.0,4103,41187,200.0,26.0,24.758357968288095,-1.2416420317119048,True,29.68164415931166
Brown_2004_143,410405.0,4118730.0,4104,41187,200.0,30.0,29.40175953079179,-0.5982404692082106,True,29.68164415931166
Brown_2004_144,410416.0,4118711.0,4104,41187,200.0,32.0,31.95307917888563,-0.04692082111436946,True,34.0147027033899
Brown_2004_145,410430.0,4118680.0,4104,41186,200.0,36.0,35.860557083906464,-0.13944291609353598,True,34.0147027033899
Brown_2004_146,410440.0,4118642.0,4104,41186,200.0,41.0,39.78296076642336,-1.2170392335766422,True,45.880278987817846
Brown_2004_147,410456.0,4118599.0,4104,41185,200.0,45.0,37.5458986886089,-7.454101311391099,True,45.880278987817846
Brown_2004_148,410476.0,4118562.0,4104,41185,200.0,48.0,37.26869730758771,-10.731302692412292,True,42.04759208325728
Brown_2004_149,410493.0,4118538.0,4104,41185,200.0,52.0,39.975111528527826,-12.024888471472174,True,33.301651610693426
Brown_2004_150,410517.0,4118506.0,4105,41185,200.0,50.0,51.07080192759175,1.0708019275917522,True,40.0
Brown_2004_151,410540.0,4118468.0,4105,41184,200.0,50.0,39.930488860899,-10.069511139101003,True,44.41846462902562
Brown_2004_152,410560.0,4118431.0,4105,41184,200.0,48.0,30.152168779028578,-17.847831220971422,True,36.40054944640259
Brown_2004_153,410566.0,4118416.0,4105,41184,200.0,35.0,26.211052507281746,-8.788947492718254,True,20.396078054371138
Brown_2004_154,410570.0,4118396.0,4105,41183,200.0,21.0,,,False,20.396078054371138
Brown_2004_155,410568.0,4118388.0,4105,41183,200.0,13.0,,,False,28.071337695236398
Brown_2004_156,410551.0,4118380.0,4105,41183,200.0,9.0,,,False,39.0
Brown_2004_157,410535.0,4118371.0,4105,41183,200.0,5.0,,,False,53.600373133029585
Brown_2004_158,410521.0,4118369.0,4105,41183,200.0,9.3,,,False,44.68780594300866
Brown_2004_159,410550.0,4118390.0,4105,41183,200.0,16.0,,,False,30.528675044947494
Brown_2004_160,410536.0,4118379.0,4105,41183,200.0,11.0,,,False,47.634021455258214
Brown_2004_161,410515.0,4118373.0,4105,41183,200.0,9.1,,,False,37.8021163428716
Brown_2004_162,410503.0,4118385.0,4105,41183,200.0,16.0,,,False,21.095023109728988
Brown_2004_163,410492.0,4118403.0,4104,41184,200.0,24.0,24.67434831885153,0.6743483188515285,True,21.095023109728988
Brown_2004_164,410474.0,4118435.0,4104,41184,200.0,26.0,26.27922744682585,0.27922744682584977,True,48.041648597857254
Brown_2004_165,410457.0,4118463.0,4104,41184,200.0,25.0,24.648480156466462,-0.3515198435335378,True,59.00847396772772
Brown_2004_166,410438.0,4118499.0,4104,41184,200.0,28.0,28.826226241569593,0.8262262415695929,True,32.202484376209235
Brown_2004_167,410418.0,4118537.0,4104,41185,200.0,35.0,25.565591397849463,-9.434408602150537,True,42.941821107167776
Brown_2004_168,410402.0,4118570.0,4104,41185,200.0,28.0,23.803916236062012,-4.196083763937988,True,31.76476034853718
Brown_2004_169,410387.0,4118598.0,4103,41185,200.0,22.0,21.956110877782443,-0.04388912221755703,True,31.76476034853718
Brown_2004_170,410367.0,4118629.0,4103,41186,200.0,14.0,16.68361276365603,2.683612763656029,True,36.89173349139343
Brown_2004_171,410360.0,4118642.0,4103,41186,200.0,11.0,,,False,51.62363799656123
Brown_2004_172,410356.0,4118661.0,4103,41186,200.0,4.6,,,False,70.21395872616783
Brown_2004_173,410352.0,4118680.0,4103,41186,200.0,6.9,,,False,71.11258679024411
Brown_2004_174,410360.0,4118684.0,4103,41186,200.0,15.0,,,False,62.16912416947821
Brown_2004_175,410356.0,4118666.0,4103,41186,200.0,7.1,,,False,74.73285756613352
Brown_2004_176,410353.0,4118653.0,4103,41186,200.0,8.2,,,False,64.66065264130884
Brown_2004_177,410347.0,4118634.0,4103,41186,200.0,6.6,,,False,53.81449618829484
Brown_2004_178,410350.0,4118603.0,4103,41186,200.0,6.9,,,False,26.476404589747453
Brown_2004_179,410355.0,4118577.0,4103,41185,200.0,12.0,10.348134534092999,-1.651865465907001,True,26.476404589747453
Brown_2004_180,410350.0,4118537.0,4103,41185,200.0,15.0,11.003620657967286,-3.9963793420327143,True,38.01315561749642
Brown_2004_181,410349.0,4118499.0,4103,41184,200.0,13.0,,,False,38.01315561749642
Brown_2004_182,410358.0,4118478.0,4103,41184,200.0,6.8,,,False,59.53990258641679
Brown_2004_183,410381.0,4118473.0,4103,41184,200.0,8.1,,,False,48.02082881417188
Brown_2004_184,410398.0,4118464.0,4103,41184,200.0,5.7,,,False,28.844410203711913
Brown_2004_185,410422.0,4118448.0,4104,41184,200.0,6.7,11.253320837747532,4.553320837747532,True,28.844410203711913
Brown_2004_186,410430.0,4118425.0,4104,41184,200.0,4.3,13.162720156555771,8.86272015655577,True,50.44799302251776
Brown_2004_187,410439.0,4118402.0,4104,41184,200.0,8.2,,,False,36.24913792078372
Brown_2004_188,410472.0,4118387.0,4104,41183,200.0,19.0,,,False,19.1049731745428
Brown_2004_189,410474.0,4118406.0,4104,41184,200.0,20.0,22.27225979952734,2.2722597995273404,True,19.1049731745428
Brown_2004_190,410461.0,4118427.0,4104,41184,200.0,18.0,20.968323690000815,2.9683236900008154,True,41.48493702538308
Brown_2004_191,410427.0,4118493.0,4104,41184,200.0,24.0,23.896122011036177,-0.1038779889638235,True,35.12833614050059
Brown_2004_192,410424.0,4118528.0,4104,41185,200.0,37.0,26.416915964101175,-10.583084035898825,True,32.202484376209235
Brown_2004_193,410446.0,4118538.0,4104,41185,200.0,41.0,30.854228991025295,-10.145771008974705,True,39.81205847478876
Brown_2004_194,410482.0,4118549.0,4104,41185,200.0,48.0,37.92711449551265,-10.072885504487353,True,37.64306044943742
Brown_2004_195,410518.0,4118560.0,4105,41185,200.0,45.0,51.608654050606,6.608654050605999,True,33.301651610693426
Brown_2004_196,410551.0,4118567.0,4105,41185,200.0,52.0,51.26312991707421,-0.7368700829257904,True,43.73785545725808
Brown_2004_197,410578.0,4118572.0,4105,41185,200.0,51.0,51.066802651708315,0.0668026517083149,True,37.64306044943742
Brown_2004_198,410614.0,4118583.0,4106,41185,200.0,53.0,51.53777390166794,-1.46222609833206,True,37.64306044943742
Brown_2004_199,410640.0,4118589.0,4106,41185,200.0,54.0,51.776300010901565,-2.223699989098435,True,26.1725046566048
Brown_2004_200,410661.0,4118592.0,4106,41185,200.0,53.0,52.08126126126126,-0.9187387387387389,True,15.132745950421556
Brown_2004_201,410685.0,4118597.0,4106,41185,200.0,52.0,52.42293906810036,0.4229390681003622,True,20.396078054371138
Brown_2004_202,410705.0,4118601.0,4107,41186,200.0,52.0,51.776914285714284,-0.2230857142857161,True,20.396078054371138
Brown_2004_203,410758.0,4118619.0,4107,41186,200.0,52.0,50.789942857142854,-1.2100571428571456,True,49.64876634922564
Brown_2004_204,410791.0,4118613.0,4107,41186,200.0,53.0,50.69680957128614,-2.3031904287138616,True,20.248456731316587
Brown_2004_205,410824.0,4118602.0,4108,41186,200.0,52.0,52.8804347826087,0.8804347826087024,True,20.396078054371138
Brown_2004_206,410844.0,4118598.0,4108,41185,200.0,53.0,48.79587324981577,-4.20412675018423,True,20.396078054371138
Brown_2004_207,410869.0,4118593.0,4108,41185,200.0,45.0,44.79071481208548,-0.20928518791451722,True,13.0
Brown_2004_208,410903.0,4118581.0,4109,41185,200.0,38.0,37.78235294117647,-0.21764705882353041,True,23.08679276123039
Brown_2004_209,410939.0,4118574.0,4109,41185,200.0,30.0,25.02700884275279,-4.972991157247211,True,50.53711507397311
Brown_2004_210,410968.0,4118568.0,4109,41185,200.0,25.0,13.069838523644753,-11.930161476355247,True,51.35172830587107
Brown_2004_211,410997.0,4118556.0,4109,41185,200.0,16.0,8.03452188006483,-7.96547811993517,True,32.2490309931942
