profile,E,N,archive_chainage_m,distance_m,bed_asl_m,surface_asl_m,use_primary_metrics,geometry_status,model_bed_m,model_cell_bed,model_surface_m,model_cell_surface,model_thickness_m,model_cell_thickness,bed_difference_m
BG30,407929.51300948625,4117676.8527926616,21.90141,0.0,524.32521,586.6,True,registered_archive_section,469.3616943359375,398:595,603.0399780273438,398:595,133.67828369140625,398:595,-54.96351566406247
BG30,407934.0439352508,4117658.776361046,40.53703899999999,18.63562900062098,525.8412845005386,586.6,True,registered_archive_section,469.3616943359375,398:595,603.0399780273438,398:595,133.67828369140625,398:595,-56.47959016460106
BG30,407938.57486101537,4117640.6999294297,59.172667999999994,37.27125800124197,527.9969070087453,586.6,True,registered_archive_section,461.9189453125,399:595,604.5999755859375,399:595,142.6810302734375,399:595,-66.07796169624532
BG30,407943.1057867799,4117622.623497814,77.808297,55.906887001862955,531.50508,586.6,True,registered_archive_section,461.9189453125,399:595,604.5999755859375,399:595,142.6810302734375,399:595,-69.58613468750002
BG35,408249.57694648195,4118187.976574455,-1.086803,0.0,479.94466,481.2477075143963,False,provisional_archive_geometry,492.18353271484375,388:601,573.0,388:601,80.81646728515625,388:601,12.238872714843751
BG35,408259.1651365393,4118165.210546034,20.62153536585366,24.702741520374083,461.74277328916605,482.27518925851115,False,provisional_archive_geometry,492.18353271484375,388:601,573.0,388:601,80.81646728515625,388:601,30.440759425677697
BG35,408268.7533265967,4118142.4445176134,42.329873731707316,49.405483040748166,445.9165281014519,483.302671002626,False,provisional_archive_geometry,487.2362365722656,389:601,568.8800048828125,389:601,81.64376831054688,389:601,41.31970847081374
BG35,408278.341516654,4118119.678489193,64.03821209756097,74.10822456112224,431.44836464424355,484.33015274674085,False,provisional_archive_geometry,435.4404296875,389:602,574.6799926757812,389:602,139.23956298828125,389:602,3.9920650432564457
BG35,408287.9297067114,4118096.9124607723,85.74655046341464,98.81096608149633,423.2921021420535,485.35763449085573,False,provisional_archive_geometry,435.4404296875,389:602,574.6799926757812,389:602,139.23956298828125,389:602,12.148327545446477
BG35,408297.51789676875,4118074.146432352,107.4548888292683,123.51370760187042,416.82760076344164,486.38511623497055,False,provisional_archive_geometry,417.4507141113281,390:602,567.239990234375,390:602,149.78927612304688,390:602,0.6231133478864876
BG35,408307.1060868261,4118051.3804039313,129.16322719512195,148.21644912224448,413.3325271411476,487.41259797908543,False,provisional_archive_geometry,417.4507141113281,390:602,567.239990234375,390:602,149.78927612304688,390:602,4.118186970180545
BG35,408316.6942768835,4118028.6143755107,150.87156556097563,172.9191906426186,411.4368764829182,488.2593901341432,False,provisional_archive_geometry,410.253662109375,391:602,558.4400024414062,391:602,148.18634033203125,391:602,-1.1832143735431941
BG35,408326.2824669409,4118005.84834709,172.57990392682927,197.62193216299266,413.91713301374483,489.005619182114,False,provisional_archive_geometry,402.24652099609375,391:603,555.0,391:603,152.75347900390625,391:603,-11.67061201765108
BG35,408335.87065699825,4117983.0823186697,194.28824229268292,222.32467368336674,418.1249503451117,489.7518597451965,False,provisional_archive_geometry,390.7801513671875,392:603,543.47998046875,392:603,152.6998291015625,392:603,-27.3447989779242
BG35,408345.4588470556,4117960.316290249,215.9965806585366,247.02741520374084,423.348827340432,490.4981870210569,False,provisional_archive_geometry,390.7801513671875,392:603,543.47998046875,392:603,152.6998291015625,392:603,-32.568675973244524
BG35,408355.047037113,4117937.5502618286,237.70491902439025,271.7301567241149,427.32970767343977,491.244411084385,False,provisional_archive_geometry,369.2765197753906,393:603,532.7999877929688,393:603,163.52346801757812,393:603,-58.053187898049146
BG35,408364.63522717037,4117914.784233408,259.4132573902439,296.43289824448897,433.9731920822388,491.989019509726,False,provisional_archive_geometry,369.2765197753906,393:603,532.7999877929688,393:603,163.52346801757812,393:603,-64.6966723068482
BG35,408374.22341722774,4117892.0182049875,281.1215957560976,321.1356397648631,444.0915628253265,492.73408269283414,False,provisional_archive_geometry,347.9414978027344,394:604,511.3999938964844,394:604,163.45849609375,394:604,-96.15006502259212
BG35,408383.8116072851,4117869.2521765665,302.8299341219513,345.8383812852372,450.1961491169632,493.4803025717795,False,provisional_archive_geometry,347.9414978027344,394:604,511.3999938964844,394:604,163.45849609375,394:604,-102.25465131422885
BG35,408393.3997973425,4117846.486148146,324.53827248780493,370.5411228056113,451.6842326033092,494.22653327626335,False,provisional_archive_geometry,347.9414978027344,394:604,511.3999938964844,394:604,163.45849609375,394:604,-103.74273480057485
BG35,408402.98798739986,4117823.7201197254,346.2466108536586,395.2438643259853,452.99381945600464,494.97276232966976,False,provisional_archive_geometry,338.90814208984375,395:604,502.239990234375,395:604,163.33184814453125,395:604,-114.0856773661609
BG35,408412.57617745723,4117800.954091305,367.95494921951223,419.94660584635943,452.74366351128907,495.71903108608944,False,provisional_archive_geometry,338.90814208984375,395:604,502.239990234375,395:604,163.33184814453125,395:604,-113.83552142144532
BG35,408422.1643675146,4117778.1880628844,389.6632875853659,444.6493473667335,446.2234230202181,496.465325178534,False,provisional_archive_geometry,322.00115966796875,396:605,485.239990234375,396:605,163.23883056640625,396:605,-124.22226335224934
BG35,408431.752557572,4117755.422034464,411.3716259512196,469.35208888710764,444.39356009963257,497.21155672865365,False,provisional_archive_geometry,322.00115966796875,396:605,485.239990234375,396:605,163.23883056640625,396:605,-122.39240043166382
BG35,408441.34074762935,4117732.6560060433,433.07996431707323,494.0548304074817,438.6669215753788,497.9577790955292,False,provisional_archive_geometry,320.1228942871094,397:605,482.9599914550781,397:605,162.83709716796875,397:605,-118.54402728826943
BG35,408450.9289376867,4117709.889977623,454.7883026829269,518.7575719278558,434.95461908093495,497.6397799132889,False,provisional_archive_geometry,320.1228942871094,397:605,482.9599914550781,397:605,162.83709716796875,397:605,-114.83172479382557
BG35,408460.51712774404,4117687.1239492022,476.49664104878053,543.4603134482298,426.879052691434,497.2336744411783,False,provisional_archive_geometry,321.6593933105469,398:605,484.1600036621094,398:605,162.5006103515625,398:605,-105.21965938088715
BG35,408470.1053178014,4117664.3579207817,498.2049794146342,568.1630549686039,416.2024493660145,496.8358495585524,False,provisional_archive_geometry,306.6496276855469,398:606,468.5199890136719,398:606,161.870361328125,398:606,-109.55282168046762
BG35,408479.6935078588,4117641.591892361,519.9133177804878,592.8657964889779,410.53553715197035,496.43515119220694,False,provisional_archive_geometry,307.298583984375,399:606,467.1199951171875,399:606,159.8214111328125,399:606,-103.23695316759535
BG35,408489.28169791616,4117618.8258639406,541.6216561463415,617.5685380093521,398.83791560904325,496.0316839812896,False,provisional_archive_geometry,307.298583984375,399:606,467.1199951171875,399:606,159.8214111328125,399:606,-91.53933162466825
BG35,408498.86988797353,4117596.05983552,563.3299945121951,642.2712795297261,389.240749874427,495.62841074029546,False,provisional_archive_geometry,307.298583984375,399:606,467.1199951171875,399:606,159.8214111328125,399:606,-81.94216589005202
BG35,408508.4580780309,4117573.293807099,585.0383328780488,666.9740210501003,383.9471411512729,495.2260342160428,False,provisional_archive_geometry,305.8887939453125,400:606,467.1199951171875,400:606,161.231201171875,400:606,-78.05834720596039
BG35,408518.0462680883,4117550.5277786786,606.7466712439025,691.6767625704744,379.9404518885078,494.82932525620186,False,provisional_archive_geometry,305.8887939453125,400:606,467.1199951171875,400:606,161.231201171875,400:606,-74.05165794319532
BG35,408527.63445814565,4117527.761750258,628.4550096097561,716.3795040908484,377.42418367997743,494.423309434302,False,provisional_archive_geometry,361.34515380859375,401:607,464.239990234375,401:607,102.89482116699219,401:607,-16.079029871383682
BG35,408537.222648203,4117504.9957218375,650.1633479756098,741.0822456112226,373.9802816849581,494.02398367581725,False,provisional_archive_geometry,361.34515380859375,401:607,464.239990234375,401:607,102.89482116699219,401:607,-12.635127876364322
BG35,408546.8108382604,4117482.229693417,671.8716863414634,765.7849871315965,373.22005999190173,495.5349829489812,False,provisional_archive_geometry,385.78472900390625,402:607,473.8800048828125,402:607,88.09527587890625,402:607,12.564669012004515
BG35,408556.39902831777,4117459.4636649964,693.5800247073171,790.4877286519707,374.38510483973675,497.1190655310417,False,provisional_archive_geometry,385.78472900390625,402:607,473.8800048828125,402:607,88.09527587890625,402:607,11.399624164169495
BG35,408565.98721837514,4117436.697636576,715.2883630731708,815.1904701723448,376.0955401741163,498.69931437034495,False,provisional_archive_geometry,398.9800720214844,403:607,486.8800048828125,403:607,87.89993286132812,403:607,22.884531847368066
BG35,408575.5754084325,4117413.9316081554,736.9967014390244,839.8932116927189,377.64569679448533,500.2811055391383,False,provisional_archive_geometry,409.5569152832031,403:608,484.20001220703125,403:608,74.64309692382812,403:608,31.911218488717793
BG35,408585.1635984899,4117391.165579735,758.7050398048781,864.5959532130929,382.89168857501886,501.86391652449163,False,provisional_archive_geometry,429.70574951171875,404:608,501.239990234375,404:608,71.53425598144531,404:608,46.81406093669989
BG35,408594.75178854726,4117368.3995513143,780.4133781707317,889.298694733467,389.8999638171097,503.4441653637866,False,provisional_archive_geometry,429.70574951171875,404:608,501.239990234375,404:608,71.53425598144531,404:608,39.80578569460903
BG35,408604.33997860464,4117345.633522894,802.1217165365854,914.0014362538411,397.69119172660095,505.03129821850763,False,provisional_archive_geometry,429.70574951171875,404:608,501.239990234375,404:608,71.53425598144531,404:608,32.0145577851178
BG35,408613.928168662,4117322.8674944732,823.8300549024391,938.7041777742153,407.34850709235,506.61718735790674,False,provisional_archive_geometry,467.4070129394531,405:608,523.6799926757812,405:608,56.27296829223633,405:608,60.058505847103106
BG35,408623.5163587194,4117300.1014660527,845.5383932682927,963.4069192945892,427.6307144483537,507.3175170115349,False,provisional_archive_geometry,479.5037841796875,405:609,516.2000122070312,405:609,36.69623947143555,405:609,51.87306973133383
BG35,408633.10454877676,4117277.3354376317,867.2467316341464,988.1096608149634,463.0961893374881,507.8097711061508,False,provisional_archive_geometry,511.020263671875,406:609,536.9600219726562,406:609,25.939748764038086,406:609,47.92407433438689
BG35,408642.69273883407,4117254.569409211,888.95507,1012.8124023353374,509.54075,,False,provisional_archive_geometry,511.020263671875,406:609,536.9600219726562,406:609,25.939748764038086,406:609,1.4795136718749973
BG45,409324.4787573472,4118039.4785265587,24.214066,0.0,225.79581,301.20242366813886,True,registered_archive_section,194.71902465820312,391:623,262.239990234375,391:623,67.52096557617188,391:623,-31.076785341796864
BG45,409342.53528295166,4118022.5734086777,48.9490845,24.735018242958223,225.33798897411214,301.60329011058155,True,registered_archive_section,194.71902465820312,391:623,262.239990234375,391:623,67.52096557617188,391:623,-30.61896431590901
BG45,409360.5918085561,4118005.6682907967,73.684103,49.47003648591644,223.35118896657673,302.0041346161237,True,registered_archive_section,194.71902465820312,391:623,262.239990234375,391:623,67.52096557617188,391:623,-28.632164308373603
BG45,409378.6483341605,4117988.763172915,98.4191215,74.20505472887467,217.73958782304538,302.40497474225685,True,registered_archive_section,196.26309204101562,392:624,261.760009765625,392:624,65.49691772460938,392:624,-21.476495782029758
BG45,409396.70485976496,4117971.858055034,123.15414,98.94007297183289,213.10416,302.80579145188733,True,registered_archive_section,196.26309204101562,392:624,261.760009765625,392:624,65.49691772460938,392:624,-16.841067958984382
BG50,409806.7857552374,4118107.642181547,31.212321,0.0,136.72539,186.0,True,registered_archive_section,140.2637939453125,389:632,185.0800018310547,389:632,44.81620788574219,389:632,3.5384039453124956
BG50,409823.1199337632,4118091.300148588,54.317892799999996,23.105571391709866,141.45627517427434,186.0,True,registered_archive_section,142.36868286132812,390:633,200.63999938964844,390:633,58.27130889892578,390:633,0.9124076870537863
BG50,409839.454112289,4118074.9581156294,77.4234646,46.21114278341974,144.66596784241437,186.0,True,registered_archive_section,142.36868286132812,390:633,200.63999938964844,390:633,58.27130889892578,390:633,-2.29728498108625
BG50,409855.7882908148,4118058.6160826706,100.5290364,69.3167141751296,145.0347798676344,186.0,True,registered_archive_section,142.36868286132812,390:633,200.63999938964844,390:633,58.27130889892578,390:633,-2.6660970063062734
BG50,409872.12246934057,4118042.274049712,123.6346082,92.42228556683948,146.06289274277995,186.0,True,registered_archive_section,164.84671020507812,391:634,211.9199981689453,391:634,47.07329177856445,391:634,18.783817462298174
BG50,409888.45664786635,4118025.932016753,146.74018,115.52785695854936,148.38707,186.0,True,registered_archive_section,164.84671020507812,391:634,211.9199981689453,391:634,47.07329177856445,391:634,16.45964020507813
