profile,model_cell_bed,model_bed_m,field_bed_m,use_primary_metrics,geometry_status,sampled_positions,bed_difference_m
BG30,398:595,469.3616943359375,525.0832472502693,True,registered_archive_section,2,-55.721552914331824
BG30,399:595,461.9189453125,529.7509935043727,True,registered_archive_section,2,-67.83204819187267
BG35,388:601,492.18353271484375,470.843716644583,False,provisional_archive_geometry,2,21.339816070260724
BG35,389:601,487.2362365722656,445.9165281014519,False,provisional_archive_geometry,1,41.31970847081374
BG35,389:602,435.4404296875,427.3702333931485,False,provisional_archive_geometry,2,8.07019629435149
BG35,390:602,417.4507141113281,415.0800639522946,False,provisional_archive_geometry,2,2.3706501590335165
BG35,391:602,410.253662109375,411.4368764829182,False,provisional_archive_geometry,1,-1.1832143735431941
BG35,391:603,402.24652099609375,413.91713301374483,False,provisional_archive_geometry,1,-11.67061201765108
BG35,392:603,390.7801513671875,420.73688884277186,False,provisional_archive_geometry,2,-29.95673747558436
BG35,393:603,369.2765197753906,430.6514498778393,False,provisional_archive_geometry,2,-61.37493010244867
BG35,394:604,347.9414978027344,450.1961491169632,False,provisional_archive_geometry,3,-102.25465131422885
BG35,395:604,338.90814208984375,452.8687414836469,False,provisional_archive_geometry,2,-113.96059939380314
BG35,396:605,322.00115966796875,445.3084915599253,False,provisional_archive_geometry,2,-123.30733189195655
BG35,397:605,320.1228942871094,436.8107703281569,False,provisional_archive_geometry,2,-116.6878760410475
BG35,398:605,321.6593933105469,426.879052691434,False,provisional_archive_geometry,1,-105.21965938088715
BG35,398:606,306.6496276855469,416.2024493660145,False,provisional_archive_geometry,1,-109.55282168046762
BG35,399:606,307.298583984375,398.83791560904325,False,provisional_archive_geometry,3,-91.53933162466825
BG35,400:606,305.8887939453125,381.9437965198904,False,provisional_archive_geometry,2,-76.05500257457788
BG35,401:607,361.34515380859375,375.70223268246775,False,provisional_archive_geometry,2,-14.357078873874002
BG35,402:607,385.78472900390625,373.80258241581924,False,provisional_archive_geometry,2,11.982146588087005
BG35,403:607,398.9800720214844,376.0955401741163,False,provisional_archive_geometry,1,22.884531847368066
BG35,403:608,409.5569152832031,377.64569679448533,False,provisional_archive_geometry,1,31.911218488717793
BG35,404:608,429.70574951171875,389.8999638171097,False,provisional_archive_geometry,3,39.80578569460903
BG35,405:608,467.4070129394531,407.34850709235,False,provisional_archive_geometry,1,60.058505847103106
BG35,405:609,479.5037841796875,427.6307144483537,False,provisional_archive_geometry,1,51.87306973133383
BG35,406:609,511.020263671875,486.31846966874406,False,provisional_archive_geometry,2,24.701794003130942
BG45,391:623,194.71902465820312,225.33798897411214,True,registered_archive_section,3,-30.61896431590901
BG45,392:624,196.26309204101562,215.4218739115227,True,registered_archive_section,2,-19.158781870507084
BG50,389:632,140.2637939453125,136.72539,True,registered_archive_section,1,3.5384039453124956
BG50,390:633,142.36868286132812,144.66596784241437,True,registered_archive_section,3,-2.29728498108625
BG50,391:634,164.84671020507812,147.22498137138996,True,registered_archive_section,2,17.621728833688167
