Rock_Type,area_km2,share_percent
Ash,0.015653834451070613,0.004500331537993998
BBS - Basalt,16.353548167966036,4.701492711478626
BBS - Trachyte,0.02426499605769047,0.006975960258750271
Cone,10.699928656711299,3.0761297839578385
Cone Lava,0.23706278271286976,0.06815334101443626
Crater,0.18376720268763808,0.05283135837989848
Drygalski Formation,2.892699266254771,0.831624084089384
Ice,0.003344256875475216,0.000961442689003591
LPS,8.484113509346352,2.43910357665888
LPS - Basanite,3.003479257199317,0.8634722992078422
LPS - Tephrite,0.05210041976673914,0.014978385197049658
LPS - Trachyte,3.846436786518289,1.1058147339794209
Laurens Peninsula Limestone,0.129026894556181,0.03709402987719051
Moraine,55.46215745015117,15.944853455444159
Recent Lava Flow,2.1162815783703737,0.6084112336938977
Snow/Ice,219.89682988483062,63.21828953339429
Tephra,0.2928349774953893,0.08418732731392409
Uncosolidated Beach Deposit,2.0413424066991697,0.586866920142019
Uncosolidated Glacial Sediments,22.102488517173757,6.354259491685393
