RGIId,year,name_1,area_km2,outline_source,needs_review,area_status
RGI60-19.00001,1947,AU1041,0.44490163257263554,historical_overlap_match,False,matched_historical
RGI60-19.00001,1988,AU1041,0.3952393966516649,historical_overlap_match,False,matched_historical
RGI60-19.00001,2014,AU1041,0.3041064631497783,2014_inventory,False,inventory
RGI60-19.00001,2019,AU1041,0.29466555806707156,accepted_coherence_outline,False,mapped_outline
RGI60-19.00001,2026,AU1041,0.2913869887189329,accepted_coherence_outline,False,mapped_outline
RGI60-19.00002,1947,Abbotsmith,23.667053053104304,historical_overlap_match,False,matched_historical
RGI60-19.00002,1988,Abbotsmith,22.752441095182697,historical_overlap_match,False,matched_historical
RGI60-19.00002,2014,Abbotsmith,21.815680992115546,2014_inventory,False,inventory
RGI60-19.00002,2019,Abbotsmith,20.911455889287737,accepted_coherence_outline,False,mapped_outline
RGI60-19.00002,2026,Abbotsmith,20.010523469504022,accepted_coherence_outline,False,mapped_outline
RGI60-19.00003,1947,Gotley,27.690189146429972,historical_overlap_match,False,matched_historical
RGI60-19.00003,1988,Gotley,27.53860265376633,historical_overlap_match,False,matched_historical
RGI60-19.00003,2014,Gotley,26.654106491029086,2014_inventory,False,inventory
RGI60-19.00003,2019,Gotley,26.061087926696615,accepted_coherence_outline,False,mapped_outline
RGI60-19.00003,2026,Gotley,25.802549625080086,accepted_coherence_outline,False,mapped_outline
RGI60-19.00004,1947,AU1121,4.9908080931437615,historical_overlap_match,False,matched_historical
RGI60-19.00004,1988,AU1121,3.0348324845847454,historical_overlap_match,False,matched_historical
RGI60-19.00004,2014,AU1121,2.2858522653104694,2014_inventory,False,inventory
RGI60-19.00004,2019,AU1121,2.1722688568717565,accepted_coherence_outline,False,mapped_outline
RGI60-19.00004,2026,AU1121,2.1321839287016275,accepted_coherence_outline,False,mapped_outline
RGI60-19.00005,1947,Stephenson,25.84551559494513,historical_overlap_match,False,matched_historical
RGI60-19.00005,1988,Stephenson,20.52004767075462,historical_overlap_match,False,matched_historical
RGI60-19.00005,2014,Stephenson,9.227294986118597,2014_inventory,False,inventory
RGI60-19.00005,2019,Stephenson,8.376110965990259,accepted_coherence_outline,False,mapped_outline
RGI60-19.00005,2026,Stephenson,8.14320061639229,accepted_coherence_outline,False,mapped_outline
RGI60-19.00006,1947,Lied,16.052981278159116,historical_overlap_match,False,matched_historical
RGI60-19.00006,1988,Lied,15.557893235383695,historical_overlap_match,False,matched_historical
RGI60-19.00006,2014,Lied,15.212014148101957,2014_inventory,False,inventory
RGI60-19.00006,2019,Lied,14.78086327358515,accepted_coherence_outline,False,mapped_outline
RGI60-19.00006,2026,Lied,14.264392376099604,accepted_coherence_outline,False,mapped_outline
RGI60-19.00007,1947,AU1211,8.376701532538354,historical_overlap_match,False,matched_historical
RGI60-19.00007,1988,AU1211,7.526844837204521,historical_overlap_match,False,matched_historical
RGI60-19.00007,2014,AU1211,7.4648358214559,2014_inventory,False,inventory
RGI60-19.00007,2019,AU1211,6.4698756819936705,accepted_coherence_outline,False,mapped_outline
RGI60-19.00007,2026,AU1211,6.290049397983708,accepted_coherence_outline,False,mapped_outline
RGI60-19.00008,1947,Winston,22.398199385368528,historical_overlap_match,False,matched_historical
RGI60-19.00008,1988,Winston,15.913745270110017,historical_overlap_match,False,matched_historical
RGI60-19.00008,2014,Winston,13.459200134050743,2014_inventory,False,inventory
RGI60-19.00008,2019,Winston,12.54860561178011,accepted_coherence_outline,False,mapped_outline
RGI60-19.00008,2026,Winston,11.929476284655415,accepted_coherence_outline,False,mapped_outline
RGI60-19.00009,1947,AU1141,9.010613161286237,historical_overlap_match,False,matched_historical
RGI60-19.00009,1988,AU1141,6.880087363992995,historical_overlap_match,False,matched_historical
RGI60-19.00009,2014,AU1141,4.600634728429636,2014_inventory,False,inventory
RGI60-19.00009,2019,AU1141,4.380926824942834,accepted_coherence_outline,False,mapped_outline
RGI60-19.00009,2026,AU1141,4.286486365152833,accepted_coherence_outline,False,mapped_outline
RGI60-19.00010,1947,Fifty-one,25.456080825157116,historical_overlap_match,False,matched_historical
RGI60-19.00010,1988,Fifty-one,23.76212969695124,historical_overlap_match,False,matched_historical
RGI60-19.00010,2014,Fifty-one,22.07894317812399,2014_inventory,False,inventory
RGI60-19.00010,2019,Fifty-one,21.552265569992493,accepted_coherence_outline,False,mapped_outline
RGI60-19.00010,2026,Fifty-one,21.067719558445944,accepted_coherence_outline,False,mapped_outline
RGI60-19.00011,1947,AU1191,1.8497228913025394,historical_overlap_match,False,matched_historical
RGI60-19.00011,1988,AU1191,1.3136793430669214,historical_overlap_match,False,matched_historical
RGI60-19.00011,2014,AU1191,0.9781473828488946,2014_inventory,False,inventory
RGI60-19.00011,2019,AU1191,0.8585464594599357,accepted_coherence_outline,False,mapped_outline
RGI60-19.00011,2026,AU1191,0.7323625909569798,accepted_coherence_outline,False,mapped_outline
RGI60-19.00012,1947,Deacock,3.418442100908043,historical_overlap_match,False,matched_historical
RGI60-19.00012,1988,Deacock,2.7798196152633436,historical_overlap_match,False,matched_historical
RGI60-19.00012,2014,Deacock,2.180779070006445,2014_inventory,False,inventory
RGI60-19.00012,2019,Deacock,1.952083635634274,accepted_coherence_outline,False,mapped_outline
RGI60-19.00012,2026,Deacock,1.9254835427018449,accepted_coherence_outline,False,mapped_outline
RGI60-19.00013,1947,Downes,17.021118388147304,historical_overlap_match,False,matched_historical
RGI60-19.00013,1988,Downes,16.75649687745577,historical_overlap_match,False,matched_historical
RGI60-19.00013,2014,Downes,15.504066766825414,2014_inventory,False,inventory
RGI60-19.00013,2019,Downes,13.33965818659695,accepted_coherence_outline,False,mapped_outline
RGI60-19.00013,2026,Downes,13.259091262552214,accepted_coherence_outline,False,mapped_outline
RGI60-19.00014,1947,Ealey,21.88079149932781,historical_overlap_match,False,matched_historical
RGI60-19.00014,1988,Ealey,21.449782471534327,historical_overlap_match,False,matched_historical
RGI60-19.00014,2014,Ealey,19.673343722495122,2014_inventory,False,inventory
RGI60-19.00014,2019,Ealey,18.384140088693,accepted_coherence_outline,False,mapped_outline
RGI60-19.00014,2026,Ealey,18.096060156461316,accepted_coherence_outline,False,mapped_outline
RGI60-19.00015,1947,Mary Powell,3.3090788370694746,historical_overlap_match,False,matched_historical
RGI60-19.00015,1988,Mary Powell,2.435257242568191,historical_overlap_match,False,matched_historical
RGI60-19.00015,2014,Mary Powell,2.0758530132757462,2014_inventory,False,inventory
RGI60-19.00015,2019,Mary Powell,1.9619914072302327,accepted_coherence_outline,False,mapped_outline
RGI60-19.00015,2026,Mary Powell,1.8248892834275336,accepted_coherence_outline,False,mapped_outline
RGI60-19.00016,1947,Vahsel-Allison,18.66796130466063,historical_overlap_match,False,matched_historical
RGI60-19.00016,1988,Vahsel-Allison,18.470609571349748,historical_overlap_match,False,matched_historical
RGI60-19.00016,2014,Vahsel-Allison,17.456564953716907,2014_inventory,False,inventory
RGI60-19.00016,2019,Vahsel-Allison,16.833548622774757,accepted_coherence_outline,False,mapped_outline
RGI60-19.00016,2026,Vahsel-Allison,16.476800318443914,accepted_coherence_outline,False,mapped_outline
RGI60-19.00017,1947,Nares,2.2608202183179498,historical_overlap_match,False,matched_historical
RGI60-19.00017,1988,Nares,1.8107460972994067,historical_overlap_match,False,matched_historical
RGI60-19.00017,2014,Nares,1.6705181195776486,2014_inventory,False,inventory
RGI60-19.00017,2019,Nares,1.3953674088012031,accepted_coherence_outline,False,mapped_outline
RGI60-19.00017,2026,Nares,1.2744292484161814,accepted_coherence_outline,False,mapped_outline
RGI60-19.00018,1947,Challenger,7.472040102724129,historical_overlap_match,False,matched_historical
RGI60-19.00018,1988,Challenger,7.419819571884695,historical_overlap_match,False,matched_historical
RGI60-19.00018,2014,Challenger,7.523175531798592,2014_inventory,False,inventory
RGI60-19.00018,2019,Challenger,6.886765894831898,accepted_coherence_outline,False,mapped_outline
RGI60-19.00018,2026,Challenger,6.688975428579561,accepted_coherence_outline,False,mapped_outline
RGI60-19.00019,1947,AU1091,,,False,missing_historical
RGI60-19.00019,1988,AU1091,1.5395520291486462,historical_overlap_match,False,matched_historical
RGI60-19.00019,2014,AU1091,0.35027774788721516,2014_inventory,False,inventory
RGI60-19.00019,2019,AU1091,0.0,,False,no_mapped_extent
RGI60-19.00019,2026,AU1091,0.0,,False,no_mapped_extent
RGI60-19.00020,1947,Compton,22.154032645720076,historical_overlap_match,False,matched_historical
RGI60-19.00020,1988,Compton,13.370408720853765,historical_overlap_match,False,matched_historical
RGI60-19.00020,2014,Compton,12.538256144551523,2014_inventory,False,inventory
RGI60-19.00020,2019,Compton,11.519489907195974,accepted_coherence_outline,False,mapped_outline
RGI60-19.00020,2026,Compton,10.050346798143039,accepted_coherence_outline,False,mapped_outline
RGI60-19.00021,1947,Jacka,3.889798699831913,historical_overlap_match,False,matched_historical
RGI60-19.00021,1988,Jacka,3.673118738825366,historical_overlap_match,False,matched_historical
RGI60-19.00021,2014,Jacka,0.6025214689781212,2014_inventory,False,inventory
RGI60-19.00021,2019,Jacka,0.0,,False,no_mapped_extent
RGI60-19.00021,2026,Jacka,0.0,,False,no_mapped_extent
RGI60-19.00022,1947,Baudissin-Schmidt,16.332461760991897,historical_overlap_match,False,matched_historical
RGI60-19.00022,1988,Baudissin-Schmidt,15.768045965575336,historical_overlap_match,False,matched_historical
RGI60-19.00022,2014,Baudissin-Schmidt,15.471822328860139,2014_inventory,False,inventory
RGI60-19.00022,2019,Baudissin-Schmidt,14.741840427865299,accepted_coherence_outline,False,mapped_outline
RGI60-19.00022,2026,Baudissin-Schmidt,13.887451603733348,accepted_coherence_outline,False,mapped_outline
RGI60-19.00023,1947,Brown,5.357312883250383,historical_overlap_match,False,matched_historical
RGI60-19.00023,1988,Brown,4.27669676838624,historical_overlap_match,False,matched_historical
RGI60-19.00023,2014,Brown,3.4036137984017,2014_inventory,False,inventory
RGI60-19.00023,2019,Brown,3.3329476990066413,accepted_coherence_outline,False,mapped_outline
RGI60-19.00023,2026,Brown,3.190623783505571,accepted_coherence_outline,False,mapped_outline
