Waypoint,GPS lat 53 deg S,GPS long 073 deg E,Depth (m)
,minutes,minutes,
42,4.308,39.724,10.15
43,4.304,39.742,10.30
44,4.305,39.775,9.50
45,4.321,39.807,12.80
46,4.275,39.961,14.40
47,4.345,39.998,27.40
48,4.409,40.012,>30
49,4.446,40.016,>30
50,4.485,40.035,>30
51,4.503,39.954,50.20
52,4.494,39.965,49.20
53,4.468,39.938,49.60
54,4.470,39.992,52.70
55,4.485,40.027,52.40
56,4.502,40.060,50.80
57,4.513,40.100,52.60
58,4.528,40.129,49.60
59,4.539,40.151,42.20
60,4.538,40.161,33.30
61,4.553,40.101,34.10
62,4.549,40.049,37.40
63,4.559,39.994,32.60
64,4.551,39.956,36.90
