section,distance_m,offset_m,E,N,depth_m
L1,692.5,-600,410267.4321955912,4119147.682004659,
L1,692.5,-590,410274.6329745077,4119140.743072249,
L1,692.5,-580,410281.8337534241,4119133.8041398386,
L1,692.5,-570,410289.0345323406,4119126.865207428,
L1,692.5,-560,410296.23531125707,4119119.9262750177,
L1,692.5,-550,410303.43609017355,4119112.987342607,
L1,692.5,-540,410310.63686909,4119106.048410197,
L1,692.5,-530,410317.83764800645,4119099.1094777863,
L1,692.5,-520,410325.0384269229,4119092.170545376,
L1,692.5,-510,410332.2392058394,4119085.2316129655,
L1,692.5,-500,410339.4399847559,4119078.292680555,
L1,692.5,-490,410346.64076367236,4119071.3537481446,
L1,692.5,-480,410353.8415425888,4119064.414815734,
L1,692.5,-470,410361.04232150526,4119057.4758833237,
L1,692.5,-460,410368.24310042174,4119050.5369509137,
L1,692.5,-450,410375.4438793382,4119043.5980185033,
L1,692.5,-440,410382.64465825463,4119036.659086093,
L1,692.5,-430,410389.8454371711,4119029.7201536824,
L1,692.5,-420,410397.0462160876,4119022.781221272,2.435058832168579
L1,692.5,-410,410404.24699500407,4119015.8422888615,3.298461437225342
L1,692.5,-400,410411.44777392055,4119008.903356451,4.5061540603637695
L1,692.5,-390,410418.64855283697,4119001.9644240406,4.5061540603637695
L1,692.5,-380,410425.84933175344,4118995.02549163,6.045679092407227
L1,692.5,-370,410433.0501106699,4118988.0865592198,7.193070411682129
L1,692.5,-360,410440.2508895864,4118981.1476268093,8.007884979248047
L1,692.5,-350,410447.4516685029,4118974.208694399,8.28028678894043
L1,692.5,-340,410454.6524474193,4118967.2697619884,9.36750316619873
L1,692.5,-330,410461.8532263358,4118960.330829578,10.182317733764648
L1,692.5,-320,410469.05400525226,4118953.391897168,10.454719543457031
L1,692.5,-310,410476.25478416873,4118946.4529647576,11.21212100982666
L1,692.5,-300,410483.45556308515,4118939.514032347,12.803030014038086
L1,692.5,-290,410490.65634200163,4118932.5750999367,13.742029190063477
L1,692.5,-280,410497.8571209181,4118925.6361675262,14.118840217590332
L1,692.5,-270,410505.0578998346,4118918.697235116,14.513350486755371
L1,692.5,-260,410512.25867875107,4118911.7583027054,14.969853401184082
L1,692.5,-250,410519.4594576675,4118904.819370295,14.928668975830078
L1,692.5,-240,410526.66023658396,4118897.8804378845,16.069475173950195
L1,692.5,-230,410533.86101550044,4118890.941505474,16.575103759765625
L1,692.5,-220,410541.0617944169,4118884.0025730636,18.05826759338379
L1,692.5,-210,410548.2625733334,4118877.063640653,18.788497924804688
L1,692.5,-200,410555.4633522498,4118870.1247082427,19.54142951965332
L1,692.5,-190,410562.6641311663,4118863.1857758327,21.292768478393555
L1,692.5,-180,410569.8649100828,4118856.2468434223,22.214319229125977
L1,692.5,-170,410577.06568899925,4118849.307911012,24.083412170410156
L1,692.5,-160,410584.2664679157,4118842.3689786014,25.030954360961914
L1,692.5,-150,410591.46724683215,4118835.430046191,26.950218200683594
L1,692.5,-140,410598.66802574863,4118828.4911137805,27.49616241455078
L1,692.5,-130,410605.8688046651,4118821.55218137,27.722562789916992
L1,692.5,-120,410613.0695835816,4118814.6132489596,28.41903305053711
L1,692.5,-110,410620.270362498,4118807.674316549,29.04310417175293
L1,692.5,-100,410627.4711414145,4118800.7353841388,29.04310417175293
L1,692.5,-90,410634.67192033096,4118793.7964517283,29.627229690551758
L1,692.5,-80,410641.87269924744,4118786.857519318,30.18997573852539
L1,692.5,-70,410649.0734781639,4118779.9185869074,31.36170196533203
L1,692.5,-60,410656.27425708034,4118772.9796544975,30.94344711303711
L1,692.5,-50,410663.4750359968,4118766.040722087,31.696918487548828
L1,692.5,-40,410670.6758149133,4118759.1017896766,32.45038986206055
L1,692.5,-30,410677.8765938298,4118752.162857266,32.45038986206055
L1,692.5,-20,410685.0773727462,4118745.2239248557,34.14692687988281
L1,692.5,-10,410692.2781516627,4118738.2849924453,37.5222053527832
L1,692.5,0,410699.47893057915,4118731.346060035,37.5222053527832
L1,692.5,10,410706.6797094956,4118724.4071276244,40.17704391479492
L1,692.5,20,410713.8804884121,4118717.468195214,43.4605827331543
L1,692.5,30,410721.0812673285,4118710.5292628035,42.08784866333008
L1,692.5,40,410728.282046245,4118703.590330393,47.42429733276367
L1,692.5,50,410735.4828251615,4118696.6513979826,51.720726013183594
L1,692.5,60,410742.68360407796,4118689.712465572,50.48259353637695
L1,692.5,70,410749.8843829944,4118682.773533162,50.48259353637695
L1,692.5,80,410757.08516191086,4118675.8346007518,48.72626495361328
L1,692.5,90,410764.28594082734,4118668.8956683413,48.70429992675781
L1,692.5,100,410771.4867197438,4118661.956735931,46.93010711669922
L1,692.5,110,410778.6874986603,4118655.0178035204,48.32795715332031
L1,692.5,120,410785.8882775767,4118648.07887111,47.95161437988281
L1,692.5,130,410793.0890564932,4118641.1399386995,48.10230255126953
L1,692.5,140,410800.28983540967,4118634.201006289,48.69053649902344
L1,692.5,150,410807.49061432615,4118627.2620738787,51.351539611816406
L1,692.5,160,410814.6913932426,4118620.323141468,51.27450942993164
L1,692.5,170,410821.89217215905,4118613.384209058,51.30421829223633
L1,692.5,180,410829.0929510755,4118606.4452766473,51.80080795288086
L1,692.5,190,410836.293729992,4118599.506344237,52.403846740722656
L1,692.5,200,410843.4945089085,4118592.567411827,52.509464263916016
L1,692.5,210,410850.6952878249,4118585.6284794165,48.82222366333008
L1,692.5,220,410857.8960667414,4118578.689547006,48.21316909790039
L1,692.5,230,410865.09684565786,4118571.7506145956,46.37803649902344
L1,692.5,240,410872.29762457433,4118564.811682185,45.94485855102539
L1,692.5,250,410879.4984034908,4118557.8727497747,46.67170715332031
L1,692.5,260,410886.69918240723,4118550.9338173643,45.2037353515625
L1,692.5,270,410893.8999613237,4118543.994884954,43.46923065185547
L1,692.5,280,410901.1007402402,4118537.0559525434,39.899497985839844
L1,692.5,290,410908.30151915667,4118530.117020133,39.899497985839844
L1,692.5,300,410915.50229807314,4118523.1780877225,35.0
L1,692.5,310,410922.70307698956,4118516.239155312,27.55345916748047
L1,692.5,320,410929.90385590604,4118509.3002229016,25.0
L1,692.5,330,410937.1046348225,4118502.3612904917,23.214284896850586
L1,692.5,340,410944.305413739,4118495.422358081,12.90882396697998
L1,692.5,350,410951.5061926554,4118488.483425671,
L1,692.5,360,410958.7069715719,4118481.5444932603,
L1,692.5,370,410965.9077504884,4118474.60556085,
L1,692.5,380,410973.10852940485,4118467.6666284394,
L1,692.5,390,410980.30930832133,4118460.727696029,
L1,692.5,400,410987.51008723775,4118453.7887636186,
L1,692.5,410,410994.71086615423,4118446.849831208,
L1,692.5,420,411001.9116450707,4118439.9108987977,
L1,692.5,430,411009.1124239872,4118432.9719663872,
L1,692.5,440,411016.31320290366,4118426.033033977,
L1,692.5,450,411023.5139818201,4118419.0941015664,
L1,692.5,460,411030.71476073656,4118412.155169156,
L1,692.5,470,411037.91553965304,4118405.216236746,
L1,692.5,480,411045.1163185695,4118398.2773043355,
L1,692.5,490,411052.31709748594,4118391.338371925,
L1,692.5,500,411059.5178764024,4118384.3994395146,
L1,692.5,510,411066.7186553189,4118377.460507104,
L1,692.5,520,411073.9194342354,4118370.5215746937,
L1,692.5,530,411081.12021315185,4118363.5826422833,
L1,692.5,540,411088.3209920683,4118356.643709873,
L1,692.5,550,411095.52177098475,4118349.7047774624,
L1,692.5,560,411102.7225499012,4118342.765845052,
L1,692.5,570,411109.9233288177,4118335.8269126415,
L1,692.5,580,411117.1241077342,4118328.887980231,
L1,692.5,590,411124.3248866506,4118321.9490478206,
L1,692.5,600,411131.5256655671,4118315.0101154107,
L2,835.0,-600,410241.8469232471,4119125.5105103306,
L2,835.0,-590,410247.686217989,4119117.3924664212,
L2,835.0,-580,410253.52551273094,4119109.2744225115,
L2,835.0,-570,410259.3648074729,4119101.156378602,
L2,835.0,-560,410265.20410221483,4119093.0383346924,
L2,835.0,-550,410271.0433969568,4119084.920290783,
L2,835.0,-540,410276.88269169873,4119076.8022468733,
L2,835.0,-530,410282.7219864407,4119068.684202964,
L2,835.0,-520,410288.5612811826,4119060.5661590546,
L2,835.0,-510,410294.40057592455,4119052.448115145,
L2,835.0,-500,410300.2398706665,4119044.3300712355,
L2,835.0,-490,410306.07916540845,4119036.2120273258,
L2,835.0,-480,410311.9184601504,4119028.0939834164,
L2,835.0,-470,410317.75775489234,4119019.975939507,
L2,835.0,-460,410323.59704963426,4119011.8578955973,
L2,835.0,-450,410329.43634437624,4119003.739851688,
L2,835.0,-440,410335.27563911816,4118995.6218077783,
L2,835.0,-430,410341.11493386014,4118987.503763869,
L2,835.0,-420,410346.95422860206,4118979.385719959,
L2,835.0,-410,410352.793523344,4118971.26767605,
L2,835.0,-400,410358.63281808596,4118963.1496321405,3.9691765308380127
L2,835.0,-390,410364.4721128279,4118955.0315882307,6.443923473358154
L2,835.0,-380,410370.31140756985,4118946.9135443214,7.4336676597595215
L2,835.0,-370,410376.1507023118,4118938.7955004117,7.761622428894043
L2,835.0,-360,410381.9899970537,4118930.6774565023,7.950535297393799
L2,835.0,-350,410387.8292917957,4118922.559412593,8.58911418914795
L2,835.0,-340,410393.6685865376,4118914.4413686832,9.569528579711914
L2,835.0,-330,410399.50788127957,4118906.323324774,10.166621208190918
L2,835.0,-320,410405.3471760215,4118898.205280864,10.829536437988281
L2,835.0,-310,410411.1864707634,4118890.087236955,11.140111923217773
L2,835.0,-300,410417.0257655054,4118881.969193045,11.741475105285645
L2,835.0,-290,410422.8650602473,4118873.8511491357,12.282685279846191
L2,835.0,-280,410428.7043549893,4118865.7331052264,12.48598575592041
L2,835.0,-270,410434.5436497312,4118857.6150613166,13.745949745178223
L2,835.0,-260,410440.3829444731,4118849.4970174073,15.907092094421387
L2,835.0,-250,410446.2222392151,4118841.3789734975,15.907092094421387
L2,835.0,-240,410452.061533957,4118833.260929588,17.87908172607422
L2,835.0,-230,410457.900828699,4118825.142885679,18.3909969329834
L2,835.0,-220,410463.7401234409,4118817.024841769,19.597312927246094
L2,835.0,-210,410469.57941818284,4118808.90679786,22.603282928466797
L2,835.0,-200,410475.4187129248,4118800.78875395,23.415557861328125
L2,835.0,-190,410481.25800766674,4118792.6707100407,24.75499153137207
L2,835.0,-180,410487.0973024087,4118784.552666131,27.21269989013672
L2,835.0,-170,410492.93659715063,4118776.4346222216,29.49650001525879
L2,835.0,-160,410498.7758918926,4118768.3165783123,31.286842346191406
L2,835.0,-150,410504.61518663453,4118760.1985344025,30.856184005737305
L2,835.0,-140,410510.45448137645,4118752.080490493,31.414478302001953
L2,835.0,-130,410516.29377611843,4118743.9624465834,31.980661392211914
L2,835.0,-120,410522.13307086035,4118735.844402674,33.27397155761719
L2,835.0,-110,410527.9723656023,4118727.726358765,34.972496032714844
L2,835.0,-100,410533.81166034425,4118719.608314855,36.9113883972168
L2,835.0,-90,410539.65095508617,4118711.4902709457,36.9113883972168
L2,835.0,-80,410545.49024982814,4118703.372227036,37.996273040771484
L2,835.0,-70,410551.32954457006,4118695.2541831266,39.19879913330078
L2,835.0,-60,410557.16883931204,4118687.136139217,40.65238571166992
L2,835.0,-50,410563.00813405396,4118679.0180953075,41.585018157958984
L2,835.0,-40,410568.8474287959,4118670.900051398,41.585018157958984
L2,835.0,-30,410574.68672353786,4118662.7820074884,43.71089172363281
L2,835.0,-20,410580.5260182798,4118654.663963579,47.45369338989258
L2,835.0,-10,410586.36531302176,4118646.5459196693,49.66818618774414
L2,835.0,0,410592.2046077637,4118638.42787576,51.0
L2,835.0,10,410598.0439025056,4118630.3098318507,51.0
L2,835.0,20,410603.8831972476,4118622.191787941,51.510440826416016
L2,835.0,30,410609.7224919895,4118614.0737440316,51.7739143371582
L2,835.0,40,410615.5617867315,4118605.955700122,52.469566345214844
L2,835.0,50,410621.4010814734,4118597.8376562125,52.8701286315918
L2,835.0,60,410627.2403762153,4118589.719612303,53.40327072143555
L2,835.0,70,410633.0796709573,4118581.6015683934,53.702999114990234
L2,835.0,80,410638.9189656992,4118573.483524484,53.321136474609375
L2,835.0,90,410644.7582604412,4118565.3654805743,52.78949737548828
L2,835.0,100,410650.5975551831,4118557.247436665,52.25785446166992
L2,835.0,110,410656.436849925,4118549.129392755,51.76065444946289
L2,835.0,120,410662.276144667,4118541.011348846,51.72621536254883
L2,835.0,130,410668.1154394089,4118532.8933049366,50.96219253540039
L2,835.0,140,410673.9547341509,4118524.775261027,48.75025177001953
L2,835.0,150,410679.7940288928,4118516.6572171175,47.75762939453125
L2,835.0,160,410685.63332363474,4118508.5391732077,47.19552993774414
L2,835.0,170,410691.4726183767,4118500.4211292984,46.86672592163086
L2,835.0,180,410697.31191311864,4118492.303085389,45.34641647338867
L2,835.0,190,410703.1512078606,4118484.1850414793,47.41126251220703
L2,835.0,200,410708.99050260254,4118476.06699757,44.70296859741211
L2,835.0,210,410714.8297973445,4118467.94895366,44.6943244934082
L2,835.0,220,410720.66909208643,4118459.830909751,41.258811950683594
L2,835.0,230,410726.50838682835,4118451.712865841,41.258811950683594
L2,835.0,240,410732.34768157033,4118443.594821932,33.001625061035156
L2,835.0,250,410738.18697631225,4118435.4767780225,27.727678298950195
L2,835.0,260,410744.02627105423,4118427.3587341127,22.19343376159668
L2,835.0,270,410749.86556579615,4118419.2406902034,15.423715591430664
L2,835.0,280,410755.70486053807,4118411.1226462936,12.850592613220215
L2,835.0,290,410761.54415528005,4118403.0046023843,
L2,835.0,300,410767.38345002197,4118394.886558475,
L2,835.0,310,410773.22274476395,4118386.768514565,
L2,835.0,320,410779.06203950586,4118378.650470656,
L2,835.0,330,410784.9013342478,4118370.532426746,
L2,835.0,340,410790.74062898976,4118362.414382837,
L2,835.0,350,410796.5799237317,4118354.296338927,
L2,835.0,360,410802.41921847366,4118346.1782950177,
L2,835.0,370,410808.2585132156,4118338.0602511084,
L2,835.0,380,410814.0978079575,4118329.9422071986,
L2,835.0,390,410819.9371026995,4118321.8241632893,
L2,835.0,400,410825.7763974414,4118313.7061193795,
L2,835.0,410,410831.6156921834,4118305.58807547,
L2,835.0,420,410837.4549869253,4118297.470031561,
L2,835.0,430,410843.2942816672,4118289.351987651,
L2,835.0,440,410849.1335764092,4118281.233943742,
L2,835.0,450,410854.9728711511,4118273.115899832,
L2,835.0,460,410860.8121658931,4118264.9978559227,
L2,835.0,470,410866.651460635,4118256.879812013,
L2,835.0,480,410872.49075537693,4118248.7617681036,
L2,835.0,490,410878.3300501189,4118240.6437241943,
L2,835.0,500,410884.1693448608,4118232.5256802845,
L2,835.0,510,410890.0086396028,4118224.407636375,
L2,835.0,520,410895.8479343447,4118216.2895924654,
L2,835.0,530,410901.68722908664,4118208.171548556,
L2,835.0,540,410907.5265238286,4118200.0535046468,
L2,835.0,550,410913.36581857054,4118191.935460737,
L2,835.0,560,410919.2051133125,4118183.8174168277,
L2,835.0,570,410925.04440805444,4118175.699372918,
L2,835.0,580,410930.8837027964,4118167.5813290086,
L2,835.0,590,410936.72299753834,4118159.463285099,
L2,835.0,600,410942.56229228026,4118151.3452411895,
L3,977.5,-600,410126.1647975398,4119042.30056026,
L3,977.5,-590,410132.00409228174,4119034.182516351,
L3,977.5,-580,410137.8433870236,4119026.064472441,
L3,977.5,-570,410143.6826817655,4119017.946428532,
L3,977.5,-560,410149.5219765074,4119009.828384622,
L3,977.5,-550,410155.36127124925,4119001.7103407127,
L3,977.5,-540,410161.20056599117,4118993.592296803,
L3,977.5,-530,410167.039860733,4118985.4742528936,
L3,977.5,-520,410172.87915547495,4118977.356208984,
L3,977.5,-510,410178.7184502168,4118969.2381650745,
L3,977.5,-500,410184.5577449587,4118961.1201211647,
L3,977.5,-490,410190.3970397006,4118953.0020772554,
L3,977.5,-480,410196.2363344425,4118944.8840333456,
L3,977.5,-470,410202.0756291844,4118936.7659894363,
L3,977.5,-460,410207.9149239263,4118928.6479455265,
L3,977.5,-450,410213.75421866815,4118920.529901617,
L3,977.5,-440,410219.59351341,4118912.4118577074,
L3,977.5,-430,410225.43280815193,4118904.293813798,
L3,977.5,-420,410231.2721028938,4118896.1757698883,
L3,977.5,-410,410237.1113976357,4118888.057725979,
L3,977.5,-400,410242.9506923776,4118879.9396820692,
L3,977.5,-390,410248.7899871195,4118871.82163816,
L3,977.5,-380,410254.62928186136,4118863.70359425,
L3,977.5,-370,410260.4685766033,4118855.585550341,
L3,977.5,-360,410266.30787134514,4118847.467506431,
L3,977.5,-350,410272.147166087,4118839.3494625217,
L3,977.5,-340,410277.9864608289,4118831.231418612,
L3,977.5,-330,410283.8257555708,4118823.1133747026,
L3,977.5,-320,410289.6650503127,4118814.995330793,
L3,977.5,-310,410295.50434505456,4118806.8772868835,
L3,977.5,-300,410301.3436397965,4118798.7592429738,
L3,977.5,-290,410307.18293453834,4118790.6411990644,
L3,977.5,-280,410313.02222928026,4118782.5231551547,
L3,977.5,-270,410318.8615240221,4118774.4051112453,
L3,977.5,-260,410324.700818764,4118766.2870673356,
L3,977.5,-250,410330.5401135059,4118758.1690234262,
L3,977.5,-240,410336.37940824777,4118750.0509795165,
L3,977.5,-230,410342.2187029897,4118741.932935607,
L3,977.5,-220,410348.05799773155,4118733.8148916974,
L3,977.5,-210,410353.89729247347,4118725.696847788,
L3,977.5,-200,410359.73658721533,4118717.5788038783,
L3,977.5,-190,410365.57588195725,4118709.460759969,14.050000190734863
L3,977.5,-180,410371.4151766991,4118701.342716059,20.182697296142578
L3,977.5,-170,410377.254471441,4118693.22467215,19.761205673217773
L3,977.5,-160,410383.0937661829,4118685.10662824,22.516082763671875
L3,977.5,-150,410388.93306092476,4118676.988584331,19.717084884643555
L3,977.5,-140,410394.7723556667,4118668.870540421,22.560728073120117
L3,977.5,-130,410400.61165040854,4118660.7524965117,27.11394500732422
L3,977.5,-120,410406.45094515046,4118652.634452602,27.42561912536621
L3,977.5,-110,410412.2902398923,4118644.5164086926,31.509641647338867
L3,977.5,-100,410418.12953463424,4118636.398364783,31.79785919189453
L3,977.5,-90,410423.9688293761,4118628.2803208735,35.482398986816406
L3,977.5,-80,410429.80812411796,4118620.1622769637,35.482398986816406
L3,977.5,-70,410435.6474188599,4118612.0442330544,38.50284957885742
L3,977.5,-60,410441.48671360174,4118603.9261891446,41.52330017089844
L3,977.5,-50,410447.32600834366,4118595.8081452353,41.46944046020508
L3,977.5,-40,410453.1653030855,4118587.6901013255,44.3515739440918
L3,977.5,-30,410459.00459782744,4118579.572057416,44.037105560302734
L3,977.5,-20,410464.8438925693,4118571.4540135064,46.11886978149414
L3,977.5,-10,410470.6831873112,4118563.335969597,47.708717346191406
L3,977.5,0,410476.5224820531,4118555.2179256873,47.27902603149414
L3,977.5,10,410482.36177679495,4118547.0998817775,49.22050476074219
L3,977.5,20,410488.20107153687,4118538.981837868,49.27168655395508
L3,977.5,30,410494.0403662787,4118530.8637939584,51.74851608276367
L3,977.5,40,410499.87966102065,4118522.745750049,49.20400619506836
L3,977.5,50,410505.7189557625,4118514.6277061393,49.218841552734375
L3,977.5,60,410511.55825050443,4118506.50966223,49.26200866699219
L3,977.5,70,410517.3975452463,4118498.3916183203,47.58310317993164
L3,977.5,80,410523.2368399882,4118490.273574411,50.01201248168945
L3,977.5,90,410529.0761347301,4118482.155530501,48.68503189086914
L3,977.5,100,410534.91542947193,4118474.037486592,49.78696060180664
L3,977.5,110,410540.75472421385,4118465.919442682,49.74497985839844
L3,977.5,120,410546.5940189557,4118457.8013987727,48.7490234375
L3,977.5,130,410552.43331369763,4118449.683354863,48.68618392944336
L3,977.5,140,410558.2726084395,4118441.5653109537,48.68618392944336
L3,977.5,150,410564.1119031814,4118433.447267044,47.8781852722168
L3,977.5,160,410569.9511979233,4118425.3292231346,41.53117370605469
L3,977.5,170,410575.7904926652,4118417.211179225,31.707143783569336
L3,977.5,180,410581.62978740706,4118409.0931353155,23.058576583862305
L3,977.5,190,410587.4690821489,4118400.9750914057,23.058576583862305
L3,977.5,200,410593.30837689084,4118392.8570474964,14.659955024719238
L3,977.5,210,410599.1476716327,4118384.7390035866,
L3,977.5,220,410604.9869663746,4118376.6209596773,
L3,977.5,230,410610.8262611165,4118368.5029157675,
L3,977.5,240,410616.6655558584,4118360.384871858,
L3,977.5,250,410622.50485060026,4118352.2668279484,
L3,977.5,260,410628.3441453422,4118344.148784039,
L3,977.5,270,410634.18344008405,4118336.0307401293,
L3,977.5,280,410640.0227348259,4118327.91269622,
L3,977.5,290,410645.8620295678,4118319.79465231,
L3,977.5,300,410651.7013243097,4118311.676608401,
L3,977.5,310,410657.5406190516,4118303.558564491,
L3,977.5,320,410663.37991379347,4118295.440520582,
L3,977.5,330,410669.2192085354,4118287.322476672,
L3,977.5,340,410675.05850327725,4118279.2044327627,
L3,977.5,350,410680.89779801917,4118271.086388853,
L3,977.5,360,410686.73709276103,4118262.9683449436,
L3,977.5,370,410692.5763875029,4118254.850301034,
L3,977.5,380,410698.4156822448,4118246.7322571245,
L3,977.5,390,410704.2549769867,4118238.6142132147,
L3,977.5,400,410710.0942717286,4118230.4961693054,
L3,977.5,410,410715.93356647046,4118222.3781253956,
L3,977.5,420,410721.7728612124,4118214.2600814863,
L3,977.5,430,410727.61215595424,4118206.1420375765,
L3,977.5,440,410733.45145069616,4118198.023993667,
L3,977.5,450,410739.290745438,4118189.9059497574,
L3,977.5,460,410745.1300401799,4118181.787905848,
L3,977.5,470,410750.9693349218,4118173.6698619383,
L3,977.5,480,410756.80862966366,4118165.551818029,
L3,977.5,490,410762.6479244056,4118157.4337741192,
L3,977.5,500,410768.48721914744,4118149.31573021,
L3,977.5,510,410774.32651388936,4118141.1976863,
L3,977.5,520,410780.1658086312,4118133.079642391,
L3,977.5,530,410786.00510337314,4118124.961598481,
L3,977.5,540,410791.844398115,4118116.8435545717,
L3,977.5,550,410797.6836928569,4118108.725510662,
L3,977.5,560,410803.5229875988,4118100.6074667526,
L3,977.5,570,410809.36228234065,4118092.489422843,
L3,977.5,580,410815.20157708257,4118084.3713789335,
L3,977.5,590,410821.0408718244,4118076.2533350238,
L3,977.5,600,410826.88016656635,4118068.1352911144,
