distance_m,E,N,depth_m,approx_bed_elevation_m
0.0,411180.0,4119230.0,,
10.0,411173.0610675896,4119222.7992210835,,
20.0,411166.1221351792,4119215.598442167,,
30.0,411159.1832027688,4119208.3976632506,,
40.0,411152.24427035835,4119201.196884334,,
50.0,411145.30533794797,4119193.9961054176,,
60.0,411138.3664055375,4119186.795326501,,
70.0,411131.42747312714,4119179.5945475847,,
80.0,411124.4885407167,4119172.393768668,,
90.0,411117.5496083063,4119165.1929897517,,
100.0,411110.6106758959,4119157.992210835,,
110.0,411103.6717434855,4119150.7914319187,,
120.0,411096.7328110751,4119143.5906530023,,
130.0,411089.79387866467,4119136.389874086,,
140.0,411082.8549462543,4119129.1890951693,,
150.0,411075.91601384385,4119121.9883162533,,
160.0,411068.97708143346,4119114.787537337,,
170.0,411062.038149023,4119107.5867584203,,
180.0,411055.09921661264,4119100.385979504,,
190.0,411048.1602842022,4119093.1852005874,,
200.0,411041.2213517918,4119085.984421671,,
210.0,411034.28241938143,4119078.7836427544,,
220.0,411027.343486971,4119071.582863838,,
230.0,411020.4045545606,4119064.3820849215,,
240.0,411013.46562215016,4119057.181306005,,
250.0,411006.5266897398,4119049.9805270885,,
260.0,410999.58775732934,4119042.779748172,,
270.0,410992.64882491896,4119035.5789692556,,
280.0,410985.7098925085,4119028.378190339,,
290.0,410978.77096009813,4119021.1774114226,,
300.0,410971.8320276877,4119013.976632506,,
310.0,410964.8930952773,4119006.7758535896,,
320.0,410957.9541628669,4118999.575074673,,
330.0,410951.0152304565,4118992.3742957567,,
340.0,410944.0762980461,4118985.17351684,,
350.0,410937.13736563566,4118977.9727379237,,
360.0,410930.1984332253,4118970.7719590073,,
370.0,410923.25950081483,4118963.571180091,,
380.0,410916.32056840445,4118956.3704011743,,
390.0,410909.381635994,4118949.169622258,,
400.0,410902.4427035836,4118941.9688433413,,
410.0,410895.50377117324,4118934.768064425,,
420.0,410888.5648387628,4118927.5672855084,,
430.0,410881.6259063524,4118920.366506592,,
440.0,410874.686973942,4118913.1657276754,,
450.0,410867.7480415316,4118905.9649487594,,
460.0,410860.80910912115,4118898.764169843,,
470.0,410853.87017671077,4118891.5633909265,,
480.0,410846.93124430033,4118884.36261201,,
490.0,410839.99231188995,4118877.1618330935,,
500.0,410833.0533794795,4118869.961054177,,
510.0,410826.1144470691,4118862.7602752605,,
520.0,410819.17551465874,4118855.559496344,,
530.0,410812.2365822483,4118848.3587174276,,
540.0,410805.2976498379,4118841.157938511,,
550.0,410798.3587174275,4118833.9571595946,14.11384105682373,-14.11384105682373
560.0,410791.4197850171,4118826.756380678,15.176124572753906,-15.176124572753906
570.0,410784.48085260665,4118819.5556017617,16.992733001708984,-16.992733001708984
580.0,410777.54192019626,4118812.354822845,17.747058868408203,-17.747058868408203
590.0,410770.6029877858,4118805.1540439287,18.983802795410156,-18.983802795410156
600.0,410763.66405537544,4118797.9532650122,21.062475204467773,-21.062475204467773
610.0,410756.72512296506,4118790.7524860958,21.690608978271484,-21.690608978271484
620.0,410749.7861905546,4118783.5517071793,24.531789779663086,-24.531789779663086
630.0,410742.84725814423,4118776.350928263,26.330141067504883,-26.330141067504883
640.0,410735.9083257338,4118769.1501493463,29.171321868896484,-29.171321868896484
650.0,410728.9693933234,4118761.94937043,30.038860321044922,-30.038860321044922
660.0,410722.03046091297,4118754.7485915134,32.01250457763672,-32.01250457763672
670.0,410715.0915285026,4118747.547812597,34.85368347167969,-34.85368347167969
680.0,410708.15259609214,4118740.3470336804,35.02775573730469,-35.02775573730469
690.0,410701.21366368176,4118733.146254764,37.69486618041992,-37.69486618041992
700.0,410694.2747312713,4118725.9454758475,40.457069396972656,-40.457069396972656
710.0,410687.33579886094,4118718.744696931,42.20454406738281,-42.20454406738281
720.0,410680.39686645055,4118711.5439180145,42.20454406738281,-42.20454406738281
730.0,410673.4579340401,4118704.343139098,43.65340805053711,-43.65340805053711
740.0,410666.5190016297,4118697.1423601815,45.102272033691406,-45.102272033691406
750.0,410659.5800692193,4118689.9415812655,46.5511360168457,-46.5511360168457
760.0,410652.6411368089,4118682.740802349,46.5511360168457,-46.5511360168457
770.0,410644.97189317556,4118676.3832915826,48.0,-48.0
780.0,410636.853849266,4118670.5439968402,48.45454406738281,-48.45454406738281
790.0,410628.7358053565,4118664.7047020984,49.90340805053711,-49.90340805053711
800.0,410620.617761447,4118658.8654073565,50.897727966308594,-50.897727966308594
810.0,410612.4997175375,4118653.0261126147,51.15081024169922,-51.15081024169922
820.0,410604.38167362794,4118647.186817873,51.0,-51.0
830.0,410596.26362971845,4118641.347523131,51.0,-51.0
840.0,410588.1455858089,4118635.508228389,51.0,-51.0
850.0,410580.0275418994,4118629.6689336468,51.0,-51.0
860.0,410571.90949798987,4118623.829638905,51.0,-51.0
870.0,410563.7914540804,4118617.990344163,51.0,-51.0
880.0,410555.6734101709,4118612.151049421,51.0,-51.0
890.0,410547.55536626134,4118606.3117546793,51.0826530456543,-51.0826530456543
900.0,410539.43732235185,4118600.4724599374,49.49772262573242,-49.49772262573242
910.0,410531.3192784423,4118594.633165195,49.11797332763672,-49.11797332763672
920.0,410523.2012345328,4118588.7938704533,47.097721099853516,-47.097721099853516
930.0,410515.08319062326,4118582.9545757114,45.87770462036133,-45.87770462036133
940.0,410506.9651467138,4118577.1152809695,45.25908660888672,-45.25908660888672
950.0,410498.8471028042,4118571.2759862277,45.02021408081055,-45.02021408081055
960.0,410490.72905889474,4118565.436691486,46.163143157958984,-46.163143157958984
970.0,410482.6110149852,4118559.597396744,47.578651428222656,-47.578651428222656
980.0,410474.4929710757,4118553.7581020016,47.27902603149414,-47.27902603149414
990.0,410466.37492716615,4118547.9188072598,44.78839111328125,-44.78839111328125
1000.0,410458.25688325666,4118542.079512518,43.08427047729492,-43.08427047729492
1010.0,410450.1388393472,4118536.240217776,42.25040817260742,-42.25040817260742
1020.0,410442.0207954376,4118530.400923034,39.98714828491211,-39.98714828491211
1030.0,410433.90275152813,4118524.5616282923,36.38817596435547,-36.38817596435547
1040.0,410425.7847076186,4118518.72233355,32.15113830566406,-32.15113830566406
1050.0,410417.6666637091,4118512.883038808,30.375688552856445,-30.375688552856445
1060.0,410409.54861979955,4118507.0437440663,24.38898277282715,-24.38898277282715
1070.0,410401.43057589006,4118501.2044493244,24.38898277282715,-24.38898277282715
1080.0,410393.3125319805,4118495.3651545825,18.008228302001953,-18.008228302001953
1090.0,410385.194488071,4118489.5258598407,12.767242431640625,-12.767242431640625
1100.0,410377.0764441615,4118483.686565099,11.485514640808105,-11.485514640808105
1110.0,410368.958400252,4118477.8472703565,6.597212314605713,-6.597212314605713
1120.0,410360.8403563425,4118472.0079756146,6.597212314605713,-6.597212314605713
1130.0,410352.72231243295,4118466.168680873,,
1140.0,410344.60426852346,4118460.329386131,,
1150.0,410336.4862246139,4118454.490091389,,
1160.0,410328.3681807044,4118448.650796647,,
1170.0,410320.2501367949,4118442.8115019053,,
1180.0,410312.1320928854,4118436.972207163,,
1190.0,410304.01404897583,4118431.132912421,,
1200.0,410295.89600506634,4118425.2936176793,,
1210.0,410287.7779611568,4118419.4543229374,,
1220.0,410279.6599172473,4118413.6150281955,,
1230.0,410271.54187333776,4118407.7757334537,,
1240.0,410263.42382942827,4118401.9364387114,,
1250.0,410255.3057855188,4118396.0971439695,,
1260.0,410247.18774160923,4118390.2578492276,,
1270.0,410239.06969769974,4118384.418554486,,
1280.0,410230.9516537902,4118378.579259744,,
1290.0,410222.8336098807,4118372.739965002,,
1300.0,410214.71556597116,4118366.90067026,,
1310.0,410206.59752206167,4118361.061375518,,
1320.0,410198.4794781521,4118355.222080776,,
1330.0,410190.36143424263,4118349.382786034,,
1340.0,410182.2433903331,4118343.5434912923,,
1350.0,410174.1253464236,4118337.7041965504,,
1360.0,410166.0073025141,4118331.8649018086,,
1370.0,410157.88925860455,4118326.025607066,,
1380.0,410149.77121469507,4118320.1863123244,,
1390.0,410141.6531707855,4118314.3470175825,,
1400.0,410133.535126876,4118308.5077228406,,
1410.0,410125.4170829665,4118302.668428099,,
1420.0,410117.299039057,4118296.829133357,,
1430.0,410109.18099514744,4118290.989838615,,
1440.0,410101.06295123795,4118285.1505438727,,
1450.0,410092.9449073284,4118279.311249131,,
1460.0,410084.8268634189,4118273.471954389,,
1470.0,410076.443443263,4118268.0539595215,,
1480.0,410067.67082084384,4118263.2538453676,,
1490.0,410058.89819842466,4118258.4537312137,,
1500.0,410050.1255760055,4118253.65361706,,
1510.0,410041.35295358626,4118248.853502906,,
1520.0,410032.5803311671,4118244.0533887516,,
1530.0,410023.8077087479,4118239.2532745977,,
1540.0,410015.03508632875,4118234.453160444,,
1550.0,410006.2624639095,4118229.65304629,,
1560.0,409997.48984149034,4118224.852932136,,
1570.0,409988.7172190712,4118220.052817982,,
1580.0,409979.944596652,4118215.2527038283,,
1590.0,409971.1719742328,4118210.4525896744,,
1600.0,409962.3993518136,4118205.6524755205,,
1610.0,409953.6267293944,4118200.8523613666,,
1620.0,409944.85410697525,4118196.0522472127,,
1630.0,409936.0814845561,4118191.252133059,,
1640.0,409927.30886213685,4118186.452018905,,
1650.0,409918.5362397177,4118181.651904751,,
1660.0,409909.7636172985,4118176.851790597,,
1670.0,409900.99099487934,4118172.0516764433,,
1680.0,409892.2183724601,4118167.2515622894,,
1690.0,409883.44575004093,4118162.4514481355,,
1700.0,409874.67312762176,4118157.6513339817,,
1710.0,409865.9005052026,4118152.851219828,,
1720.0,409857.1278827834,4118148.051105674,,
1730.0,409848.3552603642,4118143.25099152,,
1740.0,409839.582637945,4118138.450877366,,
1750.0,409830.81001552584,4118133.6507632122,,
1760.0,409822.0373931067,4118128.8506490584,,
1770.0,409813.26477068744,4118124.0505349045,,
1780.0,409804.49214826827,4118119.2504207506,,
1790.0,409795.7195258491,4118114.4503065967,,
1800.0,409786.9469034299,4118109.650192443,,
1810.0,409778.17428101075,4118104.850078289,,
1820.0,409769.4016585915,4118100.049964135,,
1830.0,409760.62903617235,4118095.249849981,,
1840.0,409751.8564137532,4118090.4497358273,,
1850.0,409743.083791334,4118085.6496216734,,
1860.0,409734.3111689148,4118080.8495075195,,
1870.0,409725.5385464956,4118076.0493933656,,
1880.0,409716.76592407643,4118071.2492792117,,
1890.0,409707.99330165726,4118066.449165058,,
1900.0,409699.2206792381,4118061.649050904,,
1910.0,409690.44805681886,4118056.84893675,,
1920.0,409681.6754343997,4118052.048822596,,
1930.0,409672.9028119805,4118047.2487084423,,
1940.0,409664.13018956134,4118042.4485942884,,
1950.0,409655.3575671421,4118037.6484801346,,
1960.0,409646.58494472294,4118032.8483659807,,
1970.0,409637.81232230377,4118028.048251827,,
1980.0,409629.0396998846,4118023.248137673,,
1990.0,409620.2670774654,4118018.448023519,,
2000.0,409611.4944550462,4118013.647909365,,
2010.0,409602.721832627,4118008.8477952112,,
2020.0,409593.94921020785,4118004.047681057,,
2030.0,409585.1765877887,4117999.247566903,,
2040.0,409576.40396536945,4117994.447452749,,
2050.0,409567.6313429503,4117989.6473385952,,
2060.0,409558.8587205311,4117984.8472244414,,
2070.0,409550.08609811193,4117980.0471102875,,
2080.0,409541.85344274645,4117974.371469534,,
2090.0,409533.6261393655,4117968.687150834,,
2100.0,409525.3988359846,4117963.0028321347,,
2110.0,409517.1715326036,4117957.3185134353,,
2120.0,409508.9442292227,4117951.634194736,,
2130.0,409500.71692584176,4117945.949876036,,
2140.0,409492.48962246085,4117940.2655573366,,
2150.0,409484.2623190799,4117934.581238637,,
2160.0,409476.035015699,4117928.8969199373,,
2170.0,409467.807712318,4117923.212601238,,
2180.0,409459.5804089371,4117917.5282825385,,
2190.0,409451.35310555616,4117911.8439638386,,
2200.0,409443.12580217526,4117906.1596451392,,
2210.0,409434.8984987943,4117900.47532644,,
2220.0,409426.6711954134,4117894.79100774,,
2230.0,409418.44389203243,4117889.1066890405,,
2240.0,409410.2165886515,4117883.422370341,,
2250.0,409401.98928527057,4117877.7380516413,,
2260.0,409393.76198188966,4117872.053732942,,
2270.0,409385.5346785087,4117866.3694142425,,
2280.0,409377.3073751278,4117860.685095543,,
2290.0,409369.08007174684,4117855.000776843,,
2300.0,409360.85276836593,4117849.3164581438,,
2310.0,409352.625464985,4117843.6321394444,,
2320.0,409344.39816160407,4117837.9478207445,,
2330.0,409336.1708582231,4117832.263502045,,
2340.0,409327.9435548422,4117826.5791833457,,
2350.0,409319.71625146124,4117820.894864646,,
2360.0,409311.48894808034,4117815.2105459464,,
2370.0,409303.2616446994,4117809.526227247,,
2380.0,409295.0343413185,4117803.841908547,,
2390.0,409286.8070379375,4117798.1575898477,,
2400.0,409278.5797345566,4117792.4732711483,,
2410.0,409270.35243117565,4117786.788952449,,
2420.0,409262.12512779474,4117781.104633749,,
2430.0,409253.8978244138,4117775.4203150496,,
2440.0,409245.6705210329,4117769.73599635,,
2450.0,409237.4432176519,4117764.0516776503,,
2460.0,409229.215914271,4117758.367358951,,
2470.0,409220.98861089005,4117752.6830402515,,
2480.0,409212.76130750915,4117746.9987215516,,
2490.0,409204.5340041282,4117741.314402852,,
2500.0,409196.3067007473,4117735.630084153,,
2510.0,409188.0793973663,4117729.945765453,,
2520.0,409179.8520939854,4117724.2614467535,,
2530.0,409171.62479060446,4117718.577128054,,
2540.0,409163.39748722356,4117712.8928093542,,
2550.0,409155.1701838426,4117707.208490655,,
2560.0,409146.9428804617,4117701.5241719554,,
2570.0,409138.71557708073,4117695.839853256,,
2580.0,409130.4882736998,4117690.155534556,,
2590.0,409122.26097031886,4117684.4712158567,,
2600.0,409114.03366693796,4117678.7868971573,,
2610.0,409105.806363557,4117673.1025784574,,
2620.0,409097.5790601761,4117667.418259758,,
2630.0,409089.35175679513,4117661.7339410586,,
2640.0,409081.12445341423,4117656.0496223588,,
2650.0,409072.89715003327,4117650.3653036593,,
2660.0,409064.66984665237,4117644.68098496,,
2670.0,409056.4425432714,4117638.99666626,,
2680.0,409048.2152398905,4117633.3123475607,,
2690.0,409039.98793650954,4117627.6280288612,,
2700.0,409031.76063312864,4117621.9437101614,,
2710.0,409023.5333297477,4117616.259391462,,
2720.0,409015.3060263668,4117610.5750727626,,
2730.0,409007.0787229858,4117604.890754063,,
2740.0,408998.61388498923,4117599.833666199,,
2750.0,408988.6851166044,4117598.6422139923,,
2760.0,408978.75634821947,4117597.450761786,,
2770.0,408968.8275798346,4117596.25930958,,
2780.0,408958.89881144976,4117595.067857374,,
2790.0,408948.97004306485,4117593.876405168,,
2800.0,408939.04127468,4117592.6849529617,,
2810.0,408929.11250629515,4117591.4935007556,,
2820.0,408919.1837379103,4117590.302048549,,
2830.0,408909.2549695254,4117589.110596343,,
2840.0,408899.32620114053,4117587.919144137,,
2850.0,408889.3974327557,4117586.7276919307,,
2860.0,408879.46866437077,4117585.5362397246,,
2870.0,408869.5398959859,4117584.3447875185,,
2880.0,408859.61112760106,4117583.153335312,,
2890.0,408849.6823592162,4117581.961883106,,
2900.0,408839.7535908313,4117580.7704308997,,
2910.0,408829.82482244645,4117579.5789786936,,
2920.0,408819.8960540616,4117578.3875264875,,
2930.0,408809.9672856767,4117577.1960742814,,
2940.0,408800.03851729183,4117576.0046220752,,
2950.0,408790.109748907,4117574.8131698687,,
2960.0,408780.1809805221,4117573.6217176626,,
2970.0,408770.2522121372,4117572.4302654564,,
2980.0,408760.32344375236,4117571.2388132503,,
2990.0,408750.3946753675,4117570.047361044,,
3000.0,408740.4659069826,4117568.855908838,,
3010.0,408730.53713859775,4117567.6644566315,,
3020.0,408720.6083702129,4117566.4730044254,,
3030.0,408710.67960182804,4117565.2815522193,,
3040.0,408700.75083344313,4117564.090100013,,
3050.0,408690.8220650583,4117562.898647807,,
3060.0,408680.8932966734,4117561.707195601,,
3070.0,408670.9645282885,4117560.515743395,,
3080.0,408661.03575990367,4117559.3242911883,,
3090.0,408651.1069915188,4117558.132838982,,
3100.0,408641.17822313396,4117556.941386776,,
3110.0,408631.24945474905,4117555.74993457,,
3120.0,408621.3206863642,4117554.558482364,,
3130.0,408611.39191797934,4117553.3670301577,,
3140.0,408601.46314959443,4117552.175577951,,
3150.0,408591.5343812096,4117550.984125745,,
3160.0,408581.60561282473,4117549.792673539,,
3170.0,408571.6768444398,4117548.601221333,,
3180.0,408561.74807605497,4117547.4097691267,,
3190.0,408551.8193076701,4117546.2183169206,,
3200.0,408541.89053928526,4117545.0268647145,,
3210.0,408531.96177090035,4117543.835412508,,
3220.0,408522.0330025155,4117542.6439603018,,
3230.0,408512.10423413065,4117541.4525080957,,
3240.0,408502.17546574573,4117540.2610558895,,
3250.0,408492.2466973609,4117539.0696036834,,
3260.0,408482.31792897603,4117537.8781514773,,
3270.0,408472.3891605912,4117536.6866992707,,
3280.0,408462.46039220627,4117535.4952470646,,
3290.0,408452.5316238214,4117534.3037948585,,
3300.0,408442.60285543656,4117533.1123426524,,
3310.0,408432.67408705165,4117531.9208904463,,
3320.0,408422.7453186668,4117530.72943824,,
3330.0,408412.81655028195,4117529.537986034,,
3340.0,408402.8877818971,4117528.3465338275,,
3350.0,408392.9590135122,4117527.1550816214,,
3360.0,408383.03024512733,4117525.9636294153,,
3370.0,408373.1014767425,4117524.772177209,,
3380.0,408363.17270835757,4117523.580725003,,
3390.0,408353.2439399727,4117522.389272797,,
3400.0,408343.31517158786,4117521.1978205903,,
3410.0,408333.386403203,4117520.006368384,,
3420.0,408323.4576348181,4117518.814916178,,
3430.0,408313.52886643325,4117517.623463972,,
3440.0,408303.6000980484,4117516.432011766,,
3450.0,408293.6713296635,4117515.24055956,,
3460.0,408283.74256127863,4117514.0491073537,,
3470.0,408273.8137928938,4117512.857655147,,
3480.0,408263.8850245089,4117511.666202941,,
3490.0,408253.956256124,4117510.474750735,,
3500.0,408244.02748773916,4117509.2832985288,,
3510.0,408234.0987193543,4117508.0918463226,,
3520.0,408224.1699509694,4117506.9003941165,,
3530.0,408214.24118258455,4117505.70894191,,
3540.0,408204.3124141997,4117504.517489704,,
3550.0,408194.38364581484,4117503.3260374977,,
3560.0,408184.45487742993,4117502.1345852916,,
3570.0,408174.5261090451,4117500.9431330855,,
3580.0,408164.5973406602,4117499.7516808794,,
3590.0,408154.6685722753,4117498.560228673,,
3600.0,408144.73980389046,4117497.3687764667,,
3610.0,408134.8110355056,4117496.1773242606,,
3620.0,408124.88226712076,4117494.9858720545,,
3630.0,408114.95349873585,4117493.7944198484,,
3640.0,408105.024730351,4117492.6029676422,,
3650.0,408095.09596196614,4117491.411515436,,
3660.0,408085.16719358123,4117490.2200632296,,
3670.0,408075.2384251964,4117489.0286110234,,
3680.0,408065.3096568115,4117487.8371588173,,
3690.0,408055.3808884267,4117486.645706611,,
3700.0,408045.45212004177,4117485.454254405,,
3710.0,408035.5233516569,4117484.262802199,,
3720.0,408025.59458327206,4117483.0713499924,,
3730.0,408015.66581488715,4117481.8798977863,,
3740.0,408005.7370465023,4117480.68844558,,
3750.0,407996.1215675629,4117478.332274052,,
3760.0,407986.9348756871,4117474.3819965455,,
3770.0,407977.7481838113,4117470.4317190386,,
3780.0,407968.5614919355,4117466.4814415323,,
3790.0,407959.3748000597,4117462.531164026,,
3800.0,407950.1881081839,4117458.580886519,,
3810.0,407941.0014163081,4117454.6306090127,,
3820.0,407931.8147244323,4117450.680331506,,
3830.0,407922.6280325565,4117446.7300539995,,
3840.0,407913.4413406807,4117442.7797764926,,
3850.0,407904.2546488049,4117438.8294989862,,
3860.0,407895.0679569291,4117434.8792214794,,
3870.0,407885.8812650533,4117430.928943973,,
3880.0,407876.6945731775,4117426.978666466,,
3890.0,407867.5078813017,4117423.02838896,,
3900.0,407858.3211894259,4117419.078111453,,
3910.0,407849.1344975501,4117415.1278339466,,
3920.0,407839.9478056743,4117411.17755644,,
3930.0,407830.7611137985,4117407.2272789334,,
3940.0,407821.57442192273,4117403.2770014266,,
3950.0,407812.38773004693,4117399.32672392,,
3960.0,407803.20103817113,4117395.376446414,,
3970.0,407794.0143462953,4117391.426168907,,
3980.0,407784.8276544195,4117387.4758914006,,
3990.0,407775.6409625437,4117383.5256138938,,
4000.0,407766.4542706679,4117379.5753363874,,
4010.0,407757.2675787921,4117375.6250588805,,
4020.0,407748.0808869163,4117371.674781374,,
4030.0,407738.8941950405,4117367.7245038673,,
4040.0,407729.7075031647,4117363.774226361,,
4050.0,407720.5208112889,4117359.823948854,,
4060.0,407711.3341194131,4117355.8736713477,,
4070.0,407702.1474275373,4117351.923393841,,
4080.0,407692.9607356615,4117347.9731163345,,
4090.0,407683.7740437857,4117344.0228388277,,
4100.0,407674.5873519099,4117340.0725613213,,
4110.0,407665.4006600341,4117336.1222838145,,
4120.0,407656.2139681583,4117332.172006308,,
4130.0,407647.0272762825,4117328.2217288013,,
4140.0,407637.8405844067,4117324.271451295,,
4150.0,407628.6538925309,4117320.3211737885,,
4160.0,407619.4672006551,4117316.3708962817,,
4170.0,407610.2805087793,4117312.4206187753,,
4180.0,407601.0938169035,4117308.4703412685,,
4190.0,407591.9071250277,4117304.520063762,,
4200.0,407582.7204331519,4117300.5697862552,,
4210.0,407573.5337412761,4117296.619508749,,
4220.0,407564.34704940027,4117292.669231242,,
4230.0,407555.1603575245,4117288.7189537357,,
4240.0,407545.9736656487,4117284.768676229,,
4250.0,407536.7869737729,4117280.8183987224,,
4260.0,407527.6002818971,4117276.8681212156,,
4270.0,407518.4135900213,4117272.9178437092,,
4280.0,407509.2268981455,4117268.9675662024,,
4290.0,407500.0402062697,4117265.017288696,,
4300.0,407490.8535143939,4117261.067011189,,
4310.0,407481.6668225181,4117257.116733683,,
4320.0,407472.4801306423,4117253.166456176,,
4330.0,407463.2934387665,4117249.2161786696,,
4340.0,407454.1067468907,4117245.265901163,,
4350.0,407444.9200550149,4117241.3156236564,,
4360.0,407435.7333631391,4117237.36534615,,
4370.0,407426.5466712633,4117233.415068643,,
4380.0,407417.3599793875,4117229.464791137,,
4390.0,407408.1732875117,4117225.51451363,,
4400.0,407398.9865956359,4117221.5642361236,,
4410.0,407389.7999037601,4117217.6139586167,,
4420.0,407380.6132118843,4117213.6636811104,,
4430.0,407371.4265200085,4117209.7134036035,,
4440.0,407362.2398281327,4117205.763126097,,
4450.0,407353.0531362569,4117201.8128485903,,
4460.0,407343.86644438107,4117197.862571084,,
4470.0,407334.67975250527,4117193.912293577,,
4480.0,407325.49306062947,4117189.9620160707,,
4490.0,407316.30636875366,4117186.011738564,,
4500.0,407307.11967687786,4117182.0614610575,,
4510.0,407297.93298500206,4117178.1111835507,,
4520.0,407288.7462931263,4117174.1609060443,,
4530.0,407279.5596012505,4117170.210628538,,
4540.0,407270.3729093747,4117166.260351031,,
4550.0,407261.1862174989,4117162.3100735247,,
4560.0,407251.9995256231,4117158.359796018,,
4570.0,407242.8128337473,4117154.4095185115,,
4580.0,407233.6261418715,4117150.4592410047,,
4590.0,407224.4394499957,4117146.5089634983,,
4600.0,407215.2527581199,4117142.5586859914,,
4610.0,407206.0660662441,4117138.608408485,,
4620.0,407196.8793743683,4117134.6581309782,,
4630.0,407187.6926824925,4117130.707853472,,
4640.0,407178.5059906167,4117126.757575965,,
4650.0,407169.3192987409,4117122.8072984586,,
4660.0,407160.1326068651,4117118.857020952,,
4670.0,407150.9459149893,4117114.9067434454,,
4680.0,407141.7592231135,4117110.9564659386,,
4690.0,407132.5725312377,4117107.006188432,,
4700.0,407123.3858393619,4117103.0559109254,,
4710.0,407114.19914748607,4117099.105633419,,
4720.0,407105.01245561027,4117095.1553559126,,
4730.0,407095.82576373446,4117091.205078406,,
4740.0,407086.63907185866,4117087.2548008994,,
4750.0,407077.45237998286,4117083.3045233926,,
4760.0,407068.26568810706,4117079.354245886,,
4770.0,407059.07899623126,4117075.4039683794,,
4780.0,407049.89230435545,4117071.453690873,,
4790.0,407040.70561247965,4117067.503413366,,
4800.0,407031.51892060385,4117063.55313586,,
4810.0,407022.3322287281,4117059.602858353,,
4820.0,407013.1455368523,4117055.6525808466,,
4830.0,407003.9588449765,4117051.7023033397,,
4840.0,406995.2286906767,4117046.89864894,,
4850.0,406986.8442545137,4117041.448765434,,
4860.0,406978.4598183507,4117035.998881928,,
4870.0,406970.0753821877,4117030.548998422,,
4880.0,406961.69094602467,4117025.099114916,,
4890.0,406953.30650986166,4117019.64923141,,
4900.0,406944.92207369866,4117014.199347904,,
4910.0,406936.53763753566,4117008.7494643982,,
4920.0,406928.15320137265,4117003.299580892,,
4930.0,406919.76876520965,4116997.8496973864,,
4940.0,406911.38432904665,4116992.39981388,,
4950.0,406902.99989288364,4116986.9499303745,,
4960.0,406894.61545672064,4116981.5000468683,,
4970.0,406886.23102055764,4116976.0501633626,,
4980.0,406877.8465843946,4116970.6002798565,,
4990.0,406869.46214823157,4116965.1503963503,,
5000.0,406861.07771206857,4116959.7005128446,,
5010.0,406852.69327590556,4116954.2506293384,,
5020.0,406844.30883974256,4116948.8007458327,,
5030.0,406835.92440357956,4116943.3508623266,,
5040.0,406827.53996741655,4116937.900978821,,
5050.0,406819.15553125355,4116932.4510953147,,
5060.0,406810.77109509055,4116927.001211809,,
5070.0,406802.38665892754,4116921.551328303,,
5080.0,406794.00222276454,4116916.101444797,,
5090.0,406785.61778660154,4116910.651561291,,
5100.0,406777.23335043853,4116905.2016777853,,
5110.0,406768.8489142755,4116899.751794279,,
5120.0,406760.4644781125,4116894.301910773,,
5130.0,406752.0800419495,4116888.852027267,,
5140.0,406743.6956057865,4116883.402143761,,
5150.0,406735.3111696235,4116877.9522602553,,
5160.0,406726.9267334605,4116872.502376749,,
5170.0,406718.5422972975,4116867.0524932435,,
5180.0,406710.1578611345,4116861.6026097373,,
5190.0,406701.77342497144,4116856.1527262316,,
5200.0,406693.38898880844,4116850.7028427254,,
5210.0,406685.00455264543,4116845.2529592197,,
5220.0,406676.62011648243,4116839.8030757136,,
5230.0,406668.2356803194,4116834.353192208,,
5240.0,406659.8512441564,4116828.9033087017,,
5250.0,406651.4668079934,4116823.4534251955,,
5260.0,406643.0823718304,4116818.00354169,,
5270.0,406634.6979356674,4116812.5536581837,,
5280.0,406626.3134995044,4116807.103774678,,
5290.0,406617.9290633414,4116801.653891172,,
5300.0,406609.5446271784,4116796.204007666,,
5310.0,406601.1601910154,4116790.75412416,,
5320.0,406592.7757548524,4116785.304240654,,
5330.0,406584.3913186894,4116779.854357148,,
5340.0,406576.0068825264,4116774.4044736424,,
5350.0,406567.6224463634,4116768.954590136,,
5360.0,406559.2380102004,4116763.50470663,,
5370.0,406550.8535740374,4116758.0548231243,,
5380.0,406542.4691378744,4116752.604939618,,
5390.0,406534.08470171137,4116747.1550561124,,
5400.0,406525.7002655483,4116741.7051726063,,
5410.0,406517.3158293853,4116736.2552891006,,
5420.0,406508.9313932223,4116730.8054055944,,
5430.0,406500.5469570593,4116725.3555220887,,
5440.0,406492.1625208963,4116719.9056385825,,
5450.0,406483.7780847333,4116714.455755077,,
5460.0,406475.3936485703,4116709.0058715707,,
5470.0,406467.0092124073,4116703.555988065,,
5480.0,406458.6247762443,4116698.106104559,,
5490.0,406450.2403400813,4116692.6562210526,,
5500.0,406441.8559039183,4116687.206337547,,
5510.0,406433.47146775527,4116681.7564540408,,
5520.0,406425.08703159227,4116676.306570535,,
5530.0,406416.70259542926,4116670.856687029,,
5540.0,406408.31815926626,4116665.406803523,,
5550.0,406399.93372310326,4116659.956920017,,
5560.0,406391.54928694025,4116654.5070365113,,
5570.0,406383.16485077725,4116649.057153005,,
5580.0,406374.78041461424,4116643.6072694995,,
5590.0,406366.39597845124,4116638.1573859933,,
5600.0,406358.0115422882,4116632.707502487,,
5610.0,406349.6271061252,4116627.2576189814,,
5620.0,406341.2426699622,4116621.8077354752,,
5630.0,406332.85823379917,4116616.3578519695,,
5640.0,406324.47379763616,4116610.9079684634,,
5650.0,406316.08936147316,4116605.4580849577,,
5660.0,406307.70492531016,4116600.0082014515,,
5670.0,406299.32048914715,4116594.558317946,,
5680.0,406290.93605298415,4116589.1084344396,,
5690.0,406282.55161682115,4116583.658550934,,
5700.0,406274.16718065814,4116578.2086674278,,
5710.0,406265.78274449514,4116572.758783922,,
5720.0,406257.39830833214,4116567.308900416,,
5730.0,406249.01387216913,4116561.8590169097,,
5740.0,406240.62943600613,4116556.409133404,,
5750.0,406232.2449998431,4116550.959249898,,
5760.0,406223.8605636801,4116545.509366392,,
5770.0,406215.4761275171,4116540.059482886,,
5780.0,406207.0916913541,4116534.6095993803,,
5790.0,406198.7072551911,4116529.159715874,,
5800.0,406190.3228190281,4116523.7098323684,,
5810.0,406181.93838286505,4116518.2599488623,,
5820.0,406173.55394670204,4116512.8100653565,,
5830.0,406165.16951053904,4116507.3601818504,,
5840.0,406156.78507437604,4116501.910298344,,
5850.0,406148.40063821303,4116496.4604148385,,
5860.0,406140.01620205,4116491.0105313323,,
5870.0,406131.631765887,4116485.5606478266,,
5880.0,406123.247329724,4116480.1107643205,,
5890.0,406114.862893561,4116474.660880815,,
5900.0,406106.478457398,4116469.2109973086,,
5910.0,406098.094021235,4116463.761113803,,
5920.0,406089.709585072,4116458.3112302967,,
5930.0,406081.325148909,4116452.861346791,,
5940.0,406072.940712746,4116447.411463285,,
5950.0,406064.556276583,4116441.961579779,,
5960.0,406056.17184042,4116436.511696273,,
5970.0,406047.787404257,4116431.061812767,,
5980.0,406039.402968094,4116425.611929261,,
5990.0,406031.018531931,4116420.162045755,,
6000.0,406022.634095768,4116414.7121622493,,
6010.0,406014.249659605,4116409.262278743,,
6020.0,406005.8652234419,4116403.8123952374,,
