profile,E,N,archive_chainage_m,distance_m,bed_asl_m,surface_asl_m,use_primary_metrics,geometry_status,model_bed_m,model_cell_bed,model_surface_m,model_cell_surface,model_thickness_m,model_cell_thickness,bed_difference_m,offset_from_transect_m
BG30,407929.5130094863,4117676.8527926616,21.90141,3745.778205594004,524.32521,586.6,True,registered_archive_section,469.3616943359375,398:595,603.0399780273438,398:595,133.67828369140625,398:595,-54.96351566406247,209.09193626336273
BG30,407934.0439352508,4117658.776361046,40.53703899999999,3745.778205594004,525.8412845005386,586.6,True,registered_archive_section,469.3616943359375,398:595,603.0399780273438,398:595,133.67828369140625,398:595,-56.47959016460106,190.55495203750186
BG30,407938.57486101537,4117640.6999294297,59.172668,3745.778205594004,527.9969070087453,586.6,True,registered_archive_section,461.9189453125,399:595,604.5999755859375,399:595,142.6810302734375,399:595,-66.07796169624532,172.03928335699015
BG30,407943.1057867799,4117622.623497814,77.808297,3745.778205594004,531.50508,586.6,True,registered_archive_section,461.9189453125,399:595,604.5999755859375,399:595,142.6810302734375,399:595,-69.58613468750002,153.5526412231899
BG45,409324.4787573472,4118039.478526559,24.214066,2221.83182223925,225.79581,301.20242366813886,True,registered_archive_section,194.71902465820312,391:623,262.239990234375,391:623,67.52096557617188,391:623,-31.076785341796864,177.12824994111187
BG45,409342.53528295166,4118022.5734086777,48.9490845,2216.5855785930985,225.3379889741121,301.60329011058155,True,registered_archive_section,194.71902465820312,391:623,262.239990234375,391:623,67.52096557617188,391:623,-30.61896431590901,152.95599197673747
BG45,409360.5918085561,4118005.6682907967,73.684103,2211.339334946683,223.35118896657676,302.0041346161237,True,registered_archive_section,194.71902465820312,391:623,262.239990234375,391:623,67.52096557617188,391:623,-28.632164308373603,128.78373401274615
BG45,409378.6483341605,4117988.763172915,98.4191215,2206.0930913005795,217.73958782304535,302.40497474225685,True,registered_archive_section,196.2630920410156,392:624,261.760009765625,392:624,65.49691772460938,392:624,-21.47649578202976,104.61147604840484
BG45,409396.70485976496,4117971.858055034,123.15414,2200.8468476541634,213.10416,302.80579145188733,True,registered_archive_section,196.2630920410156,392:624,261.760009765625,392:624,65.49691772460938,392:624,-16.841067958984382,80.43921808441353
BG50,409806.7857552374,4118107.642181547,31.212321,1783.5599925385375,136.72539,186.0,True,registered_archive_section,140.2637939453125,389:632,185.0800018310547,389:632,44.81620788574219,389:632,3.538403945312496,11.284427476131896
BG50,409823.1199337632,4118091.300148588,54.3178928,1777.0749968359346,141.45627517427434,186.0,True,registered_archive_section,142.36868286132812,390:633,200.63999938964844,390:633,58.27130889892578,390:633,0.9124076870537864,33.46126810044433
BG50,409839.454112289,4118074.958115629,77.4234646,1770.5900011336062,144.66596784241435,186.0,True,registered_archive_section,142.36868286132812,390:633,200.63999938964844,390:633,58.27130889892578,390:633,-2.29728498108625,55.638108725137336
BG50,409855.7882908148,4118058.616082671,100.5290364,1764.1050054306074,145.0347798676344,186.0,True,registered_archive_section,142.36868286132812,390:633,200.63999938964844,390:633,58.27130889892578,390:633,-2.666097006306273,77.81494934860481
BG50,409872.12246934057,4118042.274049712,123.6346082,1757.620009728279,146.06289274277995,186.0,True,registered_archive_section,164.84671020507812,391:634,211.9199981689453,391:634,47.07329177856445,391:634,18.78381746229817,99.99178997329781
BG50,409888.4566478664,4118025.932016753,146.74018,1751.1350140256764,148.38707,186.0,True,registered_archive_section,164.84671020507812,391:634,211.9199981689453,391:634,47.07329177856445,391:634,16.45964020507813,122.16863059761025
