name_1,year,threshold_m,below_threshold_km2,below_threshold_pct_supported,dem_supported_km2,dem_area_coverage_percent
Stephenson,1947,300,16.0125,62.493901844082345,25.622500000000002,99.13712073521664
Stephenson,1947,600,18.8825,73.69499463362278,25.622500000000002,99.13712073521664
Stephenson,1947,900,21.155,82.56415260025368,25.622500000000002,99.13712073521664
Stephenson,1988,300,11.0375,53.76933382048472,20.5275,100.03631730961327
Stephenson,1988,600,13.7875,67.16599683351602,20.5275,100.03631730961327
Stephenson,1988,900,16.06,78.23651199610278,20.5275,100.03631730961327
Stephenson,2014,300,0.54,5.858421480878763,9.2175,99.89384769714923
Stephenson,2014,600,2.8275,30.675345809601303,9.2175,99.89384769714923
Stephenson,2014,900,5.1000000000000005,55.32953620829944,9.2175,99.89384769714923
Stephenson,2019,300,0.0625,0.7489514679448771,8.345,99.62857504972679
Stephenson,2019,600,1.9625000000000001,23.517076093469143,8.345,99.62857504972679
Stephenson,2019,900,4.235,50.74895146794488,8.345,99.62857504972679
Stephenson,2026,300,0.0,0.0,8.115,99.6536912484322
Stephenson,2026,600,1.7325,21.349353049907577,8.115,99.6536912484322
Stephenson,2026,900,4.005,49.35304990757856,8.115,99.6536912484322
Brown,1947,300,1.7,31.820308844174075,5.3425,99.72350162155554
Brown,1947,600,3.1750000000000003,59.42910622367805,5.3425,99.72350162155554
Brown,1947,900,4.7725,89.33083762283574,5.3425,99.72350162155554
Brown,1988,300,0.7175,16.744457409568263,4.285,100.19415058077388
Brown,1988,600,2.1175,49.41656942823804,4.285,100.19415058077388
Brown,1988,900,3.715,86.69778296382731,4.285,100.19415058077388
Brown,2014,300,0.22,6.451612903225806,3.41,100.18763003021374
Brown,2014,600,1.2650000000000001,37.09677419354839,3.41,100.18763003021374
Brown,2014,900,2.86,83.87096774193547,3.41,100.18763003021374
Brown,2019,300,0.1625,4.876219054763691,3.3325,99.98656747578802
Brown,2019,600,1.19,35.708927231807955,3.3325,99.98656747578802
Brown,2019,900,2.7825,83.49587396849212,3.3325,99.98656747578802
Brown,2026,300,0.1125,3.5266457680250785,3.19,99.98044948110787
Brown,2026,600,1.0525,32.993730407523515,3.19,99.98044948110787
Brown,2026,900,2.64,82.75862068965517,3.19,99.98044948110787
