name_1,zone,Rock_Type,area_km2,zone_percent
Brown,1947–1988,Moraine,0.4606429170441352,42.62385001319542
Brown,1947–1988,Snow/Ice,0.03804685142121578,3.5205214895268937
Brown,1947–1988,Unmapped,0.5820265837682697,53.85562849727768
Brown,1988–2014,Moraine,0.6178676198292888,70.76821249951738
Brown,1988–2014,Snow/Ice,0.2551790299298386,29.22723773821476
Brown,1988–2014,Unmapped,3.972335437030239e-05,0.00454976226792381
Brown,2014–2019,Moraine,0.014266120404963823,20.18806829172397
Brown,2014–2019,Snow/Ice,0.056399978990060204,79.8119317082842
Brown,2014–2019,Unmapped,0.0,0.0
Brown,2019–2026,Moraine,3.965649466543596e-05,0.02786354951367437
Brown,2019–2026,Snow/Ice,0.1422842590063871,99.97213645048603
Brown,2019–2026,Unmapped,4.163336342344337e-16,2.9252542186513517e-13
Brown,2026 remaining,Moraine,0.00472310292947284,0.14803070653110717
Brown,2026 remaining,Snow/Ice,3.1859006805761,99.85196929346894
Brown,2026 remaining,Unmapped,0.0,0.0
Stephenson,1947–1988,Moraine,1.402219787690911,26.33044765968879
Stephenson,1947–1988,Snow/Ice,0.14975860456825782,2.8121205632577615
Stephenson,1947–1988,Uncosolidated Beach Deposit,0.003217684939602224,0.06042068841938252
Stephenson,1947–1988,Uncosolidated Glacial Sediments,2.64083502165093,49.588779823138736
Stephenson,1947–1988,Unmapped,1.1294377492841283,21.208231265495225
Stephenson,1988–2014,Moraine,2.5316577623260206,22.418398369990015
Stephenson,1988–2014,Snow/Ice,0.9958416980987248,8.818402010591177
Stephenson,1988–2014,Uncosolidated Glacial Sediments,1.0005635855417847,8.860215384946924
Stephenson,1988–2014,Unmapped,6.76470515515072,59.902984234471866
Stephenson,2014–2019,Moraine,0.40489120445007887,47.567998796433855
Stephenson,2014–2019,Snow/Ice,0.4462928156782509,52.43200120356672
Stephenson,2014–2019,Unmapped,0.0,0.0
Stephenson,2019–2026,Moraine,0.00022098653302246994,0.09488051235332025
Stephenson,2019–2026,Snow/Ice,0.2326893630649545,99.90511948764667
Stephenson,2019–2026,Unmapped,0.0,0.0
Stephenson,2026 remaining,Moraine,0.08518016452109614,1.0460280734043097
Stephenson,2026 remaining,Snow/Ice,8.058020451871196,98.95397192659571
Stephenson,2026 remaining,Unmapped,3.552713678800501e-15,4.362797683811051e-14
