name_1,distance_m,E,N,surface_m,surface_cells,bed_m,bed_cells,error_m,error_cells,speed_m_yr,speed_cells,bed_smooth_m,bed_gradient_deg,width_1947_m,width_2014_m,width_2026_m
Brown,0.0,411180.0,4119230.0,,0,,0,,0,,0,,,,,
Brown,50.0,411145.30533794797,4119193.9961054176,,0,,0,,0,,0,,,,,
Brown,100.0,411110.6106758959,4119157.992210835,,0,,0,,0,,0,,,,,
Brown,150.0,411075.91601384385,4119121.9883162533,,0,,0,,0,,0,,,,,
Brown,200.0,411041.2213517918,4119085.984421671,,0,,0,,0,,0,,,,,
Brown,250.0,411006.5266897398,4119049.9805270885,,0,,0,,0,,0,,,,,
Brown,300.0,410971.8320276877,4119013.976632506,,0,,0,,0,,0,,,,,
Brown,350.0,410937.13736563566,4118977.9727379237,,0,,0,,0,,0,,,,,
Brown,400.0,410902.4427035836,4118941.9688433413,,0,,0,,0,,0,,,,,
Brown,450.0,410867.7480415316,4118905.9649487594,0.3333333432674408,3,,0,,0,,0,,,694.4151612814327,,
Brown,500.0,410833.0533794795,4118869.961054177,0.9599999785423279,5,,0,,0,,0,,,937.8789933989938,,
Brown,550.0,410798.3587174275,4118833.9571595946,1.0,5,,0,,0,,0,,,1047.6998146865471,,
Brown,600.0,410763.66405537544,4118797.9532650122,1.0,4,,0,,0,,0,,,1110.9333054776762,,
Brown,650.0,410728.9693933234,4118761.94937043,1.0,5,,0,,0,,0,,,1124.486276887341,,
Brown,700.0,410694.2747312713,4118725.9454758475,1.0,4,,0,,0,,0,,,1106.5397339509543,,
Brown,750.0,410659.5800692193,4118689.9415812655,1.0,5,,0,,0,,0,,,1068.2238930838585,,
Brown,800.0,410620.617761447,4118658.8654073565,1.0,5,,0,,0,,0,,,1012.3003125755893,,
Brown,850.0,410580.0275418994,4118629.6689336468,1.0,5,,0,,0,,0,,,981.8428544527186,,
Brown,900.0,410539.43732235185,4118600.4724599374,1.0,5,,0,,0,,0,,,954.9827614106703,,
Brown,950.0,410498.8471028042,4118571.2759862277,1.0,5,,0,,0,,0,,,932.473233686631,,
Brown,1000.0,410458.25688325666,4118542.079512518,1.0,5,,0,,0,,0,,,922.9925507974942,,
Brown,1050.0,410417.6666637091,4118512.883038808,1.0,5,,0,,0,,0,,,914.3588974621875,,
Brown,1100.0,410377.0764441615,4118483.686565099,2.4200000762939453,4,,0,,0,,0,,,909.9577267611055,,
Brown,1150.0,410336.4862246139,4118454.490091389,15.420000076293945,4,,0,,0,,0,,,905.8016755093594,,
Brown,1200.0,410295.89600506634,4118425.2936176793,28.479999542236328,4,,0,,0,,0,,,902.2775893165856,,
Brown,1250.0,410255.3057855188,4118396.0971439695,43.21999931335449,4,,0,,0,,0,,,898.6154211226872,,
Brown,1300.0,410214.71556597116,4118366.90067026,57.31999969482422,5,,0,,0,,0,,,893.7621867789445,,
Brown,1350.0,410174.1253464236,4118337.7041965504,67.26000213623047,4,,0,,0,,0,,,889.2600254507964,,
Brown,1400.0,410133.535126876,4118308.5077228406,86.26000213623047,4,,0,,0,,0,,,887.2567171639525,,
Brown,1450.0,410092.9449073284,4118279.311249131,93.06000137329102,4,,0,,0,,0,,,883.269346756641,,
Brown,1500.0,410050.1255760055,4118253.65361706,102.23999786376953,5,,0,,0,,0,,,866.8337463467918,,
Brown,1550.0,410006.2624639095,4118229.65304629,128.52000427246094,5,,0,,0,,0,,,908.3141443027164,,
Brown,1600.0,409962.3993518136,4118205.6524755205,136.1999969482422,5,,0,,0,,0,,,945.2228466389915,,
Brown,1650.0,409918.5362397177,4118181.651904751,151.9199981689453,4,,0,,0,,0,,,939.6711099238299,,
Brown,1700.0,409874.67312762176,4118157.6513339817,159.72000122070312,5,,0,,0,,0,,,930.3259786951734,,
Brown,1750.0,409830.81001552584,4118133.6507632122,182.63999938964844,5,,0,,0,,0,,,922.0381361295658,,
Brown,1800.0,409786.9469034299,4118109.650192443,185.0800018310547,5,,0,,0,,0,,,917.678435976437,72.25703515025361,
Brown,1850.0,409743.083791334,4118085.6496216734,200.1199951171875,5,,0,,0,,0,,,932.6563214882343,241.2230210271781,
Brown,1900.0,409699.2206792381,4118061.649050904,199.44000244140625,5,163.60626220703125,4,35.0,4,,0,,,947.6342069995951,455.5789362921808,
Brown,1950.0,409655.3575671421,4118037.6484801346,214.55999755859375,5,161.98619079589844,5,40.0,5,,0,163.60626220703125,,960.8118978092721,441.61166040894216,
Brown,2000.0,409611.4944550462,4118013.647909365,230.72000122070312,5,172.01527404785156,5,40.0,5,,1,172.01527404785156,20.519222403657793,966.8907615491308,440.9637939478705,216.5828995275708
Brown,2050.0,409567.6313429503,4117989.6473385952,253.0,5,221.46142578125,5,30.0,5,,2,201.03297424316406,24.380617405224257,974.4166956368973,467.1279967922828,275.1244770956876
Brown,2100.0,409525.3988359846,4117963.0028321347,258.239990234375,5,201.03297424316406,4,35.0,4,33.356021881103516,2,217.3365020751953,9.259763874540138,1014.7210692468099,470.74374098137827,303.8662711509879
Brown,2150.0,409484.2623190799,4117934.581238637,265.0400085449219,4,217.3365020751953,4,35.0,4,29.208189010620117,2,217.3365020751953,8.819756932735494,1009.4383450633067,439.4176171962807,303.86627115274155
Brown,2200.0,409443.12580217526,4117906.1596451392,276.02000427246094,4,232.85263061523438,3,30.0,3,32.015621185302734,1,232.85263061523438,12.495432213808815,1009.392712238646,401.88297429220256,284.8661732455242
Brown,2250.0,409401.98928527057,4117877.7380516413,276.13999938964844,4,239.4976043701172,4,26.5,4,,0,239.4976043701172,10.27386390850471,1010.8866466417227,414.12630685892145,347.89628106379996
Brown,2300.0,409360.85276836593,4117849.3164581438,299.5800018310547,4,250.9785919189453,4,40.0,4,,0,250.9785919189453,15.162503412575632,1012.8534085197248,425.29993904829684,387.11272623569107
Brown,2350.0,409319.71625146124,4117820.894864646,319.20001220703125,5,266.59674072265625,5,40.0,5,,0,266.59674072265625,24.670326157719458,1025.3134560176209,490.7967298254643,438.5782276348458
Brown,2400.0,409278.5797345566,4117792.4732711483,364.9599914550781,4,296.9107208251953,4,40.0,4,,0,296.9107208251953,29.05026888600445,1039.6076766669646,502.3528763075489,486.18603384186525
Brown,2450.0,409237.4432176519,4117764.0516776503,386.2799987792969,5,322.14239501953125,5,40.0,5,,1,322.14239501953125,24.557101272484886,1056.627631354208,508.49351537067514,487.3586147108459
Brown,2500.0,409196.3067007473,4117735.630084153,407.760009765625,5,342.96563720703125,5,40.0,5,,1,342.603759765625,11.563881003725353,1073.6475860384123,498.282766150845,495.0220465308978
Brown,2550.0,409155.1701838426,4117707.208490655,413.79998779296875,5,342.603759765625,5,40.0,5,,1,342.603759765625,-0.3639338124117097,1087.4340744741874,528.8030071937497,490.85564660292385
Brown,2600.0,409114.03366693796,4117678.7868971573,419.3599853515625,5,341.96856689453125,5,40.0,5,,0,341.96856689453125,-0.3639338124117097,1096.0999748916433,601.4482331973217,486.32185331588397
Brown,2650.0,409072.89715003327,4117650.3653036593,424.5199890136719,5,341.96856689453125,5,40.0,5,,0,341.96856689453125,0.0,1109.0209260314027,943.183783595333,522.6499863797164
Brown,2700.0,409031.76063312864,4117621.9437101614,435.4800109863281,5,353.13311767578125,5,40.0,5,25.179357528686523,1,341.96856689453125,-0.9896735640371088,1112.3754717905622,963.4252322821227,632.3394471613152
Brown,2750.0,408988.6851166044,4117598.6422139923,435.760009765625,5,340.2410888671875,5,40.0,5,34.343939781188965,2,340.2410888671875,-0.9896735640371088,1059.3170781724266,625.0274945476006,529.8008976765738
Brown,2800.0,408939.04127468,4117592.6849529617,439.8000030517578,4,335.8459777832031,4,43.5,4,,2,340.2410888671875,-2.5165935551985377,1094.1579846098953,665.6195855101553,553.9458457287623
Brown,2850.0,408889.3974327557,4117586.7276919307,444.32000732421875,5,344.8773498535156,5,40.0,5,,1,335.8459777832031,-3.572972833782028,1107.0702052054612,718.9040356716544,543.8741030785532
Brown,2900.0,408839.7535908313,4117580.7704308997,447.8800048828125,5,333.9969787597656,5,47.0,5,,1,333.9969787597656,-8.914093428791924,1119.5749309160074,798.6466508764224,654.6632722249034
Brown,2950.0,408790.109748907,4117574.8131698687,451.6400146484375,5,320.16119384765625,5,47.0,5,,1,320.16119384765625,-9.060473081157078,1128.5752063758357,969.056114603691,705.021985472967
Brown,3000.0,408740.4659069826,4117568.855908838,454.32000732421875,5,318.0503234863281,5,47.0,5,,1,318.0503234863281,-1.2092600430670217,1130.4704408567823,980.4837092310875,674.8067575241357
Brown,3050.0,408690.8220650583,4117562.898647807,455.2799987792969,5,316.83673095703125,5,47.0,5,115.81406211853027,2,318.0503234863281,5.743934418704767,1131.9688406289033,975.5188276454159,694.9502428233542
Brown,3100.0,408641.17822313396,4117556.941386776,455.9200134277344,5,328.1091003417969,5,47.0,5,115.81406211853027,2,328.1091003417969,5.876377897040098,1122.0763678550904,978.1538478928188,943.7744468581681
Brown,3150.0,408591.5343812096,4117550.984125745,456.0,5,337.2510681152344,5,47.0,5,,1,328.3426513671875,5.22344224900637,1109.5702025962921,990.3625202019057,963.6176486656937
Brown,3200.0,408541.89053928526,4117545.0268647145,458.67999267578125,5,328.3426513671875,5,47.0,5,,0,337.2510681152344,0.0,1101.3763186524614,1006.1108466870452,973.2911933310164
Brown,3250.0,408492.2466973609,4117539.0696036834,470.8399963378906,5,338.023681640625,5,47.0,5,,0,328.3426513671875,0.44266613408859923,1093.1824347081406,1011.7555312167328,1006.3959036905142
Brown,3300.0,408442.60285543656,4117533.1123426524,484.6400146484375,5,323.12823486328125,5,56.0,5,,0,338.023681640625,9.057744793641056,1085.1429193028716,1058.1290774866563,1053.130511560672
Brown,3350.0,408392.9590135122,4117527.1550816214,501.8800048828125,5,344.284423828125,5,56.0,5,,0,344.284423828125,12.35190210971035,1077.1539247972566,1036.3429649259072,1033.952549903897
Brown,3400.0,408343.31517158786,4117521.1978205903,515.8800048828125,5,359.922119140625,5,56.0,5,,0,359.922119140625,22.562819005661943,1069.1649302913736,1025.5367337017885,1024.8463308960047
Brown,3450.0,408293.6713296635,4117515.24055956,528.1599731445312,5,385.83428955078125,5,47.0,5,,0,385.83428955078125,16.67813122772624,1075.7300267099117,969.7788560220397,961.5817117015382
Brown,3500.0,408244.02748773916,4117509.2832985288,541.239990234375,5,389.8819580078125,5,56.0,5,,0,389.8819580078125,10.648638243132948,1086.3560898786016,939.0035642190543,939.0035642185919
Brown,3550.0,408194.38364581484,4117503.3260374977,558.4400024414062,5,404.63665771484375,5,47.0,5,,0,404.63665771484375,25.301596895800355,1096.9821530465815,935.5691109560437,912.3716218932152
Brown,3600.0,408144.73980389046,4117497.3687764667,579.3200073242188,5,437.1551513671875,5,47.0,5,,0,437.1551513671875,27.719755736130523,1121.1945235845453,943.4262813552789,893.1931886710948
Brown,3650.0,408095.09596196614,4117491.411515436,605.0399780273438,5,457.18182373046875,5,47.0,5,,0,457.18182373046875,18.034489251217828,1143.6377951465229,958.4259352932507,896.2870858948232
Brown,3700.0,408045.45212004177,4117485.454254405,616.1199951171875,5,469.71368408203125,5,47.0,5,,0,469.71368408203125,9.55189905554682,1155.213300202122,974.6755963624266,909.4527257681506
Brown,3750.0,407996.1215675629,4117478.332274052,622.7999877929688,5,474.00921630859375,5,47.0,5,,0,474.00921630859375,8.6261626061719,1124.5487451365234,1004.4723309779712,1004.4723309779712
Brown,3800.0,407950.1881081839,4117458.580886519,628.239990234375,5,484.88397216796875,5,47.0,5,,0,484.88397216796875,15.041153680576516,1113.471661401502,952.078154744539,945.6776196220312
Brown,3850.0,407904.2546488049,4117438.8294989862,639.4400024414062,5,500.8811340332031,5,47.0,5,,0,500.8811340332031,19.35762285402719,1113.8983480132729,1035.0099474471883,914.3588443003861
Brown,3900.0,407858.3211894259,4117419.078111453,654.4400024414062,5,520.0164184570312,5,47.0,5,183.7668914794922,1,520.0164184570312,18.93260341751255,1114.0559061574406,1054.9419432432867,936.956965246267
Brown,3950.0,407812.38773004693,4117399.32672392,661.6400146484375,4,535.182373046875,4,47.0,4,214.5541000366211,2,535.182373046875,24.07552554531294,1115.5338166083966,1110.5904631525439,1110.590463152093
Brown,4000.0,407766.4542706679,4117379.5753363874,670.8800048828125,5,564.6973266601562,5,47.0,5,198.32357788085938,3,564.6973266601562,24.76566606297085,1117.0117270594887,1091.151413842565,1082.8338941084241
Brown,4050.0,407720.5208112889,4117359.823948854,676.2000122070312,5,581.316162109375,5,40.0,5,245.34130859375,3,581.316162109375,14.271594870596878,1120.3394571042968,1089.2529575986334,1089.2529575986334
Brown,4100.0,407674.5873519099,4117340.0725613213,684.8400268554688,4,604.51416015625,4,40.0,4,229.58609008789062,2,590.1342163085938,5.039338223385954,1124.6793379145388,1123.9639425826508,1120.1593974018786
Brown,4150.0,407628.6538925309,4117320.3211737885,691.0,5,590.1342163085938,5,40.0,5,284.72265625,3,590.1342163085938,-3.161292373125766,1109.3337894021547,1109.333338660158,1109.333338660158
Brown,4200.0,407582.7204331519,4117300.5697862552,695.2999877929688,4,584.6111145019531,4,47.0,4,327.9311981201172,2,584.6111145019531,-8.905918893987193,1083.5694460644788,1083.5662008971472,1083.5662008971472
Brown,4250.0,407536.7869737729,4117280.8183987224,697.3200073242188,5,574.4640502929688,5,47.0,5,371.1397399902344,3,574.4640502929688,-9.552494187599654,1057.8011671168456,1057.799063132144,1057.799063132144
Brown,4300.0,407490.8535143939,4117261.067011189,697.2000122070312,5,567.7826538085938,5,47.0,5,351.6293640136719,3,567.7826538085938,-5.229060475656409,1032.0325982467032,1032.031925364095,1032.031925364095
Brown,4350.0,407444.9200550149,4117241.3156236564,700.9000244140625,4,564.9058227539062,4,47.0,4,351.6293640136719,3,565.3121948242188,-1.6478482833098744,1016.0851492790146,1016.0855235921039,1016.0855235921039
Brown,4400.0,407398.9865956359,4117221.5642361236,706.3599853515625,5,565.3121948242188,5,47.0,5,356.2364044189453,2,564.9058227539062,-1.066688908494554,1007.4949933634219,1007.4958589061142,1007.4958589061142
Brown,4450.0,407353.0531362569,4117201.8128485903,709.760009765625,5,554.5028686523438,5,56.0,5,419.5729064941406,2,563.4502563476562,-0.833919228697701,998.9048374463795,998.9061942191025,998.9061942191025
Brown,4500.0,407307.11967687786,4117182.0614610575,720.3599853515625,5,563.4502563476562,5,56.0,5,478.3023681640625,1,563.4502563476562,2.1370041526845958,990.31468153323,990.3165295355791,990.3165295355791
Brown,4550.0,407261.1862174989,4117162.3100735247,724.760009765625,5,567.1817626953125,5,56.0,5,,2,567.1817626953125,7.900384707746011,981.7245256159806,981.7268648483605,981.7268648483605
Brown,4600.0,407215.2527581199,4117142.5586859914,734.280029296875,5,577.3270874023438,5,56.0,5,,1,577.3270874023438,8.395315910481607,973.1343697023344,973.1372001642944,973.1372001642944
Brown,4650.0,407169.3192987409,4117122.8072984586,741.3599853515625,5,581.9401245117188,5,56.0,5,,2,581.9401245117188,9.365401934622499,964.4459509885754,964.4491035208074,964.4491035208074
Brown,4700.0,407123.3858393619,4117103.0559109254,755.3599853515625,5,593.8199462890625,5,56.0,5,,2,593.8199462890625,16.105524436832823,951.5591866556802,951.5616369698881,951.5616369698881
Brown,4750.0,407077.45237998286,4117083.3045233926,771.280029296875,5,610.8140869140625,5,56.0,5,457.661865234375,1,610.8140869140625,15.666370190674131,938.4079309146888,938.4096129424418,938.4096129424418
Brown,4800.0,407031.51892060385,4117063.55313586,779.239990234375,5,621.8653564453125,5,56.0,5,427.13104248046875,3,621.8653564453125,17.62466559185489,925.2566751722936,925.2575889127362,925.2575889127362
Brown,4850.0,406986.8442545137,4117041.448765434,788.4200134277344,4,642.5833435058594,4,47.0,4,420.9857482910156,3,642.5833435058594,21.34526324302231,900.3993016268679,900.399817902254,900.399817902254
Brown,4900.0,406944.92207369866,4117014.199347904,797.3599853515625,5,660.9447631835938,5,47.0,5,318.0166015625,3,660.9447631835938,20.014594540150235,886.6031608131236,886.6028812603308,886.6028812603308
Brown,4950.0,406902.99989288364,4116986.9499303745,803.52001953125,5,679.0092163085938,5,47.0,5,331.0204620361328,2,679.0092163085938,18.878784381416544,871.0018810747541,871.0006669824086,871.0006669824086
Brown,5000.0,406861.07771206857,4116959.7005128446,824.1199951171875,5,695.1410522460938,5,47.0,5,351.7115173339844,3,695.1410522460938,20.838167538885966,855.400601336209,855.3984527050599,855.3984527050599
Brown,5050.0,406819.15553125355,4116932.4510953147,838.5599975585938,5,717.0718994140625,5,47.0,5,303.967041015625,2,717.0718994140625,18.20946685337845,839.7993215968121,839.7962384272499,839.7962384272499
Brown,5100.0,406777.23335043853,4116905.2016777853,851.7599792480469,4,728.0376892089844,4,47.0,4,303.967041015625,4,728.0376892089844,18.560677197061374,824.1980418584744,824.1940241493595,824.1940241493595
Brown,5150.0,406735.3111696235,4116877.9522602553,869.1599731445312,5,750.6492309570312,5,47.0,5,323.8285140991211,2,750.6492309570312,20.79406253391268,808.5967621197144,808.5918098713739,808.5918098713739
Brown,5200.0,406693.38898880844,4116850.7028427254,884.5999755859375,5,766.0122680664062,5,47.0,5,321.33782958984375,3,766.0122680664062,17.649708508797193,788.7369613782886,788.7311043032258,788.7311043032258
Brown,5250.0,406651.4668079934,4116823.4534251955,903.47998046875,5,782.4666137695312,5,47.0,5,321.33782958984375,3,782.4666137695312,13.634397227067359,767.1617636756106,767.1555468220624,767.1555468220624
Brown,5300.0,406609.5446271784,4116796.204007666,912.6600036621094,4,790.2683715820312,4,47.0,4,195.63194274902344,3,790.2683715820312,13.813170530434755,745.586565972525,745.5799893409455,745.5799893409455
Brown,5350.0,406567.6224463634,4116768.954590136,933.4000244140625,5,807.0533447265625,5,47.0,5,209.78028869628906,4,807.0533447265625,13.042359025983544,722.4192781154096,722.414067578847,722.414067578847
Brown,5400.0,406525.7002655483,4116741.7051726063,943.1999816894531,4,813.4330749511719,4,47.0,4,195.70455169677734,2,813.4330749511719,10.005422235756294,697.5605942168529,697.5572191240711,697.5572191240711
Brown,5450.0,406483.7780847333,4116714.455755077,955.3200073242188,5,824.69580078125,5,47.0,5,223.9286346435547,3,824.69580078125,24.21228659578308,666.9346200696882,666.9314275044042,666.9314275044042
Brown,5500.0,406441.8559039183,4116687.206337547,967.9599914550781,4,858.400634765625,4,47.0,4,236.17649841308594,3,858.400634765625,21.40015342633661,633.9311161859873,401.54706625871495,401.54706625871495
Brown,5550.0,406399.93372310326,4116659.956920017,977.4000244140625,5,863.8856811523438,5,47.0,5,270.14654541015625,3,863.8856811523438,15.699190716972598,602.6519639418045,415.6530740577132,410.51225800313296
Brown,5600.0,406358.0115422882,4116632.707502487,992.8199768066406,4,886.5078430175781,4,47.0,4,270.14654541015625,3,886.5078430175781,12.746986946450637,596.4487099964584,596.444540514831,596.444540514831
Brown,5650.0,406316.08936147316,4116605.4580849577,1001.719970703125,5,898.741455078125,5,47.0,5,244.2620620727539,2,886.5078430175781,5.0374817283722635,587.8040607232854,587.797587155649,587.797587155649
Brown,5700.0,406274.16718065814,4116578.2086674278,1008.52001953125,5,884.1029663085938,5,47.0,5,224.66197204589844,3,895.3226318359375,5.0374817283722635,578.4776719998487,578.4730671314164,578.4730671314164
Brown,5750.0,406232.2449998431,4116550.959249898,1014.0799865722656,4,895.3226318359375,4,47.0,4,224.66197204589844,3,895.3226318359375,6.0988780504176505,587.743097345145,587.7363406214428,587.7363406214428
Brown,5800.0,406190.3228190281,4116523.7098323684,1021.239990234375,5,906.007568359375,5,47.0,5,222.7195587158203,3,906.007568359375,13.556311270472209,560.5063106661992,560.500932429861,560.500932429861
Brown,5850.0,406148.40063821303,4116496.4604148385,1027.3400268554688,4,919.4344787597656,4,43.5,4,234.01922607421875,3,919.4344787597656,29.323207100642442,519.9193186053067,519.9147378956911,519.9147378956911
Brown,5900.0,406106.478457398,4116469.2109973086,1043.719970703125,5,962.17822265625,5,40.0,5,229.56722259521484,2,962.17822265625,33.41646723522428,470.6801065361134,470.6764594115548,470.6764594115548
Brown,5950.0,406064.556276583,4116441.961579779,1055.52001953125,5,985.41357421875,4,40.0,4,193.63108825683594,3,985.41357421875,,418.9049907144901,418.90212793142274,418.90212793142274
Brown,6000.0,406022.634095768,4116414.7121622493,1065.0,5,1000.7630615234375,3,40.0,3,192.4777069091797,2,,,370.0532277985272,370.0514249655296,370.0514249655296
Stephenson,0.0,414600.0,4111650.0,,0,,0,,0,,0,,,,,
Stephenson,50.0,414565.80294355593,4111686.476860207,,0,,0,,0,,0,,,,,
Stephenson,100.0,414531.60588711186,4111722.953720414,,0,,0,,0,,0,,,,,
Stephenson,150.0,414497.4088306678,4111759.430580621,,0,,0,,0,,0,,,,,
Stephenson,200.0,414463.2117742237,4111795.907440828,,0,,0,,0,,0,,,483.25284084236785,,
Stephenson,250.0,414429.01471777965,4111832.384301035,,3,,0,,0,,0,,,609.6245771951362,,
Stephenson,300.0,414394.8176613356,4111868.8611612422,39.720001220703125,3,,0,,0,,0,,,692.1569231459782,,
Stephenson,350.0,414360.62060489156,4111905.338021449,42.599998474121094,5,,0,,0,,0,,,767.9170969033206,,
Stephenson,400.0,414326.4235484475,4111941.814881656,44.20000076293945,5,,0,,0,,0,,,834.905662177252,,
Stephenson,450.0,414292.2264920034,4111978.291741863,46.79999923706055,5,,0,,0,,0,,,902.4074556768161,,
Stephenson,500.0,414258.02943555935,4112014.76860207,48.52000045776367,5,,0,,0,,0,,,973.2399530630383,,
Stephenson,550.0,414223.8323791153,4112051.245462277,48.53999900817871,4,,0,,0,,0,,,1050.528270630447,,
Stephenson,600.0,414189.6353226712,4112087.722322484,48.7599983215332,5,,0,,0,,0,,,1147.177539118342,,
Stephenson,650.0,414155.43826622714,4112124.199182691,49.28000068664551,4,,0,,0,,0,,,1303.911960798488,,
Stephenson,700.0,414121.24120978307,4112160.676042898,48.91999816894531,5,,0,,0,,0,,,1546.8889862451126,,
Stephenson,750.0,414087.044153339,4112197.152903105,48.47999954223633,5,,0,,0,,0,,,1736.8027258782959,,
Stephenson,800.0,414052.8470968949,4112233.629763312,48.0,5,,0,,0,,0,,,2020.0111469231645,,
Stephenson,850.0,414018.65004045086,4112270.106623519,48.0,5,,0,,0,,0,,,2094.7479950111833,,
Stephenson,900.0,413984.4529840068,4112306.5834837263,48.0,5,,0,,0,,0,,,2159.8221556895405,,
Stephenson,950.0,413950.2559275627,4112343.0603439333,48.119998931884766,5,,0,,0,,0,,,2356.7617357128397,,
Stephenson,1000.0,413916.05887111864,4112379.53720414,48.5,4,,0,,0,,0,,,2405.0244638533654,,
Stephenson,1050.0,413881.86181467463,4112416.014064347,48.68000030517578,5,,0,,0,,0,,,2458.5767655565296,,
Stephenson,1100.0,413847.92592841084,4112452.712247463,48.439998626708984,5,,0,,0,,0,,,2324.9023256799437,,
Stephenson,1150.0,413817.5534230323,4112492.430139112,48.099998474121094,4,,0,,0,,0,,,2267.346892584632,,
Stephenson,1200.0,413787.1809176538,4112532.14803076,47.560001373291016,5,,0,,0,,0,,,2258.906153924892,,
Stephenson,1250.0,413756.8084122752,4112571.865922409,46.760000228881836,4,,0,,0,,0,,,2265.9720471945275,,
Stephenson,1300.0,413726.4359068967,4112611.583814058,45.52000045776367,4,,0,,0,,0,,,2280.1187241082202,,
Stephenson,1350.0,413696.06340151816,4112651.301705707,45.0,5,,0,,0,,0,,,2290.055088566459,,
Stephenson,1400.0,413665.6908961396,4112691.0195973557,45.02000045776367,4,,0,,0,,0,,,2302.85264223808,,
Stephenson,1450.0,413635.3183907611,4112730.7374890046,45.5,4,,0,,0,,0,,,2315.6501959088364,,
Stephenson,1500.0,413604.94588538253,4112770.4553806535,46.040000915527344,4,,0,,0,,0,,,2333.8171356651546,,
Stephenson,1550.0,413574.573380004,4112810.1732723024,46.579999923706055,4,,0,,0,,0,,,2367.0760200216914,,
Stephenson,1600.0,413544.2008746255,4112849.8911639513,47.31999969482422,5,,0,,0,,0,,,2400.348379616128,,
Stephenson,1650.0,413513.8283692469,4112889.6090556,47.05999946594238,4,,0,,0,,0,,,2433.6207392116253,,
Stephenson,1700.0,413483.45586386835,4112929.326947249,46.619998931884766,4,,0,,0,,0,,,2466.893098806345,,
Stephenson,1750.0,413453.08335848985,4112969.044838898,45.1200008392334,4,,0,,0,,0,,,2481.1774721818647,,
Stephenson,1800.0,413422.7108531113,4113008.7627305468,44.19999885559082,4,,0,,0,,0,,,2491.450468562362,,
Stephenson,1850.0,413392.33834773273,4113048.4806221956,40.0,5,,0,,0,,0,,,2500.465721909714,,
Stephenson,1900.0,413361.9658423542,4113088.1985138445,36.900001525878906,4,,0,,0,,0,,,2509.918334028851,,
Stephenson,1950.0,413331.59333697567,4113127.9164054934,34.239999771118164,4,,0,,0,,0,,,2532.7667836174246,,
Stephenson,2000.0,413301.2208315971,4113167.6342971423,30.9399995803833,4,,0,,0,,0,,,2573.5127117113616,,
Stephenson,2050.0,413270.8483262186,4113207.352188791,31.9399995803833,4,,0,,0,,0,,,2614.258639805758,,
Stephenson,2100.0,413240.47582084005,4113247.07008044,33.79999923706055,5,,0,,0,,0,,,2655.7351718032164,,
Stephenson,2150.0,413210.1033154615,4113286.787972089,36.619998931884766,4,,0,,0,,0,,,2696.8936528020777,,
Stephenson,2200.0,413179.51423707395,4113326.338838048,36.7599983215332,5,,0,,0,,0,,,2737.666624094496,,
Stephenson,2250.0,413148.8172063982,4113365.8064489164,34.89999961853027,4,,0,,0,,0,,,2778.2712806194427,,
Stephenson,2300.0,413118.12017572246,4113405.2740597855,25.799999237060547,5,,0,,0,,0,,,2820.5838235592205,,
Stephenson,2350.0,413087.4231450467,4113444.741670654,30.200000762939453,5,,0,,0,,0,,,2861.9349845205406,,
Stephenson,2400.0,413056.726114371,4113484.2092815232,23.239999771118164,5,,0,,0,,0,,,2936.619353977862,,
Stephenson,2450.0,413026.0290836952,4113523.676892392,32.79999923706055,5,,0,,0,,0,,,3041.268768134332,,
Stephenson,2500.0,412995.33205301943,4113563.1445032605,38.84000015258789,5,,0,,0,,0,,,3128.4805412442756,,
Stephenson,2550.0,412964.6350223437,4113602.6121141296,45.0,5,,0,,0,,0,,,3185.8193937692668,,
Stephenson,2600.0,412933.93799166795,4113642.079724998,47.0,5,,0,,0,,0,,,3220.875907405574,,
Stephenson,2650.0,412903.24096099223,4113681.5473358673,50.84000015258789,5,,0,,0,,0,,,3251.4474044871013,,
Stephenson,2700.0,412872.54393031646,4113721.014946736,54.959999084472656,5,,0,,0,,0,,,3271.1849475730696,,
Stephenson,2750.0,412841.84689964075,4113760.4825576046,57.279998779296875,5,,0,,0,,0,,,3279.284998512425,,
Stephenson,2800.0,412811.149868965,4113799.9501684736,61.79999923706055,5,,0,,0,,0,,,3287.3850494412427,,
Stephenson,2850.0,412780.45283828926,4113839.4177793423,61.79999923706055,5,,0,,0,,0,,,3315.73166921,,
Stephenson,2900.0,412749.7558076135,4113878.8853902114,75.19999694824219,5,,0,,0,,0,,,3346.336156911088,,
Stephenson,2950.0,412719.0587769377,4113918.35300108,89.95999908447266,5,,0,,0,,0,,,3376.940644613305,,
Stephenson,3000.0,412688.361746262,4113957.820611949,99.12000274658203,5,,0,,0,,0,,,3409.3894259608855,,
Stephenson,3050.0,412657.66471558623,4113997.2882228177,105.68000030517578,5,,0,,0,,0,,,3436.8536287514094,,
Stephenson,3100.0,412626.9676849105,4114036.7558336863,110.27999877929688,5,,0,,0,,0,,,3465.2186262147793,,
Stephenson,3150.0,412596.27065423474,4114076.2234445554,112.95999908447266,5,,0,,0,,0,,,3541.3475777662934,,
Stephenson,3200.0,412565.57362355903,4114115.691055424,116.12000274658203,5,,0,,0,,0,,,3636.073027391685,,
Stephenson,3250.0,412534.87659288326,4114155.158666293,119.5999984741211,5,,0,,0,,0,,,3642.9351293313175,,
Stephenson,3300.0,412504.17956220754,4114194.6262771618,121.44000244140625,5,,0,,0,,0,,,3552.517856853118,,
Stephenson,3350.0,412464.6155407505,4114224.7691214746,123.0,5,,0,,0,,0,,,3555.306808734614,,
Stephenson,3400.0,412423.65394472453,4114253.4422386927,118.5199966430664,5,,0,,0,,0,,,3559.905976878064,,
Stephenson,3450.0,412382.6923486986,4114282.115355911,115.52000045776367,4,,0,,0,,0,,,3567.601158727752,,
Stephenson,3500.0,412341.73075267265,4114310.7884731293,115.05999755859375,4,,0,,0,,0,,,3581.7740498495486,,
Stephenson,3550.0,412300.7691566467,4114339.4615903473,111.38000106811523,4,,0,,0,,0,,,3588.918470493993,,
Stephenson,3600.0,412259.8075606208,4114368.1347075654,108.0,5,,0,,0,,0,,,3596.062891148189,,
Stephenson,3650.0,412218.8459645948,4114396.8078247835,107.0,5,,0,,0,,0,,,3593.494806010995,,
Stephenson,3700.0,412177.88436856883,4114425.480942002,104.0999984741211,4,,0,,0,,0,,,3592.4262660193267,,
Stephenson,3750.0,412136.92277254286,4114454.15405922,101.95999908447266,5,,0,,0,,0,,,3591.243717675849,,
Stephenson,3800.0,412095.96117651695,4114482.827176438,101.45999908447266,4,,0,,0,,0,,,3589.8283930372154,,
Stephenson,3850.0,412054.999580491,4114511.5002936563,106.04000091552734,5,,0,,0,,0,,,3592.2838867434007,,
Stephenson,3900.0,412014.037984465,4114540.1734108743,108.13999938964844,4,,0,,0,,0,,,3597.4393004686144,,
Stephenson,3950.0,411973.0763884391,4114568.846528093,112.12000274658203,5,,0,,0,,0,,,3603.4271680897123,,
Stephenson,4000.0,411932.11479241314,4114597.519645311,117.68000030517578,4,,0,,0,,0,,,3595.7365907564254,,
Stephenson,4050.0,411891.15319638717,4114626.192762529,120.41999816894531,4,,0,,0,,0,,,3574.9675751587283,,
Stephenson,4100.0,411850.1916003612,4114654.865879747,124.84000015258789,4,,0,,0,,0,,,3554.695300158792,,
Stephenson,4150.0,411809.2300043353,4114683.538996965,125.12000274658203,5,,0,,0,,0,,,3533.432314763158,,
Stephenson,4200.0,411768.2684083093,4114712.2121141837,123.5199966430664,5,,0,,0,,0,,,3499.3119308007854,,
Stephenson,4250.0,411727.30681228335,4114740.885231402,123.16000366210938,5,,0,,0,,0,,,3471.3130111615255,,
Stephenson,4300.0,411686.34521625744,4114769.55834862,121.19999694824219,5,,0,,0,,0,,,3447.099754243725,,
Stephenson,4350.0,411645.38362023147,4114798.231465838,121.19999694824219,5,,0,,0,,0,,,3419.2925802497484,,
Stephenson,4400.0,411604.4220242055,4114826.904583056,120.68000030517578,5,,0,,0,,0,,,3393.3702391383194,,
Stephenson,4450.0,411563.46042817953,4114855.5777002745,118.72000122070312,5,,0,,0,,0,,,3349.862247299556,,
Stephenson,4500.0,411522.4988321536,4114884.2508174926,118.0,5,,0,,0,,0,,,3275.2369045275063,,
Stephenson,4550.0,411479.6083946101,4114909.596049595,115.76000213623047,5,,0,,0,,0,,,3229.2810843583,,
Stephenson,4600.0,411434.3674595001,4114930.8859014115,117.95999908447266,5,,0,,0,,0,,,3207.7935628856203,,
Stephenson,4650.0,411389.12652439,4114952.1757532284,115.68000030517578,5,,0,,0,,0,,,3179.8646834580113,,
Stephenson,4700.0,411343.88558928,4114973.4656050447,120.27999877929688,5,,0,,0,,0,,,3146.774195398796,,
Stephenson,4750.0,411298.6446541699,4114994.755456861,111.63999938964844,5,,0,,0,,0,,,3117.919076110803,,
Stephenson,4800.0,411253.4037190599,4115016.0453086775,115.76000213623047,5,,0,,0,,0,,,3090.472811159939,,
Stephenson,4850.0,411208.1627839498,4115037.3351604943,125.08000183105469,5,,0,,0,,0,,,3041.29414448899,,
Stephenson,4900.0,411162.9218488398,4115058.6250123107,133.67999267578125,5,,0,,0,,0,,,2276.888149708941,,
Stephenson,4950.0,411117.6809137297,4115079.914864127,147.75999450683594,5,,0,,0,,0,,,2178.7152622631947,,
Stephenson,5000.0,411072.4399786197,4115101.204715944,154.73999786376953,4,,0,,0,,0,,,2138.358392748548,,
Stephenson,5050.0,411027.1990435096,4115122.4945677603,161.83999633789062,5,,0,,0,,0,,,2122.7719723360997,,
Stephenson,5100.0,410981.9581083996,4115143.7844195766,182.31999969482422,4,,0,,0,,0,,,2119.1512316374406,,
Stephenson,5150.0,410936.7171732895,4115165.074271393,185.8000030517578,5,,0,,0,,0,,,2119.9571834814956,,
Stephenson,5200.0,410891.4762381795,4115186.36412321,194.39999389648438,5,,0,,0,,0,,,2109.0302334380626,,
Stephenson,5250.0,410846.2353030694,4115207.653975026,185.36000061035156,5,,0,,0,,0,,,2071.8836384401343,,
Stephenson,5300.0,410800.9943679594,4115228.9438268426,192.16000366210938,5,,0,,0,,0,,,1989.5255585675166,,
Stephenson,5350.0,410755.7534328493,4115250.233678659,198.16000366210938,4,,0,,0,,0,,,2000.4042390807904,,
Stephenson,5400.0,410710.5124977393,4115271.523530476,208.47999572753906,5,,0,,0,,0,,,2020.3915754140833,,
Stephenson,5450.0,410665.2715626292,4115292.813382292,213.9199981689453,4,,0,,0,,0,,,2057.6966022682805,,
Stephenson,5500.0,410631.0058008747,4115327.134570179,225.4000015258789,4,,0,,0,,0,,,2781.365799487597,,
Stephenson,5550.0,410602.3326836565,4115368.096166205,222.77999877929688,4,,0,,0,,0,,,2799.692042838628,,
Stephenson,5600.0,410573.6595664383,4115409.057762231,232.0,4,,0,,0,,0,,,2684.620932172784,,
Stephenson,5650.0,410544.98644922016,4115450.019358257,229.8800048828125,5,,0,,0,,0,,,2707.0309205822023,69.72545562617923,
Stephenson,5700.0,410516.31333200197,4115490.980954283,230.9800033569336,4,,0,,0,,1,,,2725.3997568255973,167.19912096087074,
Stephenson,5750.0,410487.64021478384,4115531.942550309,228.55999755859375,5,,0,,0,27.73075580596924,2,,,2734.9976878170487,226.58968449543218,
Stephenson,5800.0,410458.96709756565,4115572.9041463346,228.0,5,,0,,0,27.36435031890869,2,,,2758.8719986798537,323.73111169973123,
Stephenson,5850.0,410430.29398034746,4115613.8657423607,230.27999877929688,5,,0,,0,33.459046363830566,2,,,2765.189627788476,389.13459932662323,
Stephenson,5900.0,410401.6208631293,4115654.827338387,240.2800064086914,4,,1,,1,,1,,,2782.903790750467,423.12863343503716,
Stephenson,5950.0,410372.94774591114,4115695.788934413,252.26000213623047,4,174.8162078857422,2,40.0,2,39.95368576049805,2,,,2808.284472839684,461.8592016411337,
Stephenson,6000.0,410344.274628693,4115736.7505304385,267.55999755859375,5,183.94180297851562,5,40.0,5,37.83192443847656,3,183.94180297851562,,2811.336040710166,516.7052529348011,
Stephenson,6050.0,410315.6015114748,4115777.7121264646,284.4600067138672,4,199.28260803222656,4,40.0,4,36.15690231323242,4,199.28260803222656,14.052616752108817,2863.9370159811842,684.6582457252621,
Stephenson,6100.0,410277.51595617965,4115803.747340637,301.8399963378906,5,211.18505859375,5,40.0,5,34.48188018798828,3,208.97216796875,5.53443157173512,2170.209663066379,571.4989263208281,
Stephenson,6150.0,410228.19625998806,4115811.967290002,304.9200134277344,5,208.97216796875,5,40.0,5,,2,208.97216796875,-1.904555983888476,2153.67937035102,590.0242218948907,
Stephenson,6200.0,410178.8765637965,4115820.187239367,306.55999755859375,5,205.64686584472656,5,47.0,5,,2,205.64686584472656,-1.904555983888476,2134.923792859909,564.9831815423637,
Stephenson,6250.0,410129.55686760484,4115828.4071887326,309.67999267578125,5,205.33233642578125,5,47.0,5,,1,205.64686584472656,14.365616417010033,2124.620260289283,541.6728632322727,
Stephenson,6300.0,410080.23717141326,4115836.627138098,315.67999267578125,5,231.258544921875,5,40.0,5,,1,231.258544921875,29.245491831022935,2126.9299341200835,576.2147267390488,
Stephenson,6350.0,410030.9174752216,4115844.847087463,336.20001220703125,5,261.63922119140625,5,40.0,5,27.76519775390625,1,261.63922119140625,24.187170901687512,2127.6751381859935,586.3930352210726,
Stephenson,6400.0,409981.59777903004,4115853.0670368285,350.20001220703125,5,276.1734161376953,4,40.0,4,27.76519775390625,1,276.1734161376953,20.411573534243978,2130.571962431792,420.60454279352115,
Stephenson,6450.0,409932.2780828384,4115861.2869861936,360.760009765625,5,298.8518829345703,4,35.0,4,27.76519775390625,1,298.8518829345703,17.533431279756332,2133.9295767688623,425.49958754386165,
Stephenson,6500.0,409882.9583866468,4115869.5069355587,366.2799987792969,5,307.7674560546875,4,40.0,4,,0,307.7674560546875,8.804457796384375,2137.2871911080283,425.2419345971142,
Stephenson,6550.0,409833.63869045523,4115877.7268849243,370.55999755859375,5,314.962646484375,3,40.0,3,,0,314.3406677246094,4.11544822552005,2141.8937918030438,456.58082287637296,
Stephenson,6600.0,409784.3189942636,4115885.9468342895,374.0799865722656,5,314.3406677246094,4,40.0,4,43.046485900878906,1,314.962646484375,0.0,2146.6698677013082,760.1020779872661,
Stephenson,6650.0,409734.999298072,4115894.1667836546,376.6600036621094,4,318.75933837890625,3,40.0,3,36.55653953552246,2,314.3406677246094,-6.2988583458424685,2152.35754983729,725.9651183506186,
Stephenson,6700.0,409685.7872306153,4115897.039006378,383.5199890136719,5,303.191650390625,5,40.0,5,36.55653953552246,2,303.924560546875,-5.946545931245461,2290.116963083858,807.7934852774033,375.2890673514972
Stephenson,6750.0,409636.83820962836,4115886.8412936726,378.3999938964844,5,303.924560546875,5,40.0,5,39.144264221191406,2,303.924560546875,0.9745182762650976,2376.622326719623,848.3061889184983,439.81246162816115
Stephenson,6800.0,409587.8891886415,4115876.643580967,381.5199890136719,5,305.6255798339844,5,40.0,5,39.144264221191406,2,305.6255798339844,1.4254034836990221,2377.393829513341,618.6739771434811,506.9057799923326
Stephenson,6850.0,409538.9401676546,4115866.445868261,385.0,5,306.4128723144531,5,40.0,5,44.62760353088379,2,306.4128723144531,2.9927318525733377,2376.642852882518,752.3894982116828,553.8758400608718
Stephenson,6900.0,409489.99114666774,4115856.2481555557,390.3599853515625,5,310.8536376953125,5,40.0,5,50.52520561218262,2,310.8536376953125,4.955768148102577,2378.3259039250647,762.4032930958323,570.8638973285738
Stephenson,6950.0,409441.04212568083,4115846.05044285,397.1600036621094,5,315.0839538574219,5,40.0,5,50.52520561218262,2,315.0839538574219,6.222216023468665,2387.773009185166,798.0367527950392,587.8519545982797
Stephenson,7000.0,409392.093104694,4115835.8527301447,395.1199951171875,5,321.75634765625,5,40.0,5,95.89196395874023,2,321.75634765625,5.400488766058637,2393.0120494292487,833.6846012245444,625.2694296578975
Stephenson,7050.0,409343.14408370707,4115825.655017439,402.55999755859375,5,324.53759765625,5,40.0,5,95.89196395874023,2,324.53759765625,5.8009483003883435,2395.020681800375,867.3037464116022,672.9016136053292
Stephenson,7100.0,409294.1950627202,4115815.4573047333,410.32000732421875,5,331.9156494140625,5,40.0,5,48.648468017578125,3,331.9156494140625,10.289903396136749,2399.7994662420833,899.4625347618398,720.5337975553039
Stephenson,7150.0,409245.2460417333,4115805.259592028,418.32000732421875,5,342.6924743652344,5,40.0,5,76.72652435302734,2,342.6924743652344,11.567438880182564,2404.8938043665394,885.7129014665684,880.5277793336202
Stephenson,7200.0,409196.29702074645,4115795.0618793224,426.55999755859375,5,352.38348388671875,5,40.0,5,76.73334121704102,4,352.38348388671875,5.535254396282536,2410.3980720356035,920.2657314864202,890.071786892591
Stephenson,7250.0,409147.34799975954,4115784.8641666165,419.79998779296875,5,354.7822265625,5,40.0,5,85.36383056640625,2,352.38348388671875,1.3741148013480757,2404.3618987919417,902.0302912418713,901.6953579851906
Stephenson,7300.0,409098.3989787727,4115774.666453911,426.8800048828125,5,348.8997497558594,5,40.0,5,85.36383056640625,2,354.7822265625,4.173335315726523,2390.9709921031704,896.1693851626933,896.1693851626933
Stephenson,7350.0,409049.4499577858,4115764.4687412055,433.8399963378906,5,359.68023681640625,5,40.0,5,185.39484405517578,2,359.68023681640625,12.134364839152793,2382.9962566126155,913.9186941013768,913.9186941013768
Stephenson,7400.0,409000.5009367989,4115754.2710284996,441.0400085449219,5,377.07061767578125,5,40.0,5,185.39484405517578,2,376.2831115722656,9.426756300665911,2379.8126759992106,902.8823600593129,902.3853995382124
Stephenson,7450.0,408951.5519158121,4115744.073315794,437.8199920654297,4,376.2831115722656,4,40.0,4,184.11963653564453,4,376.2831115722656,0.0,2381.478547197063,895.6440243035221,895.6440243035221
Stephenson,7500.0,408902.60289482516,4115733.8756030886,435.5199890136719,5,375.8170166015625,5,40.0,5,193.22784423828125,3,376.2831115722656,6.427817081311253,2391.9088877255704,894.9385211744152,894.9385211744152
Stephenson,7550.0,408853.6538738383,4115723.677890383,447.0400085449219,5,387.549072265625,5,40.0,5,193.22784423828125,3,387.549072265625,15.067780835186534,2405.197143594662,907.2102167071619,907.2102167071619
Stephenson,7600.0,408804.7048528514,4115713.4801776772,463.0,5,403.2048645019531,5,40.0,5,179.20504760742188,3,403.2048645019531,21.154831535767844,2423.921942195751,919.617304519484,915.524110796516
Stephenson,7650.0,408755.75583186455,4115703.2824649718,484.44000244140625,5,426.245849609375,5,40.0,5,179.20504760742188,3,426.245849609375,21.536631245378025,2377.8747229080236,934.7194582799202,934.7194582799202
Stephenson,7700.0,408706.80681087764,4115693.0847522663,505.6000061035156,4,442.66978454589844,4,40.0,4,169.33831787109375,3,442.66978454589844,20.504229069183836,2322.195906178214,960.82668444737,955.292779699665
Stephenson,7750.0,408657.8577898908,4115682.8870395604,527.280029296875,5,463.6427307128906,5,40.0,5,201.07958984375,3,463.6427307128906,24.19512927620398,2267.9416976701564,994.8576980107842,994.8576980107842
Stephenson,7800.0,408608.9087689039,4115672.689326855,553.47998046875,5,487.6013488769531,5,40.0,5,201.07958984375,3,487.6013488769531,24.493386035300798,2245.5532119542477,1031.8475879953373,1031.33887380509
Stephenson,7850.0,408559.959747917,4115662.4916141494,579.1599731445312,5,509.201416015625,5,40.0,5,195.25769805908203,2,509.201416015625,22.52053321517238,2235.671934054234,1072.3361353171138,1072.3361353171138
Stephenson,7900.0,408511.0107269301,4115652.293901444,605.1599731445312,5,529.064697265625,5,40.0,5,195.25769805908203,2,529.064697265625,16.012500074100444,2232.7356044359994,1101.038092917638,1100.9730332054871
Stephenson,7950.0,408462.40420063015,4115640.6010501576,618.8799743652344,4,537.8995666503906,4,40.0,4,220.5311737060547,3,537.8995666503906,11.386040442180523,2238.1482496479907,1129.0854969761767,1129.0854969761908
Stephenson,8000.0,408413.89707562287,4115628.474268906,635.280029296875,5,549.202880859375,5,40.0,5,206.56330108642578,2,549.202880859375,17.335496577141416,2227.210879451493,1697.2614462485865,1693.0802645508543
Stephenson,8050.0,408365.3899506156,4115616.347487654,659.5599975585938,5,569.1140747070312,5,40.0,5,223.76227569580078,4,569.1140747070312,15.649542541529213,2186.009037344792,1765.9819352009463,1765.9819352004804
Stephenson,8100.0,408316.88282560837,4115604.220706402,669.7999877929688,5,577.2166137695312,5,40.0,5,244.0,3,577.2166137695312,7.355425214667912,2143.2680922013938,1177.4357978500457,1177.4357978500457
Stephenson,8150.0,408268.3757006011,4115592.09392515,677.4000244140625,5,582.022705078125,5,40.0,5,244.0,3,582.022705078125,2.7515702100129067,2085.6983846955754,1205.9799294781074,1201.8586433645376
Stephenson,8200.0,408219.8685755938,4115579.9671438984,677.4000244140625,5,582.022705078125,5,40.0,5,267.3667907714844,3,582.022705078125,0.08525818319830132,2051.3743129062364,1244.6078337697438,1244.607833769758
Stephenson,8250.0,408171.3614505865,4115567.8403626466,679.3599853515625,5,582.1715087890625,5,40.0,5,285.8857421875,3,582.1715087890625,0.6891667272500304,2022.3414378808843,1260.4416850242462,1256.409019139123
Stephenson,8300.0,408122.8543255793,4115555.713581395,682.5999755859375,5,583.2255859375,5,40.0,5,288.6660614013672,4,583.2255859375,1.0708489583065979,1997.9530840575053,1997.9526628279816,1997.9526628279816
Stephenson,8350.0,408074.347200572,4115543.586800143,686.9199829101562,5,585.9100341796875,5,47.0,5,311.17002868652344,2,584.0407104492188,0.467021599767613,1973.5647302387426,1973.5633126029563,1973.5633126029563
Stephenson,8400.0,408025.84007556475,4115531.4600188914,685.2000122070312,5,584.0407104492188,5,47.0,5,311.17002868652344,2,584.0407104492188,0.0,1955.5756000718686,1955.572718117649,1955.572718117649
Stephenson,8450.0,407977.33295055747,4115519.333237639,686.760009765625,5,583.923095703125,5,47.0,5,326.359375,3,584.0407104492188,7.009087197549762,1942.4340313695318,1942.4305001417379,1942.4305001417379
Stephenson,8500.0,407928.8258255502,4115507.2064563874,700.5599975585938,5,596.3352661132812,5,47.0,5,338.8731231689453,2,596.3352661132812,18.974191996211676,1920.8171509400277,1920.816546243344,1920.816546243344
Stephenson,8550.0,407880.31870054296,4115495.0796751357,726.1199951171875,4,618.423095703125,4,47.0,4,361.2340087890625,3,618.423095703125,27.83013774662374,1888.4321731752843,1888.4333184900959,1888.4333184900959
Stephenson,8600.0,407831.8115755357,4115482.952893884,764.7999877929688,5,649.1265258789062,5,47.0,5,350.03570556640625,3,649.1265258789062,29.945424298283395,1856.0481924782052,1856.0505425309352,1856.0505425309352
Stephenson,8650.0,407783.3044505284,4115470.826112632,790.8800048828125,5,676.0311889648438,5,47.0,5,350.03570556640625,3,676.0311889648438,26.975771771136436,1823.666804390443,1823.6689412491774,1823.6689412491774
Stephenson,8700.0,407734.7973255211,4115458.6993313804,818.9199829101562,5,700.0258178710938,5,47.0,5,308.7730712890625,3,700.0258178710938,20.605421101829272,1791.028795926947,1791.0306230420645,1791.0306230420645
Stephenson,8750.0,407686.2902005139,4115446.5725501287,836.6400146484375,5,713.6295166015625,5,47.0,5,308.7730712890625,3,713.6295166015625,21.135210642984145,1765.1027259474092,1765.1033856100014,1765.1033856100014
Stephenson,8800.0,407637.7830755066,4115434.4457688765,868.5599975585938,5,740.4285888671875,5,47.0,5,312.46405029296875,4,738.6832275390625,14.065203664637437,1740.866279768167,1740.864938872663,1740.864938872663
Stephenson,8850.0,407589.27595049934,4115422.3189876247,872.0,5,738.6832275390625,5,47.0,5,344.7738952636719,2,738.6832275390625,-0.20205910741850486,1714.1043976175113,1714.1029980390633,1714.1029980390633
Stephenson,8900.0,407540.76882549206,4115410.192206373,875.47998046875,5,737.16748046875,5,47.0,5,344.7738952636719,2,738.33056640625,-0.20205910741850486,1684.7884627142341,1684.7899496638559,1684.7899496638559
Stephenson,8950.0,407492.02797110943,4115399.7342657037,881.239990234375,5,738.33056640625,5,47.0,5,321.9126892089844,2,738.33056640625,0.0,1638.486963157606,1638.4876771420527,1638.4876771420527
Stephenson,9000.0,407442.05572576047,4115398.068524192,886.3200073242188,5,740.1948852539062,5,47.0,5,321.9126892089844,2,738.33056640625,1.0680522874052698,1605.0685456761198,1605.0690144451376,1605.0690144451376
Stephenson,9050.0,407392.0834804115,4115396.4027826805,888.4000244140625,5,737.9686889648438,5,47.0,5,315.41241455078125,3,740.1948852539062,2.6260579474429497,1586.8910654743354,1586.8904726513456,1586.8904726513456
Stephenson,9100.0,407342.11123506253,4115394.737041169,887.5599975585938,5,744.9195556640625,5,47.0,5,286.50376892089844,2,742.9171142578125,1.5593372201269255,1567.1857226652874,1567.1847225453575,1567.1847225453575
Stephenson,9150.0,407292.13898971357,4115393.071299657,888.8400268554688,5,742.9171142578125,5,47.0,5,286.50376892089844,2,742.9171142578125,-4.96198110720801,1547.4803798562416,1547.4789724393695,1547.4789724393695
Stephenson,9200.0,407242.16674436466,4115391.4055581456,887.0,5,734.235107421875,5,56.0,5,308.36981201171875,2,734.235107421875,-5.988627797254775,1543.5613096356203,1543.5602794107435,1543.5602794107435
Stephenson,9250.0,407192.1944990157,4115389.739816634,887.719970703125,5,732.4267578125,5,56.0,5,308.36981201171875,2,732.4267578125,-2.3852923774750785,1538.5544097353647,1538.5519962278015,1538.5519962278015
Stephenson,9300.0,407142.2222536667,4115388.0740751224,887.0,5,730.069580078125,5,56.0,5,331.6191864013672,2,730.069580078125,-3.648610217747429,1532.388924234247,1532.3852341005215,1532.3852341005215
Stephenson,9350.0,407092.25000831776,4115386.4083336107,885.9199829101562,5,726.0501098632812,5,56.0,5,343.5045166015625,3,726.0501098632812,-2.3017477467975627,1526.2234074461423,1526.2186182618445,1526.2186182618445
Stephenson,9400.0,407042.2777629688,4115384.742592099,886.760009765625,5,725.2080688476562,5,56.0,5,343.5045166015625,3,726.0501098632812,1.0903206372648548,1520.0576592658983,1520.0530843688878,1520.0530843688878
Stephenson,9450.0,406992.3055176198,4115383.0768505875,892.52001953125,5,727.9533081054688,5,56.0,5,333.7558898925781,3,727.9533081054688,7.166056278318887,1507.200276124357,1507.1979555105083,1507.1979555105083
Stephenson,9500.0,406942.3332722709,4115381.411109076,903.4400024414062,5,738.6228637695312,5,56.0,5,333.7558898925781,3,738.6228637695312,15.793865215392517,1493.5735912747045,1493.569158441337,1493.569158441337
Stephenson,9550.0,406892.36102692195,4115379.7453675643,920.5999755859375,5,756.2388916015625,5,56.0,5,356.45965576171875,3,756.2388916015625,23.18265168181782,1471.588035956868,1471.5857440995974,1471.5857440995974
Stephenson,9600.0,406842.388781573,4115378.0796260526,945.1599731445312,5,781.4470825195312,5,56.0,5,356.45965576171875,3,781.4470825195312,27.655317681089766,1449.6027601891215,1449.6024093262656,1449.6024093262656
Stephenson,9650.0,406792.416536224,4115376.413884541,971.5599975585938,5,808.640625,5,56.0,5,329.9781188964844,4,808.640625,26.573919026885815,1428.8120937904798,1428.8104664785094,1428.8104664785094
Stephenson,9700.0,406742.44429087505,4115374.7481430294,993.239990234375,5,831.4664306640625,5,56.0,5,335.6611328125,3,831.4664306640625,21.97231941847505,1410.9777069408376,1410.9748407492075,1410.9748407492075
Stephenson,9750.0,406692.4720455261,4115373.0824015173,1009.6799926757812,5,848.987060546875,5,56.0,5,335.6611328125,3,848.987060546875,19.20289282042546,1394.0232538106768,1394.0200217149018,1394.0200217149018
Stephenson,9800.0,406642.4998001771,4115371.4166600057,1025.760009765625,5,866.2957763671875,5,56.0,5,333.71844482421875,3,866.2957763671875,18.642443292671132,1378.2802372775898,1378.2779136571576,1378.2779136571576
Stephenson,9850.0,406592.5275548282,4115369.750918494,1040.800048828125,5,882.7232666015625,5,56.0,5,333.71844482421875,3,882.7232666015625,14.83820784710545,1362.538719904259,1362.535805598946,1362.535805598946
Stephenson,9900.0,406542.55530947924,4115368.0851769825,1049.3199462890625,5,892.7882690429688,5,56.0,5,312.12408447265625,3,892.7882690429688,7.507271791086831,1346.798811818789,1346.793697541202,1346.793697541202
Stephenson,9950.0,406492.5830641303,4115366.419435471,1050.760009765625,5,895.9014282226562,5,56.0,5,312.12408447265625,3,895.9014282226562,1.8736144635651624,1331.0579513920768,1331.0522893557434,1331.0522893557434
Stephenson,10000.0,406442.6108187813,4115364.753693959,1048.9599609375,5,897.2116088867188,5,56.0,5,312.12408447265625,3,896.0595092773438,0.7506352757859623,1312.7296979636799,1312.7246865015748,1312.7246865015748
Stephenson,10050.0,406392.63857343234,4115363.0879524476,1046.3199462890625,5,896.0595092773438,5,56.0,5,337.15277099609375,3,897.2116088867188,0.93646339898798,1298.2573661747267,1298.253095581664,1298.253095581664
Stephenson,10100.0,406342.6663280834,4115361.422210936,1045.5999755859375,5,897.694091796875,5,47.0,5,337.15277099609375,3,897.694091796875,6.378931954596354,1285.0546622311163,1285.0511400074734,1285.0511400074734
Stephenson,10150.0,406292.69408273447,4115359.7564694243,1054.4000244140625,5,908.3911743164062,5,47.0,5,399.8410949707031,3,908.3911743164062,19.538215929062904,1275.1727088631594,1275.1694351276522,1275.1694351276522
Stephenson,10200.0,406242.7218373855,4115358.0907279127,1076.1600341796875,5,933.1810302734375,5,47.0,5,399.8410949707031,3,933.1810302734375,26.21717845261007,1269.5079558345515,1269.504511860759,1269.504511860759
Stephenson,10250.0,406192.74959203653,4115356.424986401,1099.1199951171875,5,957.634521484375,5,47.0,5,403.2933654785156,4,957.634521484375,22.031301795326502,1263.843420167835,1263.8404181940975,1263.8404181940975
Stephenson,10300.0,406142.77734668757,4115354.7592448895,1111.9599609375,5,973.647216796875,5,47.0,5,457.7652282714844,3,973.647216796875,12.175755703314783,1257.6452878631933,1221.078223325172,1221.078223325172
Stephenson,10350.0,406092.8051013386,4115353.093503378,1113.43994140625,5,979.2109985351562,5,47.0,5,457.7652282714844,3,979.2109985351562,4.396731775445423,1244.0573020016934,1199.1525877616307,1199.1525877616307
Stephenson,10400.0,406042.83285598963,4115351.4277618662,1112.8399658203125,5,981.3360595703125,5,47.0,5,425.8415222167969,3,981.3360595703125,4.724105798908121,1233.2193634372416,1215.8394180942496,1215.8394180942496
Stephenson,10450.0,405992.85664541443,4115350.0,1116.43994140625,5,987.474853515625,5,47.0,5,425.8415222167969,3,987.474853515625,13.928862458848581,1256.457063280689,1237.2252892814463,1237.2252892814463
Stephenson,10500.0,405942.85664541443,4115350.0,1134.5999755859375,5,1006.1370239257812,5,47.0,5,412.10308837890625,3,1006.1370239257812,28.847241658609644,1279.3518713228405,1250.8260507076047,1249.9442346706055
Stephenson,10550.0,405892.85664541443,4115350.0,1169.3199462890625,5,1042.5577392578125,5,47.0,5,412.10308837890625,3,1042.5577392578125,34.387072586609875,1299.8335668570362,1234.6729423971847,1234.6729423971847
Stephenson,10600.0,405842.85664541443,4115350.0,1198.9200439453125,5,1074.5753173828125,5,47.0,5,412.10308837890625,3,1074.5753173828125,28.295783938031228,1320.3161847782321,1241.8355179973878,1241.8355179973878
Stephenson,10650.0,405792.85664541443,4115350.0,1217.0799560546875,5,1096.3927001953125,5,47.0,5,376.00531005859375,3,1096.3927001953125,19.953702787369817,1340.797565781977,1250.6574287409894,1250.6574287409894
Stephenson,10700.0,405742.85664541443,4115350.0,1228.3599853515625,5,1110.880859375,5,47.0,5,376.00531005859375,3,1110.880859375,14.626810159545695,1361.2795909917913,1114.9736017785035,1114.9736017785035
Stephenson,10750.0,405692.85664541443,4115350.0,1240.56005859375,5,1122.49072265625,5,47.0,5,438.827880859375,3,1122.49072265625,11.317666140929827,1372.169217351824,1252.5785897164606,1249.2352805454284
Stephenson,10800.0,405642.85664541443,4115350.0,1250.199951171875,5,1130.8948974609375,5,47.0,5,438.827880859375,3,1130.8948974609375,8.58630001444191,1380.0735868155025,1131.350508788135,1131.350508788135
Stephenson,10850.0,405592.85664541443,4115350.0,1256.56005859375,5,1137.58984375,5,47.0,5,438.827880859375,3,1137.58984375,9.022750838068342,1387.976264203433,1138.6200719540939,1138.6200719540939
Stephenson,10900.0,405542.85664541443,4115350.0,1265.0,5,1146.7740478515625,5,47.0,5,609.7155151367188,3,1146.7740478515625,13.424289451186953,1396.6434285240248,1130.1371124978177,1127.7682775319554
Stephenson,10950.0,405492.85664541443,4115350.0,1280.800048828125,5,1161.4580078125,5,47.0,5,609.7155151367188,3,1161.4580078125,22.772833039954556,1404.871288656257,1107.9496290655807,1107.9496290655807
Stephenson,11000.0,405442.85664541443,4115350.0,1307.6800537109375,5,1188.75439453125,5,47.0,5,424.237548828125,3,1188.75439453125,30.52742521944613,1398.4262477890588,1084.9404100226238,1084.9404100226238
Stephenson,11050.0,405392.85664541443,4115350.0,1342.719970703125,5,1220.427001953125,5,47.0,5,424.237548828125,3,1220.427001953125,28.950970140169307,1390.6933780573308,1075.5578769263811,1072.4778210995719
Stephenson,11100.0,405342.85664541443,4115350.0,1367.0799560546875,5,1244.073486328125,5,47.0,5,418.05462646484375,3,1244.073486328125,28.68127559238777,1383.0884311259724,1072.511130916886,1072.5111309173517
Stephenson,11150.0,405292.85664541443,4115350.0,1395.52001953125,5,1275.1329345703125,5,47.0,5,418.05462646484375,3,1275.1329345703125,29.14297474840175,1375.9107353454456,1076.4966920912266,1072.9699875134975
Stephenson,11200.0,405242.85664541443,4115350.0,1422.9599609375,5,1299.8310546875,5,47.0,5,418.05462646484375,3,1299.8310546875,26.4640792926319,1368.7359409085475,1080.4833153523505,1078.431537028402
Stephenson,11250.0,405192.85664541443,4115350.0,1451.199951171875,5,1324.912841796875,5,47.0,5,348.1048583984375,3,1324.912841796875,26.327657128763136,1361.561146472115,1084.4699386144057,1083.8930865437724
Stephenson,11300.0,405142.85664541443,4115350.0,1476.9200439453125,5,1349.314208984375,5,47.0,5,348.1048583984375,3,1349.314208984375,22.026433549643126,1354.386352035217,1088.4565618759952,1088.4565618759952
Stephenson,11350.0,405092.85664541443,4115350.0,1496.1199951171875,5,1365.369140625,5,47.0,5,310.4429626464844,3,1365.369140625,19.771442517657782,1343.8705860697664,1092.4124495112337,1092.4124495112337
Stephenson,11400.0,405042.85664541443,4115350.0,1513.6800537109375,5,1385.2601318359375,5,47.0,5,310.4429626464844,3,1385.2601318359375,18.579248729353292,1333.057173774112,1096.314556944184,1096.314556944184
Stephenson,11450.0,404992.85664541443,4115350.0,1527.56005859375,5,1398.9825439453125,5,47.0,5,310.4429626464844,3,1398.9825439453125,18.218791049121744,1322.243761477992,1100.216664376203,1095.5395173202269
Stephenson,11500.0,404942.85664541443,4115350.0,1540.0,5,1418.1748046875,5,47.0,5,256.7586364746094,3,1418.1748046875,22.850386647598356,1311.1069521266036,1092.7697871979326,1090.5933705358766
Stephenson,11550.0,404892.85664541443,4115350.0,1559.719970703125,5,1441.1221923828125,5,47.0,5,256.7586364746094,3,1441.1221923828125,28.159177749058916,1299.4872293663211,1083.3816285058856,1083.3816285058856
Stephenson,11600.0,404842.85664541443,4115350.0,1582.0400390625,5,1471.70263671875,5,47.0,5,210.10711669921875,3,1471.70263671875,29.807622228749132,1283.110130123794,1073.4867426310666,1069.2291076956317
Stephenson,11650.0,404792.85664541443,4115350.0,1605.0,5,1498.410400390625,5,47.0,5,210.10711669921875,3,1498.410400390625,30.880835256603667,1257.217032552231,1057.201996603515,1056.9037525313906
Stephenson,11700.0,404742.85664541443,4115350.0,1634.1199951171875,5,1531.5059814453125,5,47.0,5,197.2308349609375,3,1531.5059814453125,30.363419474675933,1231.3254729784094,1038.1276506441645,1034.578643350862
Stephenson,11750.0,404692.85664541443,4115350.0,1654.8399658203125,5,1556.9942626953125,5,47.0,5,197.2308349609375,3,1556.9942626953125,30.669462136857415,1205.433913404122,1015.8543549356982,1012.253534170799
Stephenson,11800.0,404642.85664541443,4115350.0,1687.280029296875,5,1590.8095703125,5,47.0,5,197.2308349609375,3,1590.8095703125,33.29585554907492,1176.4313633185811,993.5815287581645,989.9288945216686
Stephenson,11850.0,404592.85664541443,4115350.0,1714.719970703125,5,1622.671630859375,5,40.0,5,154.09422302246094,2,1622.671630859375,33.23527140403427,1142.1185530121438,971.3099226681516,967.6054749605246
Stephenson,11900.0,404542.85664541443,4115350.0,1748.280029296875,5,1656.335693359375,4,40.0,4,154.09422302246094,2,1656.335693359375,35.50455739413083,1107.8057427057065,952.0563089712523,952.0563089712523
Stephenson,11950.0,404492.85664541443,4115350.0,1778.199951171875,5,1694.012939453125,4,40.0,4,157.25194549560547,2,1694.012939453125,35.315094380097385,1073.7460535713471,945.0887172338553,945.0887172338553
Stephenson,12000.0,404442.85664541443,4115350.0,1800.280029296875,5,1727.17919921875,5,40.0,5,157.25194549560547,2,1727.17919921875,34.56689866777572,1040.0098550450057,923.0168579169549,922.4690194395371
Stephenson,12050.0,404392.85664541443,4115350.0,1818.8800048828125,5,1762.9130859375,5,40.0,5,157.25194549560547,2,1762.9130859375,35.728268320763874,1006.2763455668464,900.9458802114241,898.5112492810003
Stephenson,12100.0,404342.85664541443,4115350.0,1841.760009765625,5,1799.111328125,5,30.0,5,100.22474670410156,3,1799.111328125,36.39273455643137,970.1982757337391,970.1986156962812,970.1986156962812
Stephenson,12150.0,404292.85664541443,4115350.0,1876.6800537109375,5,1836.619873046875,5,30.0,5,100.22474670410156,3,1836.619873046875,42.056209305637566,925.5344222588465,349.20056886412203,349.20056886412203
Stephenson,12200.0,404242.85664541443,4115350.0,1916.1600341796875,5,1889.3295288085938,4,30.0,4,114.76905059814453,2,1889.3295288085938,38.45353007790049,881.0678990581073,292.40340669313446,289.0881573106162
Stephenson,12250.0,404192.85664541443,4115350.0,1947.8399658203125,5,1916.0311279296875,5,30.0,5,114.76905059814453,2,1916.0311279296875,22.648057444492906,845.1740065533668,425.94021403510123,425.94021403510123
Stephenson,12300.0,404142.85664541443,4115350.0,1962.3599853515625,5,1931.053955078125,5,30.0,5,121.65936279296875,3,1931.053955078125,13.82128260963314,818.5024172011763,800.9807497020811,800.6922574373893
Stephenson,12350.0,404092.85664541443,4115350.0,1965.56005859375,5,1940.6328735351562,4,30.0,4,120.8380126953125,2,1940.6328735351562,,796.8345739301294,371.4984151464887,371.4984151464887
Stephenson,12400.0,404042.85664541443,4115350.0,1968.47998046875,5,1946.8132934570312,4,30.0,4,120.8380126953125,2,,,780.7421064577065,508.04198514297605,507.82274722121656
