name_1,section,distance_m,offset_m,E,N,surface_m,bed_m
Brown,Behind 2026 front,2215.933954671014,-1500,408577.36864933424,4119131.197784634,329.32000732421875,
Brown,Behind 2026 front,2215.933954671014,-1450,408605.79024283186,4119090.061267729,357.8800048828125,
Brown,Behind 2026 front,2215.933954671014,-1400,408634.2118363294,4119048.924750824,361.5199890136719,
Brown,Behind 2026 front,2215.933954671014,-1350,408662.633429827,4119007.788233919,385.8800048828125,
Brown,Behind 2026 front,2215.933954671014,-1300,408691.05502332456,4118966.6517170146,396.6400146484375,
Brown,Behind 2026 front,2215.933954671014,-1250,408719.4766168221,4118925.5152001097,409.6400146484375,
Brown,Behind 2026 front,2215.933954671014,-1200,408747.89821031975,4118884.3786832048,416.0,
Brown,Behind 2026 front,2215.933954671014,-1150,408776.3198038173,4118843.2421663003,409.44000244140625,
Brown,Behind 2026 front,2215.933954671014,-1100,408804.7413973149,4118802.1056493954,409.0400085449219,
Brown,Behind 2026 front,2215.933954671014,-1050,408833.16299081245,4118760.9691324905,396.32000732421875,
Brown,Behind 2026 front,2215.933954671014,-1000,408861.58458431007,4118719.8326155855,401.6400146484375,
Brown,Behind 2026 front,2215.933954671014,-950,408890.00617780763,4118678.696098681,394.32000732421875,
Brown,Behind 2026 front,2215.933954671014,-900,408918.4277713052,4118637.559581776,393.44000244140625,
Brown,Behind 2026 front,2215.933954671014,-850,408946.84936480277,4118596.423064871,375.1600036621094,
Brown,Behind 2026 front,2215.933954671014,-800,408975.27095830033,4118555.2865479668,363.9599914550781,
Brown,Behind 2026 front,2215.933954671014,-750,409003.69255179795,4118514.150031062,366.55999755859375,
Brown,Behind 2026 front,2215.933954671014,-700,409032.1141452955,4118473.013514157,350.9200134277344,
Brown,Behind 2026 front,2215.933954671014,-650,409060.5357387931,4118431.876997252,348.44000244140625,
Brown,Behind 2026 front,2215.933954671014,-600,409088.95733229065,4118390.7404803475,333.0799865722656,
Brown,Behind 2026 front,2215.933954671014,-550,409117.3789257883,4118349.6039634426,333.0799865722656,
Brown,Behind 2026 front,2215.933954671014,-500,409145.80051928584,4118308.4674465377,313.6000061035156,
Brown,Behind 2026 front,2215.933954671014,-450,409174.2221127834,4118267.3309296328,293.239990234375,
Brown,Behind 2026 front,2215.933954671014,-400,409202.643706281,4118226.1944127283,292.0400085449219,
Brown,Behind 2026 front,2215.933954671014,-350,409231.06529977854,4118185.0578958234,271.3599853515625,
Brown,Behind 2026 front,2215.933954671014,-300,409259.48689327616,4118143.9213789185,271.3599853515625,
Brown,Behind 2026 front,2215.933954671014,-250,409287.9084867737,4118102.784862014,262.2799987792969,216.41688537597656
Brown,Behind 2026 front,2215.933954671014,-200,409316.3300802713,4118061.648345109,268.760009765625,207.84031677246094
Brown,Behind 2026 front,2215.933954671014,-150,409344.75167376886,4118020.511828204,262.239990234375,194.71902465820312
Brown,Behind 2026 front,2215.933954671014,-100,409373.1732672665,4117979.375311299,261.760009765625,196.26309204101562
Brown,Behind 2026 front,2215.933954671014,-50,409401.59486076405,4117938.238794395,269.1199951171875,215.12442016601562
Brown,Behind 2026 front,2215.933954671014,0,409430.0164542616,4117897.10227749,268.6400146484375,232.85263061523438
Brown,Behind 2026 front,2215.933954671014,50,409458.4380477592,4117855.965760585,282.239990234375,261.4056396484375
Brown,Behind 2026 front,2215.933954671014,100,409486.85964125674,4117814.8292436805,297.239990234375,
Brown,Behind 2026 front,2215.933954671014,150,409515.28123475437,4117773.6927267755,320.1600036621094,
Brown,Behind 2026 front,2215.933954671014,200,409543.70282825193,4117732.5562098706,343.20001220703125,
Brown,Behind 2026 front,2215.933954671014,250,409572.1244217495,4117691.4196929657,359.8800048828125,
Brown,Behind 2026 front,2215.933954671014,300,409600.54601524706,4117650.283176061,359.8800048828125,
Brown,Behind 2026 front,2215.933954671014,350,409628.9676087447,4117609.1466591563,376.55999755859375,
Brown,Behind 2026 front,2215.933954671014,400,409657.38920224225,4117568.0101422514,384.5199890136719,
Brown,Behind 2026 front,2215.933954671014,450,409685.8107957398,4117526.873625347,386.20001220703125,
Brown,Behind 2026 front,2215.933954671014,500,409714.2323892374,4117485.737108442,400.55999755859375,
Brown,Behind 2026 front,2215.933954671014,550,409742.65398273495,4117444.600591537,384.2799987792969,
Brown,Behind 2026 front,2215.933954671014,600,409771.0755762326,4117403.464074632,379.67999267578125,
Brown,Behind 2026 front,2215.933954671014,650,409799.49716973014,4117362.3275577277,379.0799865722656,
Brown,Behind 2026 front,2215.933954671014,700,409827.9187632277,4117321.191040823,373.0,
Brown,Behind 2026 front,2215.933954671014,750,409856.34035672527,4117280.054523918,382.79998779296875,
Brown,Behind 2026 front,2215.933954671014,800,409884.7619502229,4117238.918007013,376.67999267578125,
Brown,Behind 2026 front,2215.933954671014,850,409913.18354372046,4117197.7814901085,376.67999267578125,
Brown,Behind 2026 front,2215.933954671014,900,409941.605137218,4117156.6449732035,370.0400085449219,
Brown,Behind 2026 front,2215.933954671014,950,409970.0267307156,4117115.5084562986,378.1600036621094,
Brown,Behind 2026 front,2215.933954671014,1000,409998.44832421315,4117074.371939394,392.9599914550781,
Brown,Behind 2026 front,2215.933954671014,1050,410026.8699177108,4117033.2354224892,369.7200012207031,
Brown,Behind 2026 front,2215.933954671014,1100,410055.29151120834,4116992.0989055843,367.0,
Brown,Behind 2026 front,2215.933954671014,1150,410083.7131047059,4116950.9623886794,359.2799987792969,
Brown,Behind 2026 front,2215.933954671014,1200,410112.1346982035,4116909.825871775,356.6000061035156,
Brown,Behind 2026 front,2215.933954671014,1250,410140.5562917011,4116868.68935487,349.8399963378906,
Brown,Behind 2026 front,2215.933954671014,1300,410168.97788519866,4116827.552837965,349.55999755859375,
Brown,Behind 2026 front,2215.933954671014,1350,410197.3994786962,4116786.4163210606,341.239990234375,
Brown,Behind 2026 front,2215.933954671014,1400,410225.8210721938,4116745.2798041557,335.8800048828125,
Brown,Behind 2026 front,2215.933954671014,1450,410254.24266569136,4116704.143287251,330.6400146484375,
Brown,Behind 2026 front,2215.933954671014,1500,410282.664259189,4116663.006770346,326.6400146484375,
Brown,B2,4100.0,-1500,407082.0457259252,4118718.076342693,548.719970703125,
Brown,B2,4100.0,-1450,407101.79711345804,4118672.1428833143,563.0399780273438,
Brown,B2,4100.0,-1400,407121.54850099084,4118626.209423935,559.6400146484375,
Brown,B2,4100.0,-1350,407141.29988852364,4118580.2759645563,571.4400024414062,
Brown,B2,4100.0,-1300,407161.0512760565,4118534.342505177,580.3200073242188,
Brown,B2,4100.0,-1250,407180.8026635893,4118488.409045798,566.52001953125,
Brown,B2,4100.0,-1200,407200.55405112216,4118442.475586419,572.280029296875,
Brown,B2,4100.0,-1150,407220.30543865496,4118396.5421270397,561.9600219726562,
Brown,B2,4100.0,-1100,407240.05682618776,4118350.608667661,570.47998046875,
Brown,B2,4100.0,-1050,407259.8082137206,4118304.6752082817,582.3599853515625,
Brown,B2,4100.0,-1000,407279.5596012534,4118258.7417489025,592.1199951171875,
Brown,B2,4100.0,-950,407299.3109887863,4118212.8082895237,599.9199829101562,
Brown,B2,4100.0,-900,407319.0623763191,4118166.8748301445,605.719970703125,
Brown,B2,4100.0,-850,407338.8137638519,4118120.941370765,607.2000122070312,
Brown,B2,4100.0,-800,407358.56515138474,4118075.0079113864,611.4000244140625,
Brown,B2,4100.0,-750,407378.31653891754,4118029.074452007,607.0800170898438,
Brown,B2,4100.0,-700,407398.06792645034,4117983.1409926284,611.4000244140625,524.3613891601562
Brown,B2,4100.0,-650,407417.8193139832,4117937.207533249,619.47998046875,509.87310791015625
Brown,B2,4100.0,-600,407437.570701516,4117891.27407387,618.4400024414062,508.12646484375
Brown,B2,4100.0,-550,407457.32208904886,4117845.340614491,618.4400024414062,508.12646484375
Brown,B2,4100.0,-500,407477.07347658166,4117799.407155112,621.0399780273438,490.185546875
Brown,B2,4100.0,-450,407496.82486411446,4117753.473695733,631.760009765625,493.5766296386719
Brown,B2,4100.0,-400,407516.5762516473,4117707.540236354,641.5599975585938,501.0416259765625
Brown,B2,4100.0,-350,407536.3276391801,4117661.6067769746,646.719970703125,493.9971923828125
Brown,B2,4100.0,-300,407556.079026713,4117615.673317596,655.1599731445312,515.779296875
Brown,B2,4100.0,-250,407575.8304142458,4117569.7398582166,662.239990234375,537.24365234375
Brown,B2,4100.0,-200,407595.5818017786,4117523.8063988374,670.280029296875,557.1331787109375
Brown,B2,4100.0,-150,407615.33318931144,4117477.8729394586,675.3599853515625,573.8010864257812
Brown,B2,4100.0,-100,407635.08457684424,4117431.9394800793,678.8400268554688,585.1522827148438
Brown,B2,4100.0,-50,407654.8359643771,4117386.0060207006,682.8400268554688,614.5242309570312
Brown,B2,4100.0,0,407674.5873519099,4117340.0725613213,686.8400268554688,611.3062744140625
Brown,B2,4100.0,50,407694.3387394427,4117294.139101942,686.8400268554688,611.3062744140625
Brown,B2,4100.0,100,407714.09012697556,4117248.2056425633,697.6799926757812,597.7220458984375
Brown,B2,4100.0,150,407733.84151450836,4117202.272183184,700.1199951171875,583.9293212890625
Brown,B2,4100.0,200,407753.5929020412,4117156.3387238053,701.8800048828125,585.9068603515625
Brown,B2,4100.0,250,407773.344289574,4117110.405264426,695.8800048828125,579.1482543945312
Brown,B2,4100.0,300,407793.0956771068,4117064.471805047,697.0399780273438,574.1155395507812
Brown,B2,4100.0,350,407812.8470646397,4117018.538345668,700.8400268554688,569.9027099609375
Brown,B2,4100.0,400,407832.5984521725,4116972.6048862888,694.0800170898438,
Brown,B2,4100.0,450,407852.34983970533,4116926.6714269095,697.6799926757812,
Brown,B2,4100.0,500,407872.10122723813,4116880.7379675307,691.9600219726562,
Brown,B2,4100.0,550,407891.85261477093,4116834.8045081515,696.6799926757812,
Brown,B2,4100.0,600,407911.6040023038,4116788.8710487727,700.8400268554688,
Brown,B2,4100.0,650,407931.3553898366,4116742.9375893935,692.8800048828125,
Brown,B2,4100.0,700,407951.10677736945,4116697.004130014,695.5599975585938,
Brown,B2,4100.0,750,407970.85816490225,4116651.0706706354,688.9199829101562,
Brown,B2,4100.0,800,407990.60955243505,4116605.137211256,690.4400024414062,
Brown,B2,4100.0,850,408010.3609399679,4116559.2037518774,691.760009765625,
Brown,B2,4100.0,900,408030.1123275007,4116513.270292498,683.1199951171875,
Brown,B2,4100.0,950,408049.8637150335,4116467.336833119,684.5599975585938,
Brown,B2,4100.0,1000,408069.6151025664,4116421.40337374,676.3200073242188,
Brown,B2,4100.0,1050,408089.3664900992,4116375.469914361,679.5599975585938,
Brown,B2,4100.0,1100,408109.11787763203,4116329.5364549817,684.2000122070312,
Brown,B2,4100.0,1150,408128.86926516483,4116283.602995603,676.1599731445312,
Brown,B2,4100.0,1200,408148.62065269763,4116237.6695362236,683.6400146484375,
Brown,B2,4100.0,1250,408168.3720402305,4116191.736076845,691.6400146484375,
Brown,B2,4100.0,1300,408188.1234277633,4116145.8026174656,675.1599731445312,
Brown,B2,4100.0,1350,408207.87481529615,4116099.8691580864,679.8800048828125,
Brown,B2,4100.0,1400,408227.62620282895,4116053.9356987076,663.719970703125,
Brown,B2,4100.0,1450,408247.37759036175,4116008.0022393283,663.9199829101562,
Brown,B2,4100.0,1500,408267.1289778946,4115962.0687799496,662.6400146484375,
Brown,Context 1,3253.0,-1500,408310.55023591476,4119028.0274257516,444.1600036621094,
Brown,Context 1,3253.0,-1450,408316.5074969458,4118978.3835838274,453.9200134277344,
Brown,Context 1,3253.0,-1400,408322.4647579768,4118928.739741903,456.3599853515625,
Brown,Context 1,3253.0,-1350,408328.4220190078,4118879.0958999787,460.5199890136719,
Brown,Context 1,3253.0,-1300,408334.3792800388,4118829.4520580545,462.7200012207031,
Brown,Context 1,3253.0,-1250,408340.33654106985,4118779.80821613,464.3599853515625,
Brown,Context 1,3253.0,-1200,408346.2938021009,4118730.1643742057,469.7200012207031,
Brown,Context 1,3253.0,-1150,408352.2510631319,4118680.520532281,473.0400085449219,
Brown,Context 1,3253.0,-1100,408358.20832416293,4118630.876690357,471.3599853515625,
Brown,Context 1,3253.0,-1050,408364.16558519396,4118581.2328484324,472.6000061035156,
Brown,Context 1,3253.0,-1000,408370.122846225,4118531.5890065082,469.6000061035156,
Brown,Context 1,3253.0,-950,408376.080107256,4118481.945164584,472.55999755859375,
Brown,Context 1,3253.0,-900,408382.03736828704,4118432.3013226595,476.3999938964844,
Brown,Context 1,3253.0,-850,408387.99462931807,4118382.6574807353,484.7200012207031,
Brown,Context 1,3253.0,-800,408393.95189034904,4118333.0136388107,500.32000732421875,
Brown,Context 1,3253.0,-750,408399.90915138007,4118283.3697968866,522.8400268554688,
Brown,Context 1,3253.0,-700,408405.8664124111,4118233.7259549624,546.4400024414062,443.9590148925781
Brown,Context 1,3253.0,-650,408411.8236734421,4118184.082113038,560.9199829101562,425.69342041015625
Brown,Context 1,3253.0,-600,408417.78093447315,4118134.4382711137,562.9199829101562,410.4620666503906
Brown,Context 1,3253.0,-550,408423.7381955042,4118084.794429189,536.3599853515625,386.393310546875
Brown,Context 1,3253.0,-500,408429.6954565352,4118035.150587265,528.0399780273438,377.1978759765625
Brown,Context 1,3253.0,-450,408435.65271756623,4117985.506745341,518.719970703125,367.59674072265625
Brown,Context 1,3253.0,-400,408441.60997859726,4117935.862903416,509.20001220703125,345.92071533203125
Brown,Context 1,3253.0,-350,408447.5672396283,4117886.219061492,500.3599853515625,337.0731201171875
Brown,Context 1,3253.0,-300,408453.5245006593,4117836.5752195674,492.0400085449219,328.7576599121094
Brown,Context 1,3253.0,-250,408459.4817616903,4117786.9313776433,485.239990234375,322.00115966796875
Brown,Context 1,3253.0,-200,408465.4390227213,4117737.287535719,482.9599914550781,320.1228942871094
Brown,Context 1,3253.0,-150,408471.39628375234,4117687.6436937945,468.5199890136719,306.6496276855469
Brown,Context 1,3253.0,-100,408477.3535447834,4117637.9998518704,467.1199951171875,307.298583984375
Brown,Context 1,3253.0,-50,408483.3108058144,4117588.3560099457,467.1199951171875,305.8887939453125
Brown,Context 1,3253.0,0,408489.2680668454,4117538.7121680216,470.8399963378906,338.023681640625
Brown,Context 1,3253.0,50,408495.22532787645,4117489.0683260974,479.3599853515625,380.180419921875
Brown,Context 1,3253.0,100,408501.1825889075,4117439.424484173,492.3999938964844,395.93505859375
Brown,Context 1,3253.0,150,408507.1398499385,4117389.7806422487,510.79998779296875,420.5185852050781
Brown,Context 1,3253.0,200,408513.09711096954,4117340.136800324,536.6400146484375,447.920166015625
Brown,Context 1,3253.0,250,408519.05437200057,4117290.4929584,565.1199951171875,498.9822998046875
Brown,Context 1,3253.0,300,408525.01163303154,4117240.849116476,579.6799926757812,516.9573974609375
Brown,Context 1,3253.0,350,408530.96889406256,4117191.205274551,585.6799926757812,
Brown,Context 1,3253.0,400,408536.9261550936,4117141.561432627,584.4000244140625,
Brown,Context 1,3253.0,450,408542.8834161246,4117091.9175907024,590.239990234375,
Brown,Context 1,3253.0,500,408548.84067715565,4117042.2737487783,596.0399780273438,
Brown,Context 1,3253.0,550,408554.7979381867,4116992.629906854,599.760009765625,
Brown,Context 1,3253.0,600,408560.7551992177,4116942.9860649295,599.760009765625,
Brown,Context 1,3253.0,650,408566.71246024873,4116893.3422230054,602.719970703125,
Brown,Context 1,3253.0,700,408572.66972127976,4116843.6983810808,602.1199951171875,
Brown,Context 1,3253.0,750,408578.6269823108,4116794.0545391566,602.760009765625,
Brown,Context 1,3253.0,800,408584.5842433418,4116744.4106972325,602.7999877929688,
Brown,Context 1,3253.0,850,408590.5415043728,4116694.766855308,602.0399780273438,
Brown,Context 1,3253.0,900,408596.4987654038,4116645.1230133837,600.4000244140625,
Brown,Context 1,3253.0,950,408602.45602643484,4116595.479171459,598.0800170898438,
Brown,Context 1,3253.0,1000,408608.41328746587,4116545.835329535,594.0,
Brown,Context 1,3253.0,1050,408614.3705484969,4116496.191487611,588.1599731445312,
Brown,Context 1,3253.0,1100,408620.3278095279,4116446.547645686,571.8800048828125,
Brown,Context 1,3253.0,1150,408626.28507055895,4116396.903803762,564.0,
Brown,Context 1,3253.0,1200,408632.24233159,4116347.2599618374,559.3599853515625,
Brown,Context 1,3253.0,1250,408638.199592621,4116297.6161199133,559.1199951171875,
Brown,Context 1,3253.0,1300,408644.15685365204,4116247.9722779887,562.0800170898438,
Brown,Context 1,3253.0,1350,408650.11411468306,4116198.3284360645,567.4400024414062,
Brown,Context 1,3253.0,1400,408656.07137571403,4116148.6845941404,573.760009765625,
Brown,Context 1,3253.0,1450,408662.02863674506,4116099.040752216,580.5599975585938,
Brown,Context 1,3253.0,1500,408667.9858977761,4116049.3969102916,586.7999877929688,
Stephenson,Behind 2026 front,6905.068257165021,-1500,409179.09804097685,4117323.6850925535,501.44000244140625,
Stephenson,Behind 2026 front,6905.068257165021,-1450,409189.2957536823,4117274.7360715666,511.8399963378906,
Stephenson,Behind 2026 front,6905.068257165021,-1400,409199.4934663878,4117225.7870505797,526.52001953125,
Stephenson,Behind 2026 front,6905.068257165021,-1350,409209.69117909326,4117176.8380295928,533.1199951171875,
Stephenson,Behind 2026 front,6905.068257165021,-1300,409219.88889179874,4117127.889008606,528.2000122070312,
Stephenson,Behind 2026 front,6905.068257165021,-1250,409230.0866045042,4117078.939987619,521.0399780273438,
Stephenson,Behind 2026 front,6905.068257165021,-1200,409240.2843172097,4117029.990966632,515.7999877929688,
Stephenson,Behind 2026 front,6905.068257165021,-1150,409250.48202991515,4116981.041945645,509.20001220703125,
Stephenson,Behind 2026 front,6905.068257165021,-1100,409260.6797426206,4116932.092924658,501.55999755859375,
Stephenson,Behind 2026 front,6905.068257165021,-1050,409270.8774553261,4116883.1439036713,484.3599853515625,
Stephenson,Behind 2026 front,6905.068257165021,-1000,409281.07516803156,4116834.1948826844,480.0,
Stephenson,Behind 2026 front,6905.068257165021,-950,409291.27288073703,4116785.2458616975,485.4800109863281,
Stephenson,Behind 2026 front,6905.068257165021,-900,409301.4705934425,4116736.2968407106,494.760009765625,
Stephenson,Behind 2026 front,6905.068257165021,-850,409311.66830614797,4116687.3478197237,500.79998779296875,
Stephenson,Behind 2026 front,6905.068257165021,-800,409321.86601885344,4116638.3987987367,492.9200134277344,
Stephenson,Behind 2026 front,6905.068257165021,-750,409332.0637315589,4116589.44977775,495.0400085449219,
Stephenson,Behind 2026 front,6905.068257165021,-700,409342.2614442644,4116540.500756763,496.9599914550781,
Stephenson,Behind 2026 front,6905.068257165021,-650,409352.45915696985,4116491.551735776,496.67999267578125,
Stephenson,Behind 2026 front,6905.068257165021,-600,409362.6568696753,4116442.602714789,495.1600036621094,
Stephenson,Behind 2026 front,6905.068257165021,-550,409372.8545823808,4116393.653693802,478.239990234375,
Stephenson,Behind 2026 front,6905.068257165021,-500,409383.05229508627,4116344.7046728153,476.20001220703125,
Stephenson,Behind 2026 front,6905.068257165021,-450,409393.25000779174,4116295.7556518284,473.3599853515625,372.76513671875
Stephenson,Behind 2026 front,6905.068257165021,-400,409403.4477204972,4116246.8066308415,468.4800109863281,354.9049987792969
Stephenson,Behind 2026 front,6905.068257165021,-350,409413.6454332027,4116197.8576098545,461.6400146484375,351.06256103515625
Stephenson,Behind 2026 front,6905.068257165021,-300,409423.84314590815,4116148.9085888676,438.9599914550781,328.4617004394531
Stephenson,Behind 2026 front,6905.068257165021,-250,409434.0408586136,4116099.9595678807,432.6000061035156,323.0345764160156
Stephenson,Behind 2026 front,6905.068257165021,-200,409444.2385713191,4116051.010546894,426.239990234375,318.61395263671875
Stephenson,Behind 2026 front,6905.068257165021,-150,409454.43628402456,4116002.061525907,419.67999267578125,314.68853759765625
Stephenson,Behind 2026 front,6905.068257165021,-100,409464.63399673003,4115953.11250492,413.0400085449219,308.01226806640625
Stephenson,Behind 2026 front,6905.068257165021,-50,409474.8317094355,4115904.163483933,398.20001220703125,307.99945068359375
Stephenson,Behind 2026 front,6905.068257165021,0,409485.029422141,4115855.214462946,390.3599853515625,311.974609375
Stephenson,Behind 2026 front,6905.068257165021,50,409495.22713484644,4115806.2654419593,381.3599853515625,321.96337890625
Stephenson,Behind 2026 front,6905.068257165021,100,409505.4248475519,4115757.3164209723,372.0,310.8536376953125
Stephenson,Behind 2026 front,6905.068257165021,150,409515.6225602574,4115708.3673999854,363.20001220703125,300.9053955078125
Stephenson,Behind 2026 front,6905.068257165021,200,409525.82027296285,4115659.4183789985,350.32000732421875,289.77423095703125
Stephenson,Behind 2026 front,6905.068257165021,250,409536.0179856683,4115610.4693580116,343.239990234375,279.05401611328125
Stephenson,Behind 2026 front,6905.068257165021,300,409546.2156983738,4115561.5203370247,335.1199951171875,
Stephenson,Behind 2026 front,6905.068257165021,350,409556.41341107927,4115512.571316038,325.0400085449219,
Stephenson,Behind 2026 front,6905.068257165021,400,409566.61112378474,4115463.622295051,313.3599853515625,
Stephenson,Behind 2026 front,6905.068257165021,450,409576.8088364902,4115414.673274064,304.5199890136719,
Stephenson,Behind 2026 front,6905.068257165021,500,409587.0065491957,4115365.724253077,298.760009765625,
Stephenson,Behind 2026 front,6905.068257165021,550,409597.20426190115,4115316.77523209,294.8399963378906,
Stephenson,Behind 2026 front,6905.068257165021,600,409607.4019746066,4115267.8262111032,292.8800048828125,
Stephenson,Behind 2026 front,6905.068257165021,650,409617.5996873121,4115218.8771901163,293.5199890136719,
Stephenson,Behind 2026 front,6905.068257165021,700,409627.79740001756,4115169.9281691294,288.32000732421875,
Stephenson,Behind 2026 front,6905.068257165021,750,409637.99511272303,4115120.9791481425,286.55999755859375,
Stephenson,Behind 2026 front,6905.068257165021,800,409648.1928254285,4115072.0301271556,283.6000061035156,
Stephenson,Behind 2026 front,6905.068257165021,850,409658.390538134,4115023.0811061687,279.32000732421875,
Stephenson,Behind 2026 front,6905.068257165021,900,409668.58825083944,4114974.132085182,273.67999267578125,
Stephenson,Behind 2026 front,6905.068257165021,950,409678.7859635449,4114925.183064195,266.8399963378906,
Stephenson,Behind 2026 front,6905.068257165021,1000,409688.9836762504,4114876.234043208,260.79998779296875,
Stephenson,Behind 2026 front,6905.068257165021,1050,409699.18138895585,4114827.285022221,255.8000030517578,
Stephenson,Behind 2026 front,6905.068257165021,1100,409709.3791016613,4114778.336001234,252.9199981689453,
Stephenson,Behind 2026 front,6905.068257165021,1150,409719.5768143668,4114729.386980247,254.32000732421875,
Stephenson,Behind 2026 front,6905.068257165021,1200,409729.77452707227,4114680.4379592603,256.32000732421875,
Stephenson,Behind 2026 front,6905.068257165021,1250,409739.97223977774,4114631.4889382734,259.44000244140625,
Stephenson,Behind 2026 front,6905.068257165021,1300,409750.1699524832,4114582.5399172865,262.3599853515625,
Stephenson,Behind 2026 front,6905.068257165021,1350,409760.3676651887,4114533.5908962996,265.20001220703125,
Stephenson,Behind 2026 front,6905.068257165021,1400,409770.56537789415,4114484.6418753127,269.9200134277344,
Stephenson,Behind 2026 front,6905.068257165021,1450,409780.7630905996,4114435.6928543258,277.1199951171875,
Stephenson,Behind 2026 front,6905.068257165021,1500,409790.9608033051,4114386.743833339,282.9599914550781,
Stephenson,S1,6600.0,-1500,410030.9174752313,4117365.537720036,335.8399963378906,
Stephenson,S1,6600.0,-1450,410022.6975258657,4117316.2180238445,336.6400146484375,
Stephenson,S1,6600.0,-1400,410014.4775765001,4117266.898327653,347.8399963378906,
Stephenson,S1,6600.0,-1350,410006.2576271345,4117217.5786314616,348.20001220703125,
Stephenson,S1,6600.0,-1300,409998.0376777689,4117168.25893527,354.6000061035156,
Stephenson,S1,6600.0,-1250,409989.8177284033,4117118.939239078,378.1600036621094,
Stephenson,S1,6600.0,-1200,409981.5977790377,4117069.619542887,392.9599914550781,
Stephenson,S1,6600.0,-1150,409973.3778296721,4117020.2998466953,381.1199951171875,
Stephenson,S1,6600.0,-1100,409965.15788030653,4116970.9801505036,388.0799865722656,
Stephenson,S1,6600.0,-1050,409956.93793094094,4116921.660454312,382.20001220703125,
Stephenson,S1,6600.0,-1000,409948.71798157535,4116872.3407581206,375.1600036621094,
Stephenson,S1,6600.0,-950,409940.49803220975,4116823.021061929,365.760009765625,
Stephenson,S1,6600.0,-900,409932.2780828442,4116773.7013657372,348.44000244140625,
Stephenson,S1,6600.0,-850,409924.0581334786,4116724.381669546,347.79998779296875,
Stephenson,S1,6600.0,-800,409915.83818411303,4116675.0619733543,350.0,
Stephenson,S1,6600.0,-750,409907.61823474744,4116625.7422771626,349.239990234375,
Stephenson,S1,6600.0,-700,409899.39828538185,4116576.4225809714,348.1600036621094,
Stephenson,S1,6600.0,-650,409891.17833601625,4116527.1028847797,346.2799987792969,
Stephenson,S1,6600.0,-600,409882.95838665066,4116477.783188588,343.6000061035156,
Stephenson,S1,6600.0,-550,409874.73843728506,4116428.4634923968,340.32000732421875,
Stephenson,S1,6600.0,-500,409866.5184879195,4116379.143796205,342.20001220703125,
Stephenson,S1,6600.0,-450,409858.2985385539,4116329.8241000134,340.20001220703125,
Stephenson,S1,6600.0,-400,409850.0785891883,4116280.504403822,338.6000061035156,
Stephenson,S1,6600.0,-350,409841.8586398227,4116231.1847076304,337.3599853515625,
Stephenson,S1,6600.0,-300,409833.63869045716,4116181.8650114387,337.8399963378906,
Stephenson,S1,6600.0,-250,409825.41874109156,4116132.545315247,340.6000061035156,233.87510681152344
Stephenson,S1,6600.0,-200,409817.19879172597,4116083.225619056,359.8399963378906,259.1275329589844
Stephenson,S1,6600.0,-150,409808.9788423604,4116033.905922864,369.5199890136719,291.9203796386719
Stephenson,S1,6600.0,-100,409800.7588929948,4115984.5862266724,376.3999938964844,312.9638671875
Stephenson,S1,6600.0,-50,409792.5389436292,4115935.266530481,378.4800109863281,317.3814392089844
Stephenson,S1,6600.0,0,409784.3189942636,4115885.9468342895,374.0799865722656,315.71746826171875
Stephenson,S1,6600.0,50,409776.099044898,4115836.627138098,361.8399963378906,305.3594665527344
Stephenson,S1,6600.0,100,409767.8790955324,4115787.3074419065,342.6000061035156,
Stephenson,S1,6600.0,150,409759.6591461668,4115737.987745715,333.2799987792969,
Stephenson,S1,6600.0,200,409751.4391968012,4115688.668049523,329.67999267578125,
Stephenson,S1,6600.0,250,409743.2192474356,4115639.348353332,328.0400085449219,
Stephenson,S1,6600.0,300,409734.99929807003,4115590.02865714,325.0,
Stephenson,S1,6600.0,350,409726.7793487045,4115540.7089609485,318.3599853515625,
Stephenson,S1,6600.0,400,409718.5593993389,4115491.389264757,309.760009765625,
Stephenson,S1,6600.0,450,409710.3394499733,4115442.0695685656,302.4800109863281,
Stephenson,S1,6600.0,500,409702.1195006077,4115392.749872374,298.2799987792969,
Stephenson,S1,6600.0,550,409693.8995512421,4115343.430176182,298.2799987792969,
Stephenson,S1,6600.0,600,409685.67960187653,4115294.110479991,294.32000732421875,
Stephenson,S1,6600.0,650,409677.45965251094,4115244.7907837993,289.1600036621094,
Stephenson,S1,6600.0,700,409669.23970314534,4115195.4710876076,283.9200134277344,
Stephenson,S1,6600.0,750,409661.01975377975,4115146.1513914163,288.32000732421875,
Stephenson,S1,6600.0,800,409652.79980441416,4115096.8316952246,286.55999755859375,
Stephenson,S1,6600.0,850,409644.57985504856,4115047.511999033,283.6000061035156,
Stephenson,S1,6600.0,900,409636.35990568297,4114998.1923028417,279.32000732421875,
Stephenson,S1,6600.0,950,409628.13995631743,4114948.87260665,273.67999267578125,
Stephenson,S1,6600.0,1000,409619.92000695184,4114899.5529104583,266.8399963378906,
Stephenson,S1,6600.0,1050,409611.70005758625,4114850.233214267,260.3599853515625,
Stephenson,S1,6600.0,1100,409603.48010822065,4114800.9135180754,254.36000061035156,
Stephenson,S1,6600.0,1150,409595.26015885506,4114751.5938218837,251.8000030517578,
Stephenson,S1,6600.0,1200,409587.04020948947,4114702.274125692,253.1199951171875,
Stephenson,S1,6600.0,1250,409578.8202601239,4114652.9544295007,257.1199951171875,
Stephenson,S1,6600.0,1300,409570.6003107583,4114603.634733309,260.760009765625,
Stephenson,S1,6600.0,1350,409562.3803613927,4114554.3150371173,258.4800109863281,
Stephenson,S1,6600.0,1400,409554.1604120271,4114504.995340926,258.3999938964844,
Stephenson,S1,6600.0,1450,409545.9404626615,4114455.6756447344,265.20001220703125,
Stephenson,S1,6600.0,1500,409537.7205132959,4114406.3559485427,281.6400146484375,
Stephenson,S2,9100.0,-1500,407292.1389897139,4116893.9044016376,777.719970703125,
Stephenson,S2,9100.0,-1450,407293.80473122554,4116843.9321562885,792.0399780273438,
Stephenson,S2,9100.0,-1400,407295.47047273716,4116793.9599109394,805.9199829101562,
Stephenson,S2,9100.0,-1350,407297.1362142488,4116743.987665591,819.1599731445312,
Stephenson,S2,9100.0,-1300,407298.8019557604,4116694.0154202417,830.5599975585938,
Stephenson,S2,9100.0,-1250,407300.467697272,4116644.0431748927,840.239990234375,
Stephenson,S2,9100.0,-1200,407302.13343878364,4116594.070929544,848.1599731445312,
Stephenson,S2,9100.0,-1150,407303.79918029526,4116544.098684195,855.3599853515625,
Stephenson,S2,9100.0,-1100,407305.4649218069,4116494.126438846,862.1199951171875,
Stephenson,S2,9100.0,-1050,407307.1306633185,4116444.154193497,868.7999877929688,
Stephenson,S2,9100.0,-1000,407308.7964048301,4116394.181948148,874.760009765625,
Stephenson,S2,9100.0,-950,407310.46214634174,4116344.209702799,878.8800048828125,
Stephenson,S2,9100.0,-900,407312.12788785336,4116294.23745745,879.9199829101562,
Stephenson,S2,9100.0,-850,407313.793629365,4116244.265212101,880.0800170898438,
Stephenson,S2,9100.0,-800,407315.4593708766,4116194.2929667523,881.8400268554688,
Stephenson,S2,9100.0,-750,407317.1251123882,4116144.320721403,885.0800170898438,
Stephenson,S2,9100.0,-700,407318.79085389985,4116094.348476054,888.2000122070312,
Stephenson,S2,9100.0,-650,407320.45659541147,4116044.3762307055,874.9600219726562,739.9688720703125
Stephenson,S2,9100.0,-600,407322.1223369231,4115994.4039853564,880.47998046875,744.1264038085938
Stephenson,S2,9100.0,-550,407323.7880784347,4115944.4317400074,887.8400268554688,751.2110595703125
Stephenson,S2,9100.0,-500,407325.4538199463,4115894.4594946583,893.760009765625,753.5426025390625
Stephenson,S2,9100.0,-450,407327.11956145795,4115844.4872493097,895.9600219726562,755.4237670898438
Stephenson,S2,9100.0,-400,407328.78530296957,4115794.5150039606,895.8800048828125,757.1472778320312
Stephenson,S2,9100.0,-350,407330.4510444812,4115744.5427586115,894.6400146484375,757.1194458007812
Stephenson,S2,9100.0,-300,407332.1167859928,4115694.5705132624,892.2000122070312,754.2459106445312
Stephenson,S2,9100.0,-250,407333.78252750443,4115644.598267914,889.0800170898438,751.8663940429688
Stephenson,S2,9100.0,-200,407335.44826901605,4115594.6260225647,886.5999755859375,748.8646850585938
Stephenson,S2,9100.0,-150,407337.1140105277,4115544.6537772156,885.9199829101562,748.1846923828125
Stephenson,S2,9100.0,-100,407338.7797520393,4115494.6815318665,887.0399780273438,747.2371215820312
Stephenson,S2,9100.0,-50,407340.4454935509,4115444.709286518,888.5999755859375,747.0510864257812
Stephenson,S2,9100.0,0,407342.11123506253,4115394.737041169,888.9600219726562,744.9195556640625
Stephenson,S2,9100.0,50,407343.77697657415,4115344.7647958198,887.5599975585938,739.2212524414062
Stephenson,S2,9100.0,100,407345.4427180858,4115294.792550471,885.9600219726562,732.8963012695312
Stephenson,S2,9100.0,150,407347.1084595974,4115244.820305122,886.7999877929688,732.5178833007812
Stephenson,S2,9100.0,200,407348.774201109,4115194.848059773,892.4000244140625,733.3865966796875
Stephenson,S2,9100.0,250,407350.43994262064,4115144.875814424,901.3200073242188,742.3125
Stephenson,S2,9100.0,300,407352.10568413226,4115094.9035690753,908.3599853515625,749.7022705078125
Stephenson,S2,9100.0,350,407353.7714256439,4115044.931323726,911.719970703125,753.2831420898438
Stephenson,S2,9100.0,400,407355.4371671555,4114994.959078377,911.2000122070312,753.0491333007812
Stephenson,S2,9100.0,450,407357.1029086671,4114944.986833028,907.8800048828125,750.0771484375
Stephenson,S2,9100.0,500,407358.76865017874,4114895.0145876794,902.3200073242188,744.900634765625
Stephenson,S2,9100.0,550,407360.43439169036,4114845.0423423303,894.760009765625,737.8231201171875
Stephenson,S2,9100.0,600,407362.100133202,4114795.0700969812,886.52001953125,730.1264038085938
Stephenson,S2,9100.0,650,407363.7658747136,4114745.097851632,878.9600219726562,723.16357421875
Stephenson,S2,9100.0,700,407365.4316162252,4114695.1256062835,873.0,715.3265991210938
Stephenson,S2,9100.0,750,407367.09735773684,4114645.1533609345,868.4000244140625,711.5831298828125
Stephenson,S2,9100.0,800,407368.76309924846,4114595.1811155854,865.52001953125,709.5568237304688
Stephenson,S2,9100.0,850,407370.4288407601,4114545.2088702368,856.2000122070312,710.31787109375
Stephenson,S2,9100.0,900,407372.0945822717,4114495.2366248877,858.3200073242188,
Stephenson,S2,9100.0,950,407373.7603237833,4114445.2643795386,858.9600219726562,
Stephenson,S2,9100.0,1000,407375.42606529495,4114395.2921341895,856.5999755859375,
Stephenson,S2,9100.0,1050,407377.09180680657,4114345.319888841,850.3599853515625,
Stephenson,S2,9100.0,1100,407378.7575483182,4114295.347643492,841.280029296875,
Stephenson,S2,9100.0,1150,407380.4232898298,4114245.3753981427,832.280029296875,
Stephenson,S2,9100.0,1200,407382.0890313414,4114195.4031527936,826.3200073242188,
Stephenson,S2,9100.0,1250,407383.75477285305,4114145.430907445,823.52001953125,
Stephenson,S2,9100.0,1300,407385.42051436467,4114095.458662096,823.2000122070312,
Stephenson,S2,9100.0,1350,407387.0862558763,4114045.486416747,825.0,
Stephenson,S2,9100.0,1400,407388.7519973879,4113995.5141713982,829.5999755859375,
Stephenson,S2,9100.0,1450,407390.41773889953,4113945.541926049,839.0,
Stephenson,S2,9100.0,1500,407392.08348041115,4113895.5696807,849.1599731445312,
