Point Name,Date and Time (UTC),Stored Status,Ambiguity Status,E,N,ellipsoid_height_m,Pos Qlty,Hgt Qlty,Pos+Ht Qlty,approx_asl_m
LagoonE,12/25/2003 03:25:20,yes,yes,411117.2841,4118457.7846,40.6139,0.0012,0.0016,0.002,0.613900000000001
10431225_1133000,12/25/2003 03:33:00,yes,yes,411117.1784,4118458.1281,40.6224,0.0045,0.0061,0.0076,0.622399999999999
10431225_1133050,12/25/2003 03:33:05,yes,yes,411117.264,4118458.3964,40.6444,0.0033,0.0045,0.0056,0.6443999999999974
10431225_1133100,12/25/2003 03:33:10,yes,yes,411117.283,4118458.7642,40.6261,0.0043,0.0058,0.0072,0.626100000000001
10431225_1133150,12/25/2003 03:33:15,yes,yes,411116.917,4118461.4982,40.6018,0.0029,0.0039,0.0049,0.6017999999999972
10431225_1133200,12/25/2003 03:33:20,yes,yes,411116.594,4118463.6721,40.5825,0.0031,0.0042,0.0052,0.5825000000000031
10431225_1133250,12/25/2003 03:33:25,yes,yes,411116.6311,4118466.7716,40.5623,0.0048,0.0065,0.0081,0.5623000000000005
10431225_1133300,12/25/2003 03:33:30,yes,yes,411116.625,4118470.4271,40.5675,0.0042,0.0056,0.007,0.5675000000000026
10431225_1133350,12/25/2003 03:33:35,yes,yes,411114.0992,4118472.3881,40.6204,0.0047,0.0064,0.0079,0.6203999999999965
10431225_1133400,12/25/2003 03:33:40,yes,yes,411111.7451,4118475.1638,40.582,0.0043,0.0058,0.0072,0.5820000000000007
10431225_1133450,12/25/2003 03:33:45,yes,yes,411109.4322,4118477.9825,40.5939,0.0037,0.005,0.0062,0.5938999999999979
10431225_1133500,12/25/2003 03:33:50,yes,yes,411107.0958,4118481.3048,40.6094,0.003,0.0041,0.005,0.6094000000000008
10431225_1133550,12/25/2003 03:33:55,yes,yes,411103.8187,4118482.4445,40.6715,0.0069,0.0093,0.0116,0.6715000000000018
10431225_1134000,12/25/2003 03:34:00,yes,yes,411100.5854,4118481.9844,40.624,0.0055,0.0075,0.0093,0.6240000000000023
10431225_1134050,12/25/2003 03:34:05,yes,yes,411096.7519,4118481.2704,40.6391,0.0061,0.0082,0.0103,0.6390999999999991
10431225_1134100,12/25/2003 03:34:10,yes,yes,411093.5144,4118482.3711,40.569,0.0036,0.0049,0.006,0.5690000000000026
10431225_1134150,12/25/2003 03:34:15,yes,yes,411090.0281,4118484.7602,40.587,0.0045,0.0061,0.0075,0.5870000000000033
10431225_1134200,12/25/2003 03:34:20,yes,yes,411087.4515,4118487.5154,40.6017,0.0043,0.0058,0.0072,0.601700000000001
10431225_1134250,12/25/2003 03:34:25,yes,yes,411086.8471,4118491.7757,40.5663,0.0048,0.0065,0.0081,0.5662999999999982
10431225_1134300,12/25/2003 03:34:30,yes,yes,411087.1854,4118496.0958,40.6149,0.004,0.0054,0.0067,0.6148999999999987
10431225_1134350,12/25/2003 03:34:35,yes,yes,411087.3699,4118500.2903,40.6628,0.0049,0.0066,0.0082,0.6627999999999972
10431225_1134400,12/25/2003 03:34:40,yes,yes,411084.6948,4118503.1905,40.6533,0.0046,0.0062,0.0077,0.6533000000000015
10431225_1134450,12/25/2003 03:34:45,yes,yes,411081.2,4118505.7478,40.5945,0.0061,0.0082,0.0102,0.5944999999999965
10431225_1134500,12/25/2003 03:34:50,yes,yes,411078.7652,4118509.0746,40.5864,0.0053,0.0072,0.009,0.5863999999999976
10431225_1134550,12/25/2003 03:34:55,yes,yes,411077.2861,4118512.7405,40.5373,0.0054,0.0073,0.0091,0.5373000000000019
10431225_1135000,12/25/2003 03:35:00,yes,yes,411075.8741,4118516.8278,40.5668,0.0049,0.0066,0.0082,0.5668000000000006
10431225_1135050,12/25/2003 03:35:05,yes,yes,411074.1014,4118520.7136,40.549,0.0057,0.0076,0.0095,0.5489999999999995
10431225_1135100,12/25/2003 03:35:10,yes,yes,411074.5837,4118524.245,40.5198,0.0048,0.0064,0.008,0.5197999999999965
10431225_1135150,12/25/2003 03:35:15,yes,yes,411077.669,4118527.0281,40.5267,0.0045,0.0061,0.0076,0.5266999999999982
10431225_1135200,12/25/2003 03:35:20,yes,yes,411081.4652,4118528.4494,40.5291,0.0068,0.0092,0.0115,0.5290999999999997
10431225_1135250,12/25/2003 03:35:25,yes,yes,411085.5739,4118528.3636,40.5178,0.0056,0.0075,0.0094,0.5178000000000011
10431225_1135300,12/25/2003 03:35:30,yes,yes,411089.4816,4118528.3718,40.5342,0.0039,0.0053,0.0066,0.5341999999999985
10431225_1135350,12/25/2003 03:35:35,yes,yes,411092.843,4118528.1279,40.5566,0.0047,0.0063,0.0078,0.5566000000000031
10431225_1135400,12/25/2003 03:35:40,yes,yes,411094.6193,4118529.5992,40.4853,0.0022,0.003,0.0038,0.4853000000000023
10431225_1135450,12/25/2003 03:35:45,yes,yes,411095.8031,4118530.9397,40.3546,0.0041,0.0056,0.0069,0.3545999999999978
10431225_1135500,12/25/2003 03:35:50,yes,yes,411095.887,4118530.8889,40.3428,0.0095,0.0128,0.016,0.3427999999999969
10431225_1135550,12/25/2003 03:35:55,yes,yes,411095.906,4118531.085,40.3046,0.0052,0.007,0.0088,0.30460000000000065
10431225_1136000,12/25/2003 03:36:00,yes,yes,411096.1351,4118531.0571,40.2968,0.0037,0.005,0.0062,0.2967999999999975
10431225_1136050,12/25/2003 03:36:05,yes,yes,411096.189,4118531.4846,40.2931,0.0044,0.0059,0.0074,0.2931000000000026
10431225_1136100,12/25/2003 03:36:10,yes,yes,411096.3411,4118531.6521,40.2164,0.0026,0.0035,0.0043,0.21640000000000015
10431225_1136150,12/25/2003 03:36:15,yes,yes,411096.2117,4118530.7976,40.2805,0.0055,0.0074,0.0092,0.2805000000000035
10431225_1136200,12/25/2003 03:36:20,yes,yes,411096.835,4118528.8085,40.437,0.0036,0.0048,0.006,0.4369999999999976
10431225_1136250,12/25/2003 03:36:25,yes,yes,411099.5167,4118525.6767,40.5171,0.0044,0.0059,0.0074,0.5170999999999992
10431225_1136300,12/25/2003 03:36:30,yes,yes,411102.5816,4118522.7947,40.5275,0.0034,0.0046,0.0057,0.5275000000000034
10431225_1136350,12/25/2003 03:36:35,yes,yes,411105.9779,4118520.9808,40.5959,0.0038,0.0051,0.0064,0.5959000000000003
10431225_1136400,12/25/2003 03:36:40,yes,yes,411110.515,4118519.5489,40.4754,0.0037,0.005,0.0063,0.4754000000000005
10431225_1136450,12/25/2003 03:36:45,yes,yes,411113.2124,4118519.6703,40.3062,0.0036,0.0048,0.006,0.3061999999999969
10431225_1136500,12/25/2003 03:36:50,yes,yes,411113.9785,4118520.8541,40.1158,0.0041,0.0055,0.0068,0.11580000000000013
10431225_1136550,12/25/2003 03:36:55,yes,yes,411114.3335,4118522.3148,40.1947,0.004,0.0053,0.0066,0.19469999999999743
10431225_1137000,12/25/2003 03:37:00,yes,yes,411113.0939,4118525.3617,40.4558,0.0034,0.0045,0.0056,0.45580000000000354
10431225_1137050,12/25/2003 03:37:05,yes,yes,411110.0302,4118528.2213,40.4855,0.0053,0.0071,0.0089,0.4855000000000018
10431225_1137100,12/25/2003 03:37:10,yes,yes,411107.3542,4118530.681,40.4991,0.0043,0.0058,0.0072,0.49909999999999854
10431225_1137150,12/25/2003 03:37:15,yes,yes,411104.0951,4118533.3877,40.592,0.0038,0.0051,0.0063,0.5919999999999987
10431225_1137200,12/25/2003 03:37:20,yes,yes,411101.3397,4118536.7111,40.5742,0.0037,0.005,0.0062,0.5741999999999976
10431225_1137250,12/25/2003 03:37:25,yes,yes,411098.386,4118540.5523,40.5503,0.0048,0.0064,0.008,0.5503
10431225_1137300,12/25/2003 03:37:30,yes,yes,411094.8067,4118543.9827,40.59,0.0046,0.0061,0.0076,0.5900000000000034
10431225_1137350,12/25/2003 03:37:35,yes,yes,411089.8435,4118546.3875,40.6426,0.0061,0.0082,0.0103,0.6426000000000016
10431225_1137400,12/25/2003 03:37:40,yes,yes,411085.2761,4118549.121,40.5424,0.0066,0.0088,0.011,0.5424000000000007
10431225_1137450,12/25/2003 03:37:45,yes,yes,411080.9312,4118548.3053,40.6445,0.0056,0.0076,0.0094,0.6445000000000007
10431225_1137500,12/25/2003 03:37:50,yes,yes,411076.806,4118546.6966,40.6082,0.0055,0.0074,0.0092,0.6081999999999965
10431225_1137550,12/25/2003 03:37:55,yes,yes,411072.5041,4118545.6888,40.5948,0.0065,0.0088,0.0109,0.5947999999999993
10431225_1138000,12/25/2003 03:38:00,yes,yes,411067.808,4118544.1686,40.6291,0.0063,0.0084,0.0105,0.6291000000000011
10431225_1138050,12/25/2003 03:38:05,yes,yes,411063.3394,4118541.7069,40.6264,0.0045,0.0061,0.0076,0.6263999999999967
10431225_1138100,12/25/2003 03:38:10,yes,yes,411058.615,4118540.2339,40.6328,0.0069,0.0092,0.0115,0.6328000000000031
10431225_1138150,12/25/2003 03:38:15,yes,yes,411054.2207,4118542.8888,40.6192,0.0055,0.0074,0.0092,0.6191999999999993
10431225_1138200,12/25/2003 03:38:20,yes,yes,411052.2143,4118547.5601,40.5857,0.0106,0.0143,0.0178,0.5857000000000028
10431225_1138250,12/25/2003 03:38:25,yes,yes,411051.1904,4118552.3017,40.5906,0.0067,0.009,0.0112,0.590600000000002
10431225_1138300,12/25/2003 03:38:30,yes,yes,411050.2166,4118556.9509,40.609,0.0068,0.0091,0.0114,0.6090000000000018
10431225_1138350,12/25/2003 03:38:35,yes,yes,411048.734,4118561.28,40.5805,0.0079,0.0106,0.0133,0.5805000000000007
10431225_1138400,12/25/2003 03:38:40,yes,yes,411047.5196,4118565.8245,40.6185,0.0061,0.0082,0.0103,0.6184999999999974
10431225_1138450,12/25/2003 03:38:45,yes,yes,411045.3635,4118570.299,40.6416,0.0059,0.0079,0.0098,0.6415999999999968
10431225_1138500,12/25/2003 03:38:50,yes,yes,411045.1497,4118575.4022,40.5869,0.0046,0.0062,0.0077,0.5869
10431225_1138550,12/25/2003 03:38:55,yes,yes,411042.1951,4118578.6097,40.6281,0.0061,0.0082,0.0103,0.6281000000000034
10431225_1139000,12/25/2003 03:39:00,yes,yes,411041.0969,4118583.2432,40.6088,0.0059,0.0079,0.0099,0.6088000000000022
10431225_1139050,12/25/2003 03:39:05,yes,yes,411040.5386,4118587.9316,40.5794,0.0063,0.0085,0.0106,0.5793999999999997
10431225_1139100,12/25/2003 03:39:10,yes,yes,411037.2858,4118590.8735,40.6136,0.0055,0.0074,0.0092,0.6135999999999981
10431225_1139150,12/25/2003 03:39:15,yes,yes,411035.1479,4118595.0404,40.5993,0.0067,0.009,0.0112,0.5992999999999995
10431225_1139200,12/25/2003 03:39:20,yes,yes,411035.0551,4118599.8029,40.5669,0.0079,0.0105,0.0131,0.5668999999999969
10431225_1139250,12/25/2003 03:39:25,yes,yes,411033.1352,4118603.7473,40.5877,0.0066,0.0089,0.0111,0.5876999999999981
10431225_1139300,12/25/2003 03:39:30,yes,yes,411028.8347,4118604.9305,40.6004,0.0047,0.0063,0.0078,0.6004000000000005
10431225_1139350,12/25/2003 03:39:35,yes,yes,411027.1428,4118609.5588,40.5673,0.0052,0.007,0.0087,0.567300000000003
10431225_1139400,12/25/2003 03:39:40,yes,yes,411025.2562,4118613.5127,40.5971,0.005,0.0068,0.0084,0.5970999999999975
10431225_1139450,12/25/2003 03:39:45,yes,yes*,411021.7458,4118617.0654,40.5733,0.0114,0.0153,0.0191,0.5733000000000033
10431225_1139500,12/25/2003 03:39:50,yes,yes,411019.6198,4118621.3047,40.6339,0.0059,0.008,0.0099,0.633899999999997
10431225_1139550,12/25/2003 03:39:55,yes,yes,411017.6137,4118625.6679,40.6513,0.0072,0.0096,0.012,0.6512999999999991
10431225_1140000,12/25/2003 03:40:00,yes,yes,411015.3564,4118629.7055,40.5686,0.0044,0.0059,0.0073,0.5686000000000035
10431225_1140050,12/25/2003 03:40:05,yes,yes,411013.1581,4118634.2179,40.6352,0.0072,0.0097,0.0121,0.6351999999999975
10431225_1140100,12/25/2003 03:40:10,yes,yes,411010.6874,4118639.12,40.6093,0.0051,0.0068,0.0085,0.6092999999999975
10431225_1140150,12/25/2003 03:40:15,yes,yes,411007.8549,4118643.487,40.6108,0.0051,0.0068,0.0085,0.6107999999999976
10431225_1140200,12/25/2003 03:40:20,yes,yes,411005.383,4118648.1327,40.5467,0.0036,0.0049,0.0061,0.5467000000000013
10431225_1140250,12/25/2003 03:40:25,yes,yes,411002.3858,4118652.0281,40.6424,0.0057,0.0076,0.0095,0.6424000000000021
10431225_1140300,12/25/2003 03:40:30,yes,yes,410998.9909,4118655.4448,40.6233,0.0038,0.0052,0.0064,0.6233000000000004
10431225_1140350,12/25/2003 03:40:35,yes,yes,410997.1636,4118660.1612,40.6045,0.0056,0.0074,0.0093,0.6045000000000016
10431225_1140400,12/25/2003 03:40:40,yes,yes,410995.5782,4118664.9595,40.5724,0.0051,0.0069,0.0086,0.5724000000000018
10431225_1140450,12/25/2003 03:40:45,yes,yes,410994.0054,4118669.592,40.6543,0.0053,0.0071,0.0088,0.6542999999999992
10431225_1140500,12/25/2003 03:40:50,yes,yes,410993.1579,4118673.8478,40.6135,0.0048,0.0064,0.008,0.6135000000000019
10431225_1140550,12/25/2003 03:40:55,yes,yes,410994.0881,4118678.4914,40.5861,0.0042,0.0056,0.007,0.5861000000000018
10431225_1141000,12/25/2003 03:41:00,yes,yes,410992.0677,4118681.5574,40.6248,0.009,0.012,0.015,0.6248000000000005
10431225_1141050,12/25/2003 03:41:05,yes,yes,410988.398,4118684.1628,40.6381,0.0063,0.0085,0.0106,0.6381000000000014
10431225_1141100,12/25/2003 03:41:10,yes,yes,410985.6081,4118688.1876,40.5979,0.0106,0.0142,0.0177,0.5979000000000028
10431225_1141150,12/25/2003 03:41:15,yes,yes,410982.7463,4118692.5416,40.6503,0.0057,0.0077,0.0096,0.6503000000000014
10431225_1141200,12/25/2003 03:41:20,yes,yes,410981.3235,4118697.2105,40.6086,0.0064,0.0086,0.0108,0.6086000000000027
10431225_1141250,12/25/2003 03:41:25,yes,yes,410978.9924,4118701.4809,40.628,0.006,0.0081,0.0101,0.6280000000000001
10431225_1141300,12/25/2003 03:41:30,yes,yes,410977.608,4118705.4508,40.6429,0.0054,0.0072,0.009,0.6428999999999974
10431225_1141350,12/25/2003 03:41:35,yes,yes,410976.5403,4118710.6115,40.5874,0.0056,0.0075,0.0093,0.5874000000000024
10431225_1141400,12/25/2003 03:41:40,yes,yes,410976.6017,4118715.5225,40.6218,0.0042,0.0056,0.0069,0.6218000000000004
10431225_1141450,12/25/2003 03:41:45,yes,yes,410975.9829,4118720.1186,40.6195,0.0064,0.0086,0.0107,0.6195000000000022
10431225_1141500,12/25/2003 03:41:50,yes,yes,410974.7882,4118725.0282,40.6694,0.0047,0.0063,0.0079,0.6694000000000031
10431225_1141550,12/25/2003 03:41:55,yes,yes,410972.6631,4118729.1271,40.6209,0.006,0.008,0.01,0.6208999999999989
10431225_1142000,12/25/2003 03:42:00,yes,yes,410970.4612,4118733.3414,40.624,0.0056,0.0074,0.0093,0.6240000000000023
10431225_1142050,12/25/2003 03:42:05,yes,yes,410968.5032,4118737.724,40.6439,0.0051,0.0069,0.0086,0.6439000000000021
10431225_1142100,12/25/2003 03:42:10,yes,yes,410966.4381,4118741.1677,40.6239,0.0058,0.0077,0.0097,0.623899999999999
10431225_1142150,12/25/2003 03:42:15,yes,yes,410964.2011,4118744.4875,40.6467,0.0045,0.006,0.0075,0.6467000000000027
10431225_1142200,12/25/2003 03:42:20,yes,yes,410961.5081,4118748.4417,40.6394,0.0061,0.0082,0.0102,0.639400000000002
10431225_1142250,12/25/2003 03:42:25,yes,yes,410959.7156,4118752.4608,40.6091,0.0048,0.0064,0.008,0.609099999999998
10431225_1142300,12/25/2003 03:42:30,yes,yes,410956.4987,4118756.1373,40.6227,0.005,0.0066,0.0083,0.6227000000000018
10431225_1142350,12/25/2003 03:42:35,yes,yes,410953.8758,4118759.9246,40.6407,0.0047,0.0063,0.0079,0.6407000000000025
10431225_1142400,12/25/2003 03:42:40,yes,yes,410950.498,4118763.7108,40.6272,0.0093,0.0125,0.0156,0.627200000000002
10431225_1142450,12/25/2003 03:42:45,yes,yes,410947.8939,4118767.6816,40.6287,0.0055,0.0073,0.0091,0.628700000000002
10431225_1142500,12/25/2003 03:42:50,yes,yes,410943.2741,4118769.1217,40.6265,0.007,0.0094,0.0117,0.6265000000000001
10431225_1142550,12/25/2003 03:42:55,yes,yes,410939.0243,4118771.4052,40.5822,0.0048,0.0065,0.0081,0.5822000000000003
10431225_1143000,12/25/2003 03:43:00,yes,yes,410936.2322,4118775.6899,40.6872,0.0065,0.0087,0.0109,0.6871999999999971
10431225_1143050,12/25/2003 03:43:05,yes,yes,410933.5144,4118779.9593,40.5921,0.0062,0.0083,0.0103,0.5921000000000021
10431225_1143100,12/25/2003 03:43:10,yes,yes,410931.155,4118783.7113,40.5827,0.0051,0.0068,0.0085,0.5827000000000027
10431225_1143150,12/25/2003 03:43:15,yes,yes,410929.2559,4118788.0799,40.6391,0.0055,0.0074,0.0092,0.6390999999999991
10431225_1143200,12/25/2003 03:43:20,yes,yes,410926.5861,4118792.1685,40.6011,0.0061,0.0082,0.0102,0.6011000000000024
10431225_1143250,12/25/2003 03:43:25,yes,yes,410923.2168,4118795.6856,40.6604,0.0047,0.0063,0.0078,0.6604000000000028
10431225_1143300,12/25/2003 03:43:30,yes,yes,410920.3704,4118799.022,40.59,0.0047,0.0062,0.0078,0.5900000000000034
10431225_1143350,12/25/2003 03:43:35,yes,yes,410918.7688,4118803.1603,40.599,0.0037,0.005,0.0062,0.5989999999999966
10431225_1143400,12/25/2003 03:43:40,yes,yes,410917.1212,4118807.3051,40.6613,0.0054,0.0072,0.0089,0.6612999999999971
10431225_1143450,12/25/2003 03:43:45,yes,yes,410913.3024,4118811.0673,40.6143,0.0075,0.0101,0.0126,0.6143000000000001
10431225_1143500,12/25/2003 03:43:50,yes,yes,410908.0997,4118812.149,40.6059,0.0083,0.0111,0.0139,0.6058999999999983
10431225_1143550,12/25/2003 03:43:55,yes,yes,410904.2326,4118814.9945,40.5945,0.0065,0.0087,0.0108,0.5944999999999965
10431225_1144000,12/25/2003 03:44:00,yes,yes*,410901.0425,4118818.562,40.6382,0.0118,0.0158,0.0197,0.6381999999999977
10431225_1144050,12/25/2003 03:44:05,yes,yes,410897.7058,4118822.1474,40.5553,0.0101,0.0135,0.0169,0.5553000000000026
10431225_1144100,12/25/2003 03:44:10,yes,yes,410893.9804,4118826.3127,40.612,0.0072,0.0096,0.012,0.6120000000000019
10431225_1144150,12/25/2003 03:44:15,yes,yes,410890.7487,4118829.311,40.5991,0.009,0.0121,0.0151,0.5991
10431225_1144200,12/25/2003 03:44:20,yes,yes,410887.291,4118832.6179,40.6372,0.0074,0.0099,0.0124,0.6372
10431225_1144250,12/25/2003 03:44:25,yes,yes,410883.7356,4118836.3183,40.648,0.0069,0.0093,0.0116,0.6480000000000032
10431225_1144300,12/25/2003 03:44:30,yes,yes,410880.9474,4118840.2674,40.5826,0.0061,0.0082,0.0103,0.5825999999999993
10431225_1144350,12/25/2003 03:44:35,yes,yes,410877.865,4118843.8443,40.6864,0.007,0.0094,0.0117,0.686399999999999
10431225_1144400,12/25/2003 03:44:40,yes,yes,410875.3838,4118846.9174,40.61,0.0047,0.0063,0.0079,0.6099999999999994
10431225_1144450,12/25/2003 03:44:45,yes,yes,410873.0225,4118850.0537,40.629,0.006,0.008,0.01,0.6289999999999978
10431225_1144500,12/25/2003 03:44:50,yes,yes,410870.771,4118853.679,40.6212,0.0054,0.0072,0.009,0.6212000000000018
10431225_1144550,12/25/2003 03:44:55,yes,yes,410869.1788,4118857.5999,40.8258,0.0049,0.0066,0.0082,0.825800000000001
10431225_1145000,12/25/2003 03:45:00,yes,yes,410865.8811,4118860.7547,40.7288,0.0085,0.0114,0.0142,0.7287999999999997
10431225_1145050,12/25/2003 03:45:05,yes,yes,410861.8896,4118863.6477,40.6966,0.0056,0.0075,0.0094,0.6965999999999966
10431225_1145100,12/25/2003 03:45:10,yes,yes,410860.2558,4118866.926,40.5754,0.0063,0.0084,0.0105,0.5754000000000019
10431225_1145150,12/25/2003 03:45:15,yes,yes,410857.9268,4118870.2332,40.669,0.0047,0.0063,0.0078,0.6689999999999969
10431225_1145200,12/25/2003 03:45:20,yes,yes,410856.3373,4118873.743,40.6549,0.007,0.0094,0.0117,0.6548999999999978
10431225_1145250,12/25/2003 03:45:25,yes,yes,410854.8028,4118875.9316,40.6371,0.0045,0.006,0.0075,0.6370999999999967
10431225_1145300,12/25/2003 03:45:30,yes,yes,410852.2433,4118878.1718,40.6448,0.0056,0.0075,0.0094,0.6447999999999965
10431225_1145350,12/25/2003 03:45:35,yes,yes,410849.6128,4118881.8568,40.6453,0.0079,0.0105,0.0131,0.6452999999999989
10431225_1145400,12/25/2003 03:45:40,yes,yes,410847.0431,4118885.0124,40.5838,0.0048,0.0064,0.008,0.5837999999999965
10431225_1145450,12/25/2003 03:45:45,yes,yes,410844.6916,4118888.7829,40.6423,0.0065,0.0087,0.0109,0.6422999999999988
10431225_1145500,12/25/2003 03:45:50,yes,yes,410842.5893,4118892.1082,40.5914,0.0048,0.0064,0.008,0.5914000000000001
10431225_1145550,12/25/2003 03:45:55,yes,yes,410841.0184,4118895.5431,40.6263,0.0074,0.0099,0.0124,0.6263000000000005
10431225_1146000,12/25/2003 03:46:00,yes,yes,410838.7098,4118898.5512,40.5989,0.0071,0.0095,0.0118,0.5989000000000004
10431225_1146050,12/25/2003 03:46:05,yes,yes,410835.5573,4118901.0209,40.6226,0.0069,0.0093,0.0116,0.6225999999999985
10431225_1146100,12/25/2003 03:46:10,yes,yes,410832.2486,4118904.0046,40.6264,0.0063,0.0084,0.0105,0.6263999999999967
10431225_1146150,12/25/2003 03:46:15,yes,yes,410829.5427,4118907.9161,40.6615,0.0057,0.0077,0.0096,0.6614999999999966
10431225_1146200,12/25/2003 03:46:20,yes,yes,410826.852,4118911.6342,40.5737,0.004,0.0054,0.0067,0.5737000000000023
10431225_1146250,12/25/2003 03:46:25,yes,yes,410825.2751,4118915.3262,40.6095,0.0045,0.006,0.0075,0.609499999999997
10431225_1146300,12/25/2003 03:46:30,yes,yes,410824.374,4118919.2212,40.6477,0.0046,0.0062,0.0077,0.6477000000000004
10431225_1146350,12/25/2003 03:46:35,yes,yes,410822.776,4118923.629,40.6203,0.0041,0.0054,0.0068,0.6203000000000003
10431225_1146400,12/25/2003 03:46:40,yes,yes,410820.4552,4118927.6196,40.6297,0.0046,0.0062,0.0077,0.6296999999999997
10431225_1146450,12/25/2003 03:46:45,yes,yes,410818.3805,4118931.452,40.6156,0.0051,0.0068,0.0085,0.6156000000000006
10431225_1146500,12/25/2003 03:46:50,yes,yes,410816.5694,4118935.6276,40.6724,0.0044,0.0059,0.0074,0.6724000000000032
10431225_1146550,12/25/2003 03:46:55,yes,yes,410814.5795,4118939.5704,40.6013,0.0039,0.0052,0.0065,0.6013000000000019
10431225_1147000,12/25/2003 03:47:00,yes,yes,410812.3827,4118943.3178,40.6046,0.0047,0.0064,0.0079,0.6045999999999978
10431225_1147050,12/25/2003 03:47:05,yes,yes,410809.6401,4118947.0044,40.6555,0.0057,0.0077,0.0096,0.6555000000000035
10431225_1147100,12/25/2003 03:47:10,yes,yes,410806.946,4118950.4687,40.7111,0.0054,0.0072,0.009,0.7111000000000018
10431225_1147150,12/25/2003 03:47:15,yes,yes,410804.1312,4118953.8718,40.629,0.0042,0.0056,0.0069,0.6289999999999978
10431225_1147200,12/25/2003 03:47:20,yes,yes,410801.3582,4118957.0232,40.6155,0.0039,0.0053,0.0066,0.6154999999999973
10431225_1147250,12/25/2003 03:47:25,yes,yes,410798.2454,4118960.3945,40.6354,0.0053,0.0071,0.0089,0.6353999999999971
10431225_1147300,12/25/2003 03:47:30,yes,yes,410795.1597,4118963.2632,40.6217,0.0044,0.0059,0.0073,0.621699999999997
10431225_1147350,12/25/2003 03:47:35,yes,yes,410792.1377,4118966.278,40.5776,0.0064,0.0086,0.0107,0.5775999999999968
10431225_1147400,12/25/2003 03:47:40,yes,yes,410789.4305,4118969.4208,40.6039,0.0061,0.0082,0.0102,0.603900000000003
10431225_1147450,12/25/2003 03:47:45,yes,yes,410786.5301,4118972.5662,40.5676,0.0059,0.0079,0.0099,0.5675999999999988
10431225_1147500,12/25/2003 03:47:50,yes,yes,410784.358,4118975.5661,40.6066,0.0068,0.0091,0.0114,0.6066000000000003
10431225_1147550,12/25/2003 03:47:55,yes,yes,410782.8309,4118979.1886,40.6581,0.0041,0.0055,0.0069,0.6580999999999975
10431225_1148000,12/25/2003 03:48:00,yes,yes,410780.1574,4118982.8204,40.5532,0.0077,0.0103,0.0128,0.5531999999999968
10431225_1148050,12/25/2003 03:48:05,yes,yes,410777.9501,4118985.9844,40.5883,0.0078,0.0104,0.013,0.5882999999999967
10431225_1148100,12/25/2003 03:48:10,yes,yes,410774.4674,4118988.0794,40.5946,0.0055,0.0074,0.0092,0.5945999999999998
10431225_1148150,12/25/2003 03:48:15,yes,yes,410771.3614,4118991.0256,40.6377,0.0065,0.0087,0.0109,0.6377000000000024
10431225_1148200,12/25/2003 03:48:20,yes,yes,410768.0146,4118994.2546,40.6048,0.0053,0.0071,0.0089,0.6047999999999973
10431225_1148250,12/25/2003 03:48:25,yes,yes,410765.3739,4118997.9797,40.6717,0.0047,0.0063,0.0078,0.6717000000000013
10431225_1148300,12/25/2003 03:48:30,yes,yes,410763.4551,4119002.2712,40.6071,0.006,0.0081,0.0101,0.6071000000000026
10431225_1148350,12/25/2003 03:48:35,yes,yes,410761.6102,4119006.5782,40.6466,0.0048,0.0065,0.0081,0.6465999999999994
10431225_1148400,12/25/2003 03:48:40,yes,yes,410758.8424,4119010.4277,40.6704,0.0048,0.0064,0.008,0.6704000000000008
10431225_1148450,12/25/2003 03:48:45,yes,yes,410755.2622,4119012.9511,40.6249,0.0081,0.0108,0.0135,0.6248999999999967
10431225_1148500,12/25/2003 03:48:50,yes,yes,410751.5065,4119015.5453,40.6554,0.0065,0.0087,0.0109,0.6554000000000002
10431225_1148550,12/25/2003 03:48:55,yes,yes,410748.3242,4119019.0843,40.6398,0.0054,0.0073,0.0091,0.639800000000001
10431225_1149000,12/25/2003 03:49:00,yes,yes,410744.7968,4119021.9788,40.6437,0.0067,0.0089,0.0112,0.6437000000000026
10431225_1149050,12/25/2003 03:49:05,yes,yes,410741.1726,4119024.5253,40.7128,0.008,0.0107,0.0134,0.7128000000000014
10431225_1149100,12/25/2003 03:49:10,yes,yes,410737.8381,4119026.6283,40.5993,0.0079,0.0106,0.0132,0.5992999999999995
10431225_1149150,12/25/2003 03:49:15,yes,yes,410734.939,4119029.6258,40.596,0.0063,0.0084,0.0105,0.5959999999999965
10431225_1149200,12/25/2003 03:49:20,yes,yes,410732.9734,4119033.6852,40.6674,0.005,0.0067,0.0083,0.6674000000000007
10431225_1149250,12/25/2003 03:49:25,yes,yes,410730.9334,4119038.2488,40.6485,0.0063,0.0084,0.0105,0.6484999999999985
10431225_1149300,12/25/2003 03:49:30,yes,yes,410728.3953,4119042.4416,40.6314,0.007,0.0094,0.0117,0.6313999999999993
10431225_1149350,12/25/2003 03:49:35,yes,yes,410725.586,4119046.1651,40.6511,0.0062,0.0083,0.0103,0.6510999999999996
10431225_1149400,12/25/2003 03:49:40,yes,yes,410722.5957,4119049.8677,40.648,0.0082,0.011,0.0137,0.6480000000000032
10431225_1149450,12/25/2003 03:49:45,yes,yes,410719.5442,4119053.8593,40.6764,0.0057,0.0076,0.0095,0.676400000000001
10431225_1149500,12/25/2003 03:49:50,yes,yes,410715.809,4119056.7601,40.6317,0.0053,0.0071,0.0088,0.6317000000000021
10431225_1149550,12/25/2003 03:49:55,yes,yes,410712.1672,4119059.9757,40.6488,0.0047,0.0064,0.0079,0.6488000000000014
10431225_1150000,12/25/2003 03:50:00,yes,yes,410708.9238,4119063.2928,40.6924,0.0076,0.0102,0.0127,0.6923999999999992
10431225_1150050,12/25/2003 03:50:05,yes,yes,410705.6845,4119066.758,40.6407,0.0048,0.0065,0.0081,0.6407000000000025
10431225_1150100,12/25/2003 03:50:10,yes,yes*,410702.2007,4119070.1729,40.5886,0.0121,0.0163,0.0203,0.5885999999999996
10431225_1150150,12/25/2003 03:50:15,yes,yes,410699.6947,4119073.4354,40.6939,0.0067,0.009,0.0112,0.6938999999999993
10431225_1150200,12/25/2003 03:50:20,yes,yes,410695.9912,4119075.9822,40.6823,0.0084,0.0112,0.014,0.6822999999999979
10431225_1150250,12/25/2003 03:50:25,yes,yes,410692.9854,4119078.9244,40.6534,0.0073,0.0097,0.0121,0.6533999999999978
10431225_1150300,12/25/2003 03:50:30,yes,yes,410690.1738,4119081.4812,40.6856,0.0064,0.0086,0.0107,0.6856000000000009
10431225_1150350,12/25/2003 03:50:35,yes,yes,410686.7523,4119084.7051,40.6574,0.003,0.0041,0.0051,0.6574000000000026
10431225_1150400,12/25/2003 03:50:40,yes,yes,410683.1117,4119086.7536,40.6402,0.0054,0.0073,0.0091,0.6402000000000001
10431225_1150450,12/25/2003 03:50:45,yes,yes,410679.8891,4119089.6986,40.6951,0.0059,0.0079,0.0099,0.6950999999999965
10431225_1150500,12/25/2003 03:50:50,yes,yes,410675.8962,4119091.2668,40.6156,0.0055,0.0074,0.0092,0.6156000000000006
10431225_1150550,12/25/2003 03:50:55,yes,yes,410672.9135,4119094.0022,40.5875,0.0071,0.0095,0.0118,0.5874999999999986
10431225_1151000,12/25/2003 03:51:00,yes,yes,410669.8371,4119097.4144,40.653,0.0101,0.0136,0.017,0.6529999999999987
10431225_1151050,12/25/2003 03:51:05,yes,yes,410666.1463,4119100.2734,40.7053,0.0063,0.0084,0.0105,0.7053000000000011
10431225_1151100,12/25/2003 03:51:10,yes,yes,410662.445,4119102.154,40.7412,0.0056,0.0075,0.0094,0.7411999999999992
10431225_1151150,12/25/2003 03:51:15,yes,yes,410658.8838,4119105.186,40.66,0.006,0.008,0.01,0.6599999999999966
10431225_1151200,12/25/2003 03:51:20,yes,yes,410655.0801,4119108.4285,40.7138,0.0051,0.0068,0.0085,0.7137999999999991
10431225_1151250,12/25/2003 03:51:25,yes,yes,410651.225,4119111.3213,40.6076,0.0093,0.0125,0.0156,0.6075999999999979
10431225_1151300,12/25/2003 03:51:30,yes,yes,410647.7683,4119114.6675,40.6458,0.0052,0.0071,0.0088,0.6458000000000013
10431225_1151350,12/25/2003 03:51:35,yes,yes,410643.9432,4119117.7092,40.6344,0.0043,0.0057,0.0071,0.6343999999999994
10431225_1151400,12/25/2003 03:51:40,yes,yes,410641.2808,4119121.4178,40.6452,0.0057,0.0076,0.0095,0.6452000000000027
10431225_1151450,12/25/2003 03:51:45,yes,yes,410637.9441,4119124.8139,40.6649,0.0044,0.0059,0.0073,0.6649000000000029
10431225_1151500,12/25/2003 03:51:50,yes,yes,410633.7575,4119127.6478,40.5968,0.0049,0.0065,0.0081,0.5968000000000018
10431225_1151550,12/25/2003 03:51:55,yes,yes,410631.3582,4119131.2878,40.6311,0.0106,0.0144,0.0179,0.6311000000000035
10431225_1152000,12/25/2003 03:52:00,yes,yes,410627.8625,4119134.255,40.6056,0.0071,0.0096,0.012,0.6056000000000026
10431225_1152050,12/25/2003 03:52:05,yes,yes,410624.3115,4119137.4465,40.653,0.0065,0.0087,0.0109,0.6529999999999987
10431225_1152100,12/25/2003 03:52:10,yes,yes,410620.1831,4119141.1972,40.656,0.0061,0.0082,0.0103,0.6559999999999988
10431225_1152150,12/25/2003 03:52:15,yes,yes*,410615.5476,4119144.2997,40.6274,0.0118,0.0158,0.0197,0.6274000000000015
10431225_1152200,12/25/2003 03:52:20,yes,yes,410611.3806,4119147.0525,40.5757,0.0081,0.0108,0.0135,0.5756999999999977
10431225_1152250,12/25/2003 03:52:25,yes,yes,410607.381,4119149.7687,40.6483,0.0046,0.0062,0.0077,0.648299999999999
10431225_1152300,12/25/2003 03:52:30,yes,yes,410603.152,4119152.5224,40.5426,0.0108,0.0145,0.0181,0.5426000000000002
10431225_1152350,12/25/2003 03:52:35,yes,yes,410598.9213,4119154.717,40.6104,0.0061,0.0082,0.0102,0.6103999999999985
10431225_1152400,12/25/2003 03:52:40,yes,yes,410595.7451,4119157.9175,40.6418,0.0074,0.01,0.0124,0.6418000000000035
10431225_1152450,12/25/2003 03:52:45,yes,yes,410591.4859,4119160.4277,40.6467,0.007,0.0095,0.0118,0.6467000000000027
10431225_1152500,12/25/2003 03:52:50,yes,yes,410587.8386,4119163.4829,40.6216,0.0059,0.0079,0.0099,0.6216000000000008
10431225_1152550,12/25/2003 03:52:55,yes,yes,410583.9177,4119165.7628,40.5933,0.0061,0.0082,0.0103,0.5932999999999993
10431225_1153000,12/25/2003 03:53:00,yes,yes*,410579.4766,4119166.8243,40.7111,0.0121,0.0163,0.0203,0.7111000000000018
10431225_1153050,12/25/2003 03:53:05,yes,yes,410575.6592,4119169.2223,40.6523,0.0104,0.014,0.0175,0.6522999999999968
10431225_1153100,12/25/2003 03:53:10,yes,yes*,410572.5604,4119172.1731,40.6198,0.0136,0.0183,0.0228,0.6197999999999979
10431225_1153150,12/25/2003 03:53:15,yes,yes,410569.8818,4119175.3988,40.6668,0.0073,0.0099,0.0123,0.6668000000000021
10431225_1153200,12/25/2003 03:53:20,yes,yes,410566.5122,4119177.4544,40.5965,0.006,0.0081,0.0101,0.5964999999999989
10431225_1153250,12/25/2003 03:53:25,yes,yes,410563.9018,4119180.5319,40.6537,0.0036,0.0049,0.0061,0.6537000000000006
10431225_1153300,12/25/2003 03:53:30,yes,yes,410561.8508,4119184.2645,40.6574,0.004,0.0054,0.0067,0.6574000000000026
10431225_1153350,12/25/2003 03:53:35,yes,yes,410558.5164,4119187.3296,40.6455,0.005,0.0068,0.0084,0.6454999999999984
10431225_1153400,12/25/2003 03:53:40,yes,yes,410554.7616,4119189.9997,40.6741,0.0103,0.014,0.0174,0.6741000000000028
10431225_1153450,12/25/2003 03:53:45,yes,yes,410550.3646,4119192.2424,40.6326,0.0053,0.0072,0.0089,0.6325999999999965
10431225_1153500,12/25/2003 03:53:50,yes,yes,410546.1663,4119194.7624,40.6064,0.0064,0.0086,0.0107,0.6064000000000007
10431225_1153550,12/25/2003 03:53:55,yes,yes,410541.9171,4119196.3971,40.5682,0.0055,0.0074,0.0092,0.5681999999999974
10431225_1154000,12/25/2003 03:54:00,yes,yes,410538.1059,4119197.3662,40.5467,0.0056,0.0076,0.0095,0.5467000000000013
10431225_1154050,12/25/2003 03:54:05,yes,yes,410533.7764,4119198.3704,40.5694,0.0054,0.0073,0.0091,0.5694000000000017
10431225_1154100,12/25/2003 03:54:10,yes,yes,410528.8917,4119198.8652,40.5831,0.0069,0.0093,0.0116,0.5831000000000017
10431225_1154150,12/25/2003 03:54:15,yes,yes,410523.9198,4119198.6195,40.5862,0.0068,0.0092,0.0114,0.5861999999999981
10431225_1154200,12/25/2003 03:54:20,yes,yes,410519.1262,4119196.3682,40.5854,0.0069,0.0093,0.0115,0.5853999999999999
10431225_1154250,12/25/2003 03:54:25,yes,yes,410515.1233,4119193.2688,40.6131,0.005,0.0068,0.0084,0.6131000000000029
10431225_1154300,12/25/2003 03:54:30,yes,yes,410513.2381,4119188.8254,40.6081,0.0056,0.0076,0.0094,0.6081000000000003
10431225_1154350,12/25/2003 03:54:35,yes,yes,410511.7418,4119184.0635,40.5383,0.01,0.0135,0.0167,0.5382999999999996
10431225_1154400,12/25/2003 03:54:40,yes,yes,410510.4768,4119179.6383,40.6344,0.0067,0.009,0.0112,0.6343999999999994
10431225_1154450,12/25/2003 03:54:45,yes,yes,410508.4627,4119175.5014,40.5567,0.0085,0.0115,0.0143,0.5566999999999993
10431225_1154500,12/25/2003 03:54:50,yes,yes*,410505.6801,4119172.3605,40.5901,0.0116,0.0157,0.0195,0.5900999999999996
10431225_1154550,12/25/2003 03:54:55,yes,yes,410502.7352,4119169.564,40.5783,0.0068,0.0095,0.0117,0.5782999999999987
10431225_1155000,12/25/2003 03:55:00,yes,yes,410499.1774,4119167.4686,40.6212,0.0072,0.01,0.0124,0.6212000000000018
10431225_1155050,12/25/2003 03:55:05,yes,yes,410494.9179,4119166.2583,40.7045,0.0058,0.008,0.0099,0.704500000000003
10431225_1155100,12/25/2003 03:55:10,yes,yes,410491.3821,4119163.9061,40.634,0.0072,0.01,0.0123,0.6340000000000003
10431225_1155150,12/25/2003 03:55:15,yes,yes,410487.393,4119160.6293,40.6351,0.0094,0.0131,0.0162,0.6351000000000013
10431225_1155200,12/25/2003 03:55:20,yes,yes,410485.1581,4119157.8958,40.678,0.0053,0.0074,0.0091,0.6779999999999973
10431225_1155250,12/25/2003 03:55:25,yes,yes,410482.5871,4119154.2473,40.734,0.0059,0.0082,0.0101,0.7340000000000018
10431225_1155300,12/25/2003 03:55:30,yes,yes,410479.7828,4119151.4293,40.6658,0.0069,0.0097,0.0119,0.6657999999999973
10431225_1155350,12/25/2003 03:55:35,yes,yes,410476.6365,4119148.6982,40.6128,0.0066,0.0092,0.0113,0.6128
10431225_1155400,12/25/2003 03:55:40,yes,yes,410473.55,4119145.4776,40.6859,0.0088,0.0123,0.0152,0.6858999999999966
10431225_1155450,12/25/2003 03:55:45,yes,yes,410470.4924,4119142.3704,40.5768,0.0048,0.0068,0.0083,0.5767999999999986
10431225_1155500,12/25/2003 03:55:50,yes,yes,410466.0232,4119139.6911,40.6356,0.0063,0.0088,0.0108,0.6355999999999966
10431225_1155550,12/25/2003 03:55:55,yes,yes,410462.8693,4119136.0934,40.5788,0.0091,0.0127,0.0156,0.5788000000000011
10431225_1156000,12/25/2003 03:56:00,yes,yes,410459.789,4119132.6642,40.6193,0.0056,0.0078,0.0096,0.6193000000000026
10431225_1156050,12/25/2003 03:56:05,yes,yes,410456.5916,4119128.882,40.6963,0.0057,0.0079,0.0097,0.6963000000000008
10431225_1156100,12/25/2003 03:56:10,yes,yes,410453.1103,4119125.2476,40.6537,0.007,0.0098,0.0121,0.6537000000000006
10431225_1156150,12/25/2003 03:56:15,yes,yes,410450.1039,4119121.5549,40.7006,0.0077,0.0107,0.0132,0.7006000000000014
10431225_1156200,12/25/2003 03:56:20,yes,yes,410447.7202,4119117.2329,40.5951,0.005,0.007,0.0086,0.5951000000000022
10431225_1156250,12/25/2003 03:56:25,yes,yes,410444.8283,4119113.2863,40.6076,0.0071,0.01,0.0122,0.6075999999999979
10431225_1156300,12/25/2003 03:56:30,yes,yes,410442.8732,4119110.1578,40.6177,0.0073,0.0102,0.0125,0.6176999999999992
10431225_1156350,12/25/2003 03:56:35,yes,yes,410440.2291,4119107.2551,40.6249,0.005,0.007,0.0086,0.6248999999999967
10431225_1156400,12/25/2003 03:56:40,yes,yes,410436.6068,4119104.3775,40.745,0.006,0.0085,0.0104,0.7449999999999974
10431225_1156450,12/25/2003 03:56:45,yes,yes,410432.6753,4119101.6278,40.5689,0.0032,0.0045,0.0055,0.5688999999999993
10431225_1156500,12/25/2003 03:56:50,yes,yes,410430.6065,4119097.5123,40.6372,0.0056,0.0079,0.0097,0.6372
10431225_1156550,12/25/2003 03:56:55,yes,yes,410428.2085,4119093.9605,40.6872,0.0055,0.0077,0.0095,0.6871999999999971
10431225_1157000,12/25/2003 03:57:00,yes,yes,410425.4384,4119090.2677,40.6097,0.0063,0.0088,0.0109,0.6096999999999966
10431225_1157050,12/25/2003 03:57:05,yes,yes,410421.266,4119088.4504,40.6487,0.005,0.007,0.0087,0.6486999999999981
10431225_1157100,12/25/2003 03:57:10,yes,yes,410417.1021,4119086.796,40.6662,0.0057,0.008,0.0098,0.6662000000000035
10431225_1157150,12/25/2003 03:57:15,yes,yes,410414.1569,4119082.643,40.7018,0.0057,0.008,0.0098,0.7017999999999986
10431225_1157200,12/25/2003 03:57:20,yes,yes,410411.4617,4119078.6663,40.6414,0.0072,0.0101,0.0124,0.6413999999999973
10431225_1157250,12/25/2003 03:57:25,yes,yes,410407.5676,4119076.3321,40.6313,0.0049,0.007,0.0085,0.6313000000000031
10431225_1157300,12/25/2003 03:57:30,yes,yes,410403.9209,4119072.9987,40.6739,0.0058,0.0081,0.01,0.6739000000000033
10431225_1157350,12/25/2003 03:57:35,yes,yes,410401.7175,4119069.5279,40.6453,0.005,0.0071,0.0087,0.6452999999999989
10431225_1157400,12/25/2003 03:57:40,yes,yes*,410398.7084,4119066.1754,40.5944,0.0171,0.0241,0.0295,0.5944000000000003
10431225_1157450,12/25/2003 03:57:45,yes,yes,410395.115,4119063.289,40.6383,0.009,0.0128,0.0156,0.638300000000001
10431225_1157500,12/25/2003 03:57:50,yes,yes,410391.7827,4119060.2002,40.6151,0.0078,0.011,0.0135,0.6150999999999982
10431225_1157550,12/25/2003 03:57:55,yes,yes,410389.2399,4119057.1314,40.6509,0.0086,0.0121,0.0148,0.6509
10431225_1158000,12/25/2003 03:58:00,yes,yes,410388.1193,4119055.2197,40.6561,0.0045,0.0064,0.0078,0.6561000000000021
10431225_1158050,12/25/2003 03:58:05,yes,yes,410386.666,4119053.0312,40.6838,0.0068,0.0096,0.0118,0.683799999999998
10431225_1158100,12/25/2003 03:58:10,yes,yes,410384.1739,4119049.3879,40.6791,0.0062,0.0088,0.0108,0.6790999999999983
10431225_1158150,12/25/2003 03:58:15,yes,yes,410380.7355,4119046.3801,40.6074,0.0057,0.008,0.0098,0.6073999999999984
10431225_1158200,12/25/2003 03:58:20,yes,yes,410378.7106,4119043.4971,40.5968,0.006,0.0086,0.0105,0.5968000000000018
10431225_1158250,12/25/2003 03:58:25,yes,yes,410375.5192,4119041.6123,40.9389,0.006,0.0084,0.0103,0.9388999999999967
10431225_1158300,12/25/2003 03:58:30,yes,yes,410372.5768,4119038.597,40.715,0.0088,0.0124,0.0152,0.7150000000000034
10431225_1158350,12/25/2003 03:58:35,yes,yes,410369.8679,4119036.5773,40.69,0.0082,0.0116,0.0142,0.6899999999999977
10431225_1158400,12/25/2003 03:58:40,yes,yes,410366.5209,4119033.9567,40.8476,0.0048,0.0069,0.0084,0.8475999999999999
10431225_1158450,12/25/2003 03:58:45,yes,yes,410363.5639,4119031.758,40.6691,0.0076,0.0108,0.0132,0.6691000000000003
10431225_1158500,12/25/2003 03:58:50,yes,yes,410360.7564,4119029.3855,40.8184,0.0065,0.0092,0.0113,0.8183999999999969
10431225_1158550,12/25/2003 03:58:55,yes,yes,410358.4307,4119025.9727,40.712,0.0069,0.0098,0.012,0.7120000000000033
10431225_1159000,12/25/2003 03:59:00,yes,yes,410356.9437,4119022.9689,40.7217,0.0072,0.0102,0.0125,0.7216999999999985
10431225_1159050,12/25/2003 03:59:05,yes,yes,410354.608,4119020.7032,40.72,0.0068,0.0097,0.0118,0.7199999999999989
10431225_1159100,12/25/2003 03:59:10,yes,yes,410351.6647,4119018.7284,40.6883,0.0066,0.0093,0.0114,0.6882999999999981
10431225_1159150,12/25/2003 03:59:15,yes,yes,410348.3546,4119017.1261,40.9193,0.0066,0.0093,0.0114,0.9192999999999998
10431225_1159200,12/25/2003 03:59:20,yes,yes,410345.5837,4119015.3681,40.7238,0.0075,0.0107,0.013,0.7237999999999971
10431225_1159250,12/25/2003 03:59:25,yes,yes,410342.5091,4119012.5163,40.4936,0.0098,0.0139,0.017,0.4936000000000007
10431225_1159300,12/25/2003 03:59:30,yes,yes,410340.017,4119010.2812,40.6824,0.0074,0.0106,0.013,0.6824000000000012
10431225_1159350,12/25/2003 03:59:35,yes,yes*,410340.1432,4119006.5642,40.6851,0.021,0.0299,0.0365,0.6850999999999985
10431225_1159400,12/25/2003 03:59:40,yes,yes,410337.3705,4119006.7089,41.1285,0.0068,0.0097,0.0119,1.1285000000000025
10431225_1159450,12/25/2003 03:59:45,yes,yes,410333.9295,4119004.2447,40.894,0.0097,0.0138,0.0168,0.8939999999999984
10431225_1159500,12/25/2003 03:59:50,yes,yes,410331.8982,4119001.2754,40.6949,0.0104,0.0148,0.018,0.694899999999997
10431225_1159550,12/25/2003 03:59:55,yes,yes,410328.8606,4118998.8857,40.6614,0.0105,0.015,0.0183,0.6614000000000004
10431225_1200000,12/25/2003 04:00:00,yes,yes,410325.8541,4118996.507,40.6431,0.0069,0.0098,0.012,0.6430999999999969
10431225_1200050,12/25/2003 04:00:05,yes,yes,410321.782,4118994.4208,40.6169,0.0086,0.0123,0.015,0.6169000000000011
10431225_1200100,12/25/2003 04:00:10,yes,yes,410319.4567,4118991.133,40.8126,0.007,0.01,0.0122,0.8126000000000033
10431225_1200150,12/25/2003 04:00:15,yes,yes,410321.0673,4118987.4038,41.2081,0.0096,0.0137,0.0167,1.2081000000000017
10431225_1200200,12/25/2003 04:00:20,yes,yes,410319.851,4118984.7323,40.9095,0.0081,0.0116,0.0141,0.9095000000000013
10431225_1200250,12/25/2003 04:00:25,yes,yes,410320.1092,4118981.4757,41.2421,0.0059,0.0085,0.0104,1.2421000000000006
10431225_1200300,12/25/2003 04:00:30,yes,yes,410321.2783,4118978.8103,41.0494,0.0077,0.011,0.0134,1.0493999999999986
10431225_1200350,12/25/2003 04:00:35,yes,yes,410320.4263,4118975.7033,40.6836,0.0074,0.0106,0.0129,0.6835999999999984
10431225_1200400,12/25/2003 04:00:40,yes,yes,410319.9379,4118973.4338,40.6543,0.0088,0.0126,0.0154,0.6542999999999992
10431225_1200450,12/25/2003 04:00:45,yes,yes,410320.739,4118969.8452,40.7399,0.0079,0.0113,0.0138,0.7398999999999987
10431225_1200500,12/25/2003 04:00:50,yes,yes,410319.6757,4118966.6175,40.6908,0.0067,0.0096,0.0117,0.690800000000003
10431225_1200550,12/25/2003 04:00:55,yes,yes*,410320.5093,4118963.2007,40.7026,0.0144,0.0206,0.0252,0.7025999999999968
10431225_1201000,12/25/2003 04:01:00,yes,yes,410322.0051,4118961.2158,40.7378,0.007,0.01,0.0122,0.7378
10431225_1201050,12/25/2003 04:01:05,yes,yes,410324.8462,4118959.3406,41.2408,0.0072,0.0104,0.0127,1.2408000000000001
10431225_1201100,12/25/2003 04:01:10,yes,yes,410325.3763,4118955.0002,41.0619,0.0065,0.0093,0.0113,1.0619000000000014
10431225_1201150,12/25/2003 04:01:15,yes,yes,410325.9533,4118950.231,41.2306,0.0075,0.0108,0.0131,1.2306000000000026
10431225_1201200,12/25/2003 04:01:20,yes,yes,410324.9656,4118946.4428,41.4806,0.0089,0.0127,0.0155,1.4806000000000026
10431225_1201250,12/25/2003 04:01:25,yes,yes,410324.7303,4118942.7621,41.8834,0.0059,0.0084,0.0103,1.8834000000000017
10431225_1201300,12/25/2003 04:01:30,yes,yes,410324.6005,4118940.0067,41.8448,0.0077,0.0111,0.0135,1.8447999999999993
10431225_1201350,12/25/2003 04:01:35,yes,yes,410324.5369,4118937.4464,41.0813,0.0053,0.0076,0.0092,1.0812999999999988
10431225_1201400,12/25/2003 04:01:40,yes,yes,410322.605,4118934.8707,40.9021,0.0056,0.0081,0.0099,0.9020999999999972
10431225_1201450,12/25/2003 04:01:45,yes,yes*,410319.1425,4118936.1894,41.8477,0.0139,0.0201,0.0244,1.8477000000000032
10431225_1201500,12/25/2003 04:01:50,yes,yes,410317.9168,4118937.9259,42.965,0.0071,0.0102,0.0124,2.9650000000000034
10431225_1201550,12/25/2003 04:01:55,yes,yes,410315.5208,4118938.653,44.1579,0.006,0.0087,0.0106,4.157899999999998
10431225_1202000,12/25/2003 04:02:00,yes,yes,410313.1892,4118937.8741,45.186,0.0072,0.0103,0.0126,5.186
10431225_1202050,12/25/2003 04:02:05,yes,yes,410310.6987,4118936.2263,45.7475,0.0046,0.0066,0.0081,5.747500000000002
10431225_1202100,12/25/2003 04:02:10,yes,yes,410308.5593,4118935.8462,46.709,0.0067,0.0097,0.0118,6.709000000000003
10431225_1202150,12/25/2003 04:02:15,yes,yes,410306.2871,4118935.1581,47.4136,0.0074,0.0107,0.0131,7.413600000000002
10431225_1202200,12/25/2003 04:02:20,yes,yes,410304.003,4118933.2459,48.1283,0.0064,0.0092,0.0112,8.128300000000003
10431225_1202250,12/25/2003 04:02:25,yes,yes,410303.298,4118931.9741,47.9945,0.0081,0.0117,0.0142,7.994500000000002
10431225_1202300,12/25/2003 04:02:30,yes,yes,410303.4398,4118932.2225,48.0244,0.006,0.0087,0.0106,8.0244
10431225_1202350,12/25/2003 04:02:35,yes,yes,410303.4386,4118932.1739,48.0216,0.0067,0.0097,0.0118,8.0216
10431225_1202400,12/25/2003 04:02:40,yes,yes,410303.4086,4118932.2405,48.0184,0.0092,0.0134,0.0163,8.0184
10431225_1202450,12/25/2003 04:02:45,yes,yes,410303.4312,4118932.2271,48.0235,0.0086,0.0124,0.0151,8.023499999999999
10431225_1202500,12/25/2003 04:02:50,yes,yes,410303.4077,4118932.2175,48.0202,0.0072,0.0105,0.0128,8.020200000000003
Break,12/25/2003 04:02:55,yes,yes,410303.4285,4118932.2315,48.0129,0.0068,0.0098,0.0119,8.012900000000002
10431225_1203000,12/25/2003 04:03:00,yes,yes,410303.2915,4118931.9683,47.9973,0.0078,0.0113,0.0138,7.997300000000003
10431225_1203050,12/25/2003 04:03:05,yes,yes,410303.3502,4118932.1275,48.0055,0.0095,0.0139,0.0169,8.005499999999998
10431225_1203100,12/25/2003 04:03:10,yes,yes,410303.3483,4118932.0056,48.0051,0.009,0.0131,0.0159,8.005099999999999
10431225_1203150,12/25/2003 04:03:15,yes,yes,410300.2336,4118931.9807,48.7729,0.0095,0.0139,0.0169,8.7729
10431225_1203200,12/25/2003 04:03:20,yes,yes,410296.9704,4118932.1984,49.1023,0.0111,0.0163,0.0197,9.1023
10431225_1203250,12/25/2003 04:03:25,yes,yes,410293.6849,4118931.7088,48.5913,0.009,0.0131,0.0159,8.591299999999997
10431225_1203300,12/25/2003 04:03:30,yes,yes,410292.1981,4118929.7701,47.6426,0.0069,0.0101,0.0122,7.642600000000002
10431225_1203350,12/25/2003 04:03:35,yes,yes,410289.5554,4118927.7537,46.5172,0.0066,0.0097,0.0118,6.5172000000000025
10431225_1203400,12/25/2003 04:03:40,yes,yes,410290.0295,4118926.1435,45.8953,0.004,0.0059,0.0072,5.895299999999999
10431225_1203450,12/25/2003 04:03:45,yes,yes,410291.416,4118923.7214,44.6959,0.0051,0.0075,0.0091,4.695900000000002
10431225_1203500,12/25/2003 04:03:50,yes,yes,410294.8715,4118922.4683,43.6344,0.0072,0.0106,0.0128,3.6343999999999994
10431225_1203550,12/25/2003 04:03:55,yes,yes,410299.0768,4118923.8491,42.6368,0.0053,0.0078,0.0094,2.636800000000001
10431225_1204000,12/25/2003 04:04:00,yes,yes,410302.1906,4118924.7418,41.6466,0.0058,0.0085,0.0103,1.6465999999999994
10431225_1204050,12/25/2003 04:04:05,yes,yes,410304.156,4118926.4215,40.8213,0.0087,0.0129,0.0155,0.8213000000000008
10431225_1204100,12/25/2003 04:04:10,yes,yes,410305.6792,4118928.7517,40.8391,0.0235,0.0238,0.0334,0.839100000000002
10431225_1204150,12/25/2003 04:04:15,yes,yes,410308.2352,4118930.4931,40.7091,0.0268,0.0273,0.0382,0.7090999999999994
10431225_1204200,12/25/2003 04:04:20,yes,yes,410309.0,4118930.5146,41.0505,0.0334,0.034,0.0476,1.0504999999999995
10431225_1204250,12/25/2003 04:04:25,yes,yes,410309.0288,4118930.5024,41.0435,0.025,0.0255,0.0357,1.0435000000000016
10431225_1204300,12/25/2003 04:04:30,yes,yes,410309.0085,4118930.5041,41.023,0.0332,0.034,0.0475,1.0230000000000032
Restart,12/25/2003 04:04:35,yes,yes,410309.0042,4118930.5556,40.9966,0.0282,0.0289,0.0403,0.9966000000000008
10431225_1204400,12/25/2003 04:04:40,yes,yes,410308.9139,4118930.3923,40.9297,0.0252,0.0259,0.0361,0.9296999999999969
10431225_1205450,12/25/2003 04:05:45,yes,yes*,410281.1517,4118908.888,44.5763,0.0001,0.0001,0.0001,4.576300000000003
10431225_1205500,12/25/2003 04:05:50,yes,yes*,410278.177,4118907.3412,44.6675,0.0035,0.0058,0.0068,4.667499999999997
10431225_1205550,12/25/2003 04:05:55,yes,yes*,410277.482,4118906.5287,44.4445,0.0103,0.0168,0.0197,4.444499999999998
10431225_1206000,12/25/2003 04:06:00,yes,yes*,410277.4813,4118906.4828,44.4491,0.0124,0.0202,0.0237,4.449100000000001
10431225_1206050,12/25/2003 04:06:05,yes,yes*,410277.5171,4118906.4783,44.4369,0.007,0.0114,0.0134,4.436900000000001
Break2,12/25/2003 04:06:10,yes,yes,410277.5355,4118906.5167,44.427,0.0112,0.0182,0.0214,4.427
10431225_1206150,12/25/2003 04:06:15,yes,yes,410276.9343,4118907.1073,44.5309,0.0122,0.0197,0.0232,4.530900000000003
10431225_1206200,12/25/2003 04:06:20,yes,yes,410275.7224,4118909.4715,45.4257,0.0052,0.0084,0.0099,5.425699999999999
10431225_1206250,12/25/2003 04:06:25,yes,yes,410272.1542,4118907.5297,46.1426,0.01,0.0162,0.019,6.142600000000002
10431225_1206300,12/25/2003 04:06:30,yes,yes,410267.2665,4118904.842,45.9353,0.0056,0.0091,0.0107,5.935299999999998
10431225_1206350,12/25/2003 04:06:35,yes,yes,410263.0505,4118903.6354,45.3512,0.0056,0.0091,0.0106,5.351199999999999
10431225_1206400,12/25/2003 04:06:40,yes,yes,410259.3421,4118902.719,45.311,0.0088,0.0144,0.0169,5.311
10431225_1206450,12/25/2003 04:06:45,yes,yes,410257.738,4118898.8571,46.0497,0.0095,0.0155,0.0182,6.049700000000001
10431225_1206500,12/25/2003 04:06:50,yes,yes,410256.5792,4118895.7918,47.1048,0.0069,0.0113,0.0133,7.104799999999997
10431225_1206550,12/25/2003 04:06:55,yes,yes,410255.6017,4118892.5438,48.1668,0.0052,0.0085,0.01,8.166800000000002
10431225_1207000,12/25/2003 04:07:00,yes,yes,410255.6936,4118887.6937,48.3313,0.0072,0.0118,0.0139,8.331299999999999
10431225_1207050,12/25/2003 04:07:05,yes,yes,410256.0529,4118883.0847,48.6696,0.0062,0.0101,0.0118,8.669600000000003
10431225_1207100,12/25/2003 04:07:10,yes,yes,410255.6848,4118878.6049,48.7433,0.0044,0.0072,0.0084,8.743299999999998
10431225_1207150,12/25/2003 04:07:15,yes,yes,410254.6016,4118874.1788,48.7407,0.0107,0.0174,0.0205,8.740699999999997
10431225_1207200,12/25/2003 04:07:20,yes,yes,410255.5308,4118869.5694,48.0398,0.0074,0.012,0.0141,8.0398
10431225_1207250,12/25/2003 04:07:25,yes,yes,410258.1757,4118865.4524,47.9498,0.0061,0.0099,0.0116,7.949800000000003
10431225_1207300,12/25/2003 04:07:30,yes,yes,410259.4974,4118860.2667,47.5752,0.0041,0.0067,0.0079,7.575200000000002
10431225_1207350,12/25/2003 04:07:35,yes,yes,410262.0219,4118856.2004,47.8076,0.0022,0.0035,0.0042,7.807600000000001
10431225_1207400,12/25/2003 04:07:40,yes,yes,410261.3671,4118852.4339,47.6167,0.0074,0.0121,0.0142,7.616700000000002
10431225_1207450,12/25/2003 04:07:45,yes,yes,410262.0541,4118848.2761,46.6145,0.0061,0.0099,0.0116,6.6145
10431225_1207500,12/25/2003 04:07:50,yes,yes,410265.7299,4118849.2724,45.6678,0.0048,0.0079,0.0093,5.6678
10431225_1207550,12/25/2003 04:07:55,yes,yes,410269.0527,4118851.2751,44.6125,0.0064,0.0105,0.0123,4.612499999999997
10431225_1208000,12/25/2003 04:08:00,yes,yes,410268.4817,4118848.1722,44.2652,0.0028,0.0046,0.0054,4.2652
10431225_1208050,12/25/2003 04:08:05,yes,yes,410267.566,4118843.7856,43.9397,0.0039,0.0064,0.0075,3.939700000000002
10431225_1208100,12/25/2003 04:08:10,yes,yes,410267.5796,4118839.1858,43.2252,0.0065,0.0108,0.0126,3.225200000000001
10431225_1208150,12/25/2003 04:08:15,yes,yes,410266.4004,4118836.5292,43.4256,0.0073,0.012,0.0141,3.425600000000003
10431225_1208200,12/25/2003 04:08:20,yes,yes,410264.3308,4118834.0234,43.4553,0.0033,0.0055,0.0064,3.455300000000001
10431225_1208250,12/25/2003 04:08:25,yes,yes,410264.4265,4118830.3351,42.4781,0.0089,0.0147,0.0172,2.4780999999999977
10431225_1208300,12/25/2003 04:08:30,yes,yes,410268.683,4118831.9934,41.3643,0.0092,0.0152,0.0178,1.3643
10431225_1208350,12/25/2003 04:08:35,yes,yes,410271.6118,4118834.2769,40.7023,0.0064,0.0106,0.0124,0.702300000000001
10431225_1208400,12/25/2003 04:08:40,yes,yes,410272.4228,4118835.4954,40.635,0.0057,0.0095,0.0111,0.634999999999998
10431225_1208450,12/25/2003 04:08:45,yes,yes,410272.4083,4118835.5417,40.6271,0.0059,0.0097,0.0113,0.6270999999999987
10431225_1208500,12/25/2003 04:08:50,yes,yes,410272.4258,4118835.5657,40.6196,0.0047,0.0078,0.0091,0.6195999999999984
Restart2,12/25/2003 04:08:55,yes,yes,410272.423,4118835.5579,40.6248,0.0034,0.0056,0.0066,0.6248000000000005
10431225_1209000,12/25/2003 04:09:00,yes,yes,410273.0255,4118835.2315,40.6095,0.0037,0.0062,0.0072,0.609499999999997
10431225_1209050,12/25/2003 04:09:05,yes,yes*,410277.2364,4118832.5096,40.6085,0.0162,0.0269,0.0314,0.6084999999999994
10431225_1209100,12/25/2003 04:09:10,yes,yes,410276.8015,4118827.6707,40.5994,0.0037,0.0061,0.0071,0.5994000000000028
10431225_1209150,12/25/2003 04:09:15,yes,yes,410277.8609,4118822.5046,40.5636,0.0032,0.0053,0.0062,0.563600000000001
10431225_1209200,12/25/2003 04:09:20,yes,yes,410278.8474,4118817.1313,40.6116,0.0122,0.0202,0.0236,0.6116000000000028
10431225_1209250,12/25/2003 04:09:25,yes,yes,410279.8737,4118811.486,40.6014,0.0047,0.0079,0.0092,0.6013999999999982
10431225_1209300,12/25/2003 04:09:30,yes,yes,410283.6511,4118807.6326,40.6089,0.004,0.0067,0.0078,0.6088999999999984
10431225_1209350,12/25/2003 04:09:35,yes,yes,410288.845,4118805.8721,40.6097,0.0034,0.0057,0.0066,0.6096999999999966
10431225_1209400,12/25/2003 04:09:40,yes,yes,410293.8521,4118803.7234,40.6445,0.0029,0.0048,0.0056,0.6445000000000007
10431225_1209450,12/25/2003 04:09:45,yes,yes,410299.0269,4118801.6078,40.573,0.0029,0.0048,0.0056,0.5730000000000004
10431225_1209500,12/25/2003 04:09:50,yes,yes,410303.3213,4118798.1106,40.6022,0.0045,0.0075,0.0088,0.6022000000000034
10431225_1209550,12/25/2003 04:09:55,yes,yes,410307.4713,4118794.5709,40.6127,0.002,0.0034,0.004,0.6126999999999967
10431225_1210000,12/25/2003 04:10:00,yes,yes,410310.8251,4118790.3385,40.6257,0.0036,0.006,0.007,0.6257000000000019
10431225_1210050,12/25/2003 04:10:05,yes,yes,410313.9566,4118785.4789,40.5873,0.0038,0.0069,0.0079,0.587299999999999
10431225_1210100,12/25/2003 04:10:10,yes,yes,410317.4994,4118780.8611,40.5976,0.0038,0.0069,0.0079,0.5975999999999999
10431225_1210150,12/25/2003 04:10:15,yes,yes,410320.7489,4118776.3247,40.6087,0.0033,0.006,0.0069,0.6086999999999989
10431225_1210200,12/25/2003 04:10:20,yes,yes,410322.9147,4118772.4532,40.6026,0.0056,0.0101,0.0116,0.6026000000000025
10431225_1210250,12/25/2003 04:10:25,yes,yes,410323.9398,4118768.0451,40.6169,0.0043,0.0077,0.0088,0.6169000000000011
10431225_1210300,12/25/2003 04:10:30,yes,yes,410324.3156,4118762.9956,40.5633,0.0042,0.0076,0.0087,0.5632999999999981
10431225_1210350,12/25/2003 04:10:35,yes,yes,410324.3019,4118758.3706,40.6388,0.0036,0.0065,0.0074,0.6388000000000034
10431225_1210400,12/25/2003 04:10:40,yes,yes,410324.9172,4118753.929,40.5703,0.0024,0.0043,0.005,0.5703000000000031
10431225_1210450,12/25/2003 04:10:45,yes,yes,410326.7495,4118749.7526,40.6334,0.008,0.0146,0.0167,0.6334000000000017
10431225_1210500,12/25/2003 04:10:50,yes,yes,410328.482,4118746.4261,40.6008,0.0062,0.0112,0.0128,0.6007999999999996
10431225_1210550,12/25/2003 04:10:55,yes,yes,410329.3844,4118743.281,40.6,0.0038,0.0069,0.0079,0.6000000000000014
10431225_1211000,12/25/2003 04:11:00,yes,yes,410329.6009,4118741.8725,40.6028,0.0037,0.0068,0.0078,0.602800000000002
10431225_1211050,12/25/2003 04:11:05,yes,yes,410329.656,4118741.1798,40.6069,0.005,0.0091,0.0104,0.6069000000000031
10431225_1211100,12/25/2003 04:11:10,yes,yes,410329.6017,4118740.5987,40.6139,0.0044,0.0081,0.0092,0.613900000000001
10431225_1211150,12/25/2003 04:11:15,yes,yes,410329.9047,4118739.3416,40.6106,0.004,0.0072,0.0082,0.610599999999998
10431225_1211200,12/25/2003 04:11:20,yes,yes,410329.8266,4118739.2724,40.6207,0.0055,0.0101,0.0115,0.6206999999999994
10431225_1211250,12/25/2003 04:11:25,yes,yes,410330.1314,4118738.503,40.6132,0.0058,0.0106,0.0121,0.6131999999999991
10431225_1211300,12/25/2003 04:11:30,yes,yes,410330.1824,4118738.5135,40.6138,0.0042,0.0077,0.0088,0.6137999999999977
10431225_1211350,12/25/2003 04:11:35,yes,yes,410330.6216,4118737.4989,40.5838,0.0089,0.0163,0.0186,0.5837999999999965
10431225_1211400,12/25/2003 04:11:40,yes,yes,410331.1143,4118734.297,40.5946,0.0043,0.0078,0.0089,0.5945999999999998
10431225_1211450,12/25/2003 04:11:45,yes,yes,410331.9204,4118729.7858,40.6078,0.0047,0.0087,0.0099,0.6077999999999975
10431225_1211500,12/25/2003 04:11:50,yes,yes,410332.7227,4118724.891,40.618,0.0042,0.0077,0.0088,0.6180000000000021
10431225_1211550,12/25/2003 04:11:55,yes,yes,410333.3679,4118719.9123,40.6122,0.0037,0.0068,0.0078,0.6122000000000014
10431225_1212000,12/25/2003 04:12:00,yes,yes,410332.9958,4118714.4794,40.6279,0.0052,0.0097,0.011,0.6278999999999968
10431225_1212050,12/25/2003 04:12:05,yes,yes,410333.4206,4118708.6204,40.6313,0.0069,0.0128,0.0145,0.6313000000000031
10431225_1212100,12/25/2003 04:12:10,yes,yes,410333.5641,4118702.9519,40.6147,0.0047,0.0087,0.0099,0.6146999999999991
10431225_1212150,12/25/2003 04:12:15,yes,yes,410333.163,4118697.8234,40.6207,0.0047,0.0087,0.0099,0.6206999999999994
10431225_1212200,12/25/2003 04:12:20,yes,yes,410332.6262,4118692.5137,40.5954,0.0079,0.0146,0.0166,0.5953999999999979
10431225_1212250,12/25/2003 04:12:25,yes,yes,410331.4979,4118687.4694,40.5938,0.0073,0.0135,0.0153,0.5938000000000017
10431225_1212300,12/25/2003 04:12:30,yes,yes,410330.3749,4118684.0852,40.6349,0.0091,0.0169,0.0192,0.6349000000000018
10431225_1212350,12/25/2003 04:12:35,yes,yes,410329.4007,4118679.4749,40.6388,0.0055,0.0103,0.0117,0.6388000000000034
10431225_1212400,12/25/2003 04:12:40,yes,yes,410331.0357,4118675.0143,40.6202,0.0065,0.0121,0.0137,0.620199999999997
10431225_1212450,12/25/2003 04:12:45,yes,yes,410331.0723,4118670.7082,40.6705,0.0054,0.01,0.0114,0.670499999999997
10431225_1212500,12/25/2003 04:12:50,yes,yes,410330.9861,4118666.1963,40.5709,0.0066,0.0124,0.014,0.5709000000000017
10431225_1212550,12/25/2003 04:12:55,yes,yes,410330.7592,4118661.7077,40.5323,0.0073,0.0136,0.0154,0.5322999999999993
10431225_1213000,12/25/2003 04:13:00,yes,yes,410329.9138,4118656.9914,40.6702,0.0069,0.0128,0.0145,0.6702000000000012
10431225_1213050,12/25/2003 04:13:05,yes,yes,410328.9636,4118651.8117,40.6427,0.009,0.0168,0.0191,0.6426999999999978
10431225_1213100,12/25/2003 04:13:10,yes,yes,410328.7192,4118646.3625,40.5983,0.0055,0.0102,0.0115,0.5983000000000018
10431225_1213150,12/25/2003 04:13:15,yes,yes,410328.7513,4118640.9974,40.6056,0.0066,0.0123,0.0139,0.6056000000000026
10431225_1213200,12/25/2003 04:13:20,yes,yes,410329.4145,4118635.5565,40.5949,0.0068,0.0127,0.0144,0.5949000000000026
10431225_1213250,12/25/2003 04:13:25,yes,yes,410332.2059,4118631.2579,40.6129,0.0064,0.0119,0.0135,0.6129000000000033
10431225_1213300,12/25/2003 04:13:30,yes,yes,410333.7079,4118626.3108,40.6202,0.002,0.0038,0.0043,0.620199999999997
10431225_1213350,12/25/2003 04:13:35,yes,yes,410333.9703,4118622.6527,40.4957,0.0065,0.0122,0.0138,0.49569999999999936
10431225_1213400,12/25/2003 04:13:40,yes,yes,410333.7872,4118619.8972,40.5777,0.0069,0.0129,0.0146,0.5777000000000001
10431225_1213450,12/25/2003 04:13:45,yes,yes,410333.8068,4118615.1758,40.6424,0.0061,0.0115,0.013,0.6424000000000021
10431225_1213500,12/25/2003 04:13:50,yes,yes,410332.8013,4118609.7211,40.6215,0.0031,0.0059,0.0066,0.6214999999999975
10431225_1213550,12/25/2003 04:13:55,yes,yes,410332.1461,4118604.6393,40.6401,0.0044,0.0083,0.0094,0.6400999999999968
10431225_1214000,12/25/2003 04:14:00,yes,yes,410330.4684,4118600.1197,40.6198,0.004,0.0075,0.0085,0.6197999999999979
10431225_1214050,12/25/2003 04:14:05,yes,yes,410329.8126,4118594.8512,40.6009,0.0041,0.0076,0.0087,0.6009000000000029
10431225_1214100,12/25/2003 04:14:10,yes,yes,410330.3281,4118589.9192,40.5965,0.0046,0.0087,0.0098,0.5964999999999989
10431225_1214150,12/25/2003 04:14:15,yes,yes,410330.7472,4118585.4213,40.633,0.0031,0.0059,0.0067,0.6330000000000027
10431225_1214200,12/25/2003 04:14:20,yes,yes,410329.8502,4118583.7432,40.4664,0.0051,0.0096,0.0109,0.46640000000000015
10431225_1214250,12/25/2003 04:14:25,yes,yes,410330.9888,4118580.7826,40.6026,0.0086,0.0162,0.0183,0.6026000000000025
10431225_1214300,12/25/2003 04:14:30,yes,yes,410332.3778,4118577.2262,40.5963,0.0036,0.0068,0.0077,0.5962999999999994
10431225_1214350,12/25/2003 04:14:35,yes,yes,410331.8889,4118576.1448,40.5058,0.0024,0.0046,0.0052,0.5058000000000007
10431225_1214400,12/25/2003 04:14:40,yes,yes,410330.0707,4118574.4598,40.6278,0.009,0.017,0.0192,0.6278000000000006
10431225_1214450,12/25/2003 04:14:45,yes,yes,410326.5603,4118573.1578,40.7413,0.0057,0.0107,0.0121,0.7413000000000025
10431225_1214500,12/25/2003 04:14:50,yes,yes,410325.2952,4118568.4692,40.6629,0.0053,0.0101,0.0114,0.6629000000000005
10431225_1214550,12/25/2003 04:14:55,yes,yes,410324.2583,4118563.1796,40.6068,0.0047,0.0089,0.0101,0.6067999999999998
10431225_1215000,12/25/2003 04:15:00,yes,yes,410324.0367,4118558.0073,40.6235,0.0054,0.0104,0.0117,0.6234999999999999
10431225_1215050,12/25/2003 04:15:05,yes,yes,410325.0645,4118552.8164,40.6423,0.0048,0.0091,0.0103,0.6422999999999988
10431225_1215100,12/25/2003 04:15:10,yes,yes,410324.8242,4118547.8664,40.6889,0.0103,0.0196,0.0221,0.6888999999999967
10431225_1215150,12/25/2003 04:15:15,yes,yes,410323.1585,4118543.142,40.6511,0.0076,0.0145,0.0163,0.6510999999999996
10431225_1215200,12/25/2003 04:15:20,yes,yes,410321.3627,4118538.2039,40.6302,0.0054,0.0103,0.0116,0.6302000000000021
10431225_1215250,12/25/2003 04:15:25,yes,yes,410319.4923,4118533.3547,40.607,0.0047,0.0089,0.0101,0.6069999999999993
10431225_1215300,12/25/2003 04:15:30,yes,yes,410317.5355,4118528.3021,40.6193,0.0061,0.0117,0.0132,0.6193000000000026
10431225_1215350,12/25/2003 04:15:35,yes,yes,410315.5003,4118523.6557,40.669,0.0056,0.0108,0.0122,0.6689999999999969
10431225_1215400,12/25/2003 04:15:40,yes,yes,410313.195,4118520.5679,40.7166,0.0088,0.0168,0.019,0.7165999999999997
10431225_1215450,12/25/2003 04:15:45,yes,yes,410312.6899,4118519.1488,40.701,0.0119,0.0227,0.0256,0.7010000000000005
10431225_1215500,12/25/2003 04:15:50,yes,yes,410311.0873,4118515.7639,40.662,0.0056,0.0107,0.0121,0.661999999999999
10431225_1215550,12/25/2003 04:15:55,yes,yes,410307.7181,4118512.4947,40.5578,0.0062,0.0119,0.0134,0.5578000000000003
10431225_1216000,12/25/2003 04:16:00,yes,yes,410309.5942,4118509.1331,40.7432,0.005,0.0095,0.0107,0.7432000000000016
10431225_1216500,12/25/2003 04:16:50,yes,yes,410310.5881,4118487.1977,40.6352,0.0001,0.0001,0.0001,0.6351999999999975
LagoonEnd,12/25/2003 04:16:55,yes,yes,410310.5788,4118487.1868,40.6399,0.004,0.0077,0.0087,0.6398999999999972
10431225_1217000,12/25/2003 04:17:00,yes,yes,410310.6841,4118487.281,40.6489,0.005,0.0096,0.0108,0.6488999999999976
10431225_1217050,12/25/2003 04:17:05,yes,yes,410307.0744,4118487.7207,41.001,0.0155,0.0302,0.0339,1.0009999999999977
10431225_1217100,12/25/2003 04:17:10,yes,yes,410302.7377,4118490.8937,41.1623,0.0068,0.0132,0.0149,1.1623000000000019
10431225_1217150,12/25/2003 04:17:15,yes,yes*,410300.2305,4118494.839,41.4573,0.0169,0.0328,0.0369,1.4572999999999965
10431225_1217200,12/25/2003 04:17:20,yes,yes,410298.0595,4118498.4344,41.8635,0.0046,0.009,0.0102,1.863500000000002
10431225_1217250,12/25/2003 04:17:25,yes,yes,410294.7012,4118502.1829,41.8342,0.0051,0.0099,0.0111,1.8342000000000027
10431225_1217300,12/25/2003 04:17:30,yes,yes,410291.9279,4118505.8069,41.7054,0.0095,0.0184,0.0207,1.7053999999999974
10431225_1217350,12/25/2003 04:17:35,yes,yes,410291.2538,4118511.0066,41.1536,0.0081,0.0159,0.0178,1.1535999999999973
10431225_1217400,12/25/2003 04:17:40,yes,yes,410290.6087,4118516.5335,41.1248,0.0085,0.0166,0.0187,1.1248000000000005
10431225_1217450,12/25/2003 04:17:45,yes,yes,410287.2011,4118520.7773,41.2982,0.0073,0.0142,0.016,1.2982000000000014
10431225_1217500,12/25/2003 04:17:50,yes,yes,410285.8027,4118525.8555,41.6056,0.0098,0.0192,0.0215,1.6056000000000026
10431225_1217550,12/25/2003 04:17:55,yes,yes,410284.3799,4118530.9818,41.8196,0.0158,0.0309,0.0347,1.8196000000000012
10431225_1218000,12/25/2003 04:18:00,yes,yes,410279.826,4118532.5731,42.1498,0.0089,0.0174,0.0196,2.149799999999999
10431225_1218050,12/25/2003 04:18:05,yes,yes,410274.6593,4118532.6236,42.4804,0.0069,0.0134,0.0151,2.480400000000003
10431225_1218100,12/25/2003 04:18:10,yes,yes,410270.7821,4118535.3866,42.9273,0.0044,0.0086,0.0097,2.9273000000000025
10431225_1218150,12/25/2003 04:18:15,yes,yes,410266.0775,4118535.0742,43.1182,0.0075,0.0146,0.0164,3.1182000000000016
10431225_1218200,12/25/2003 04:18:20,yes,yes,410260.8052,4118533.2436,43.2226,0.0066,0.0129,0.0145,3.2226
10431225_1218250,12/25/2003 04:18:25,yes,yes,410258.4855,4118534.0783,43.161,0.0062,0.0122,0.0137,3.1610000000000014
10431225_1218300,12/25/2003 04:18:30,yes,yes,410258.4766,4118534.0923,43.1729,0.008,0.0158,0.0177,3.1728999999999985
10431225_1218350,12/25/2003 04:18:35,yes,yes,410258.4505,4118534.0932,43.1645,0.0065,0.0129,0.0145,3.1644999999999968
Stram1,12/25/2003 04:18:40,yes,yes,410258.4686,4118534.0521,43.1581,0.0093,0.0183,0.0205,3.1580999999999975
10431225_1218450,12/25/2003 04:18:45,yes,yes,410258.5974,4118534.9698,43.1349,0.0062,0.0123,0.0137,3.134900000000002
10431225_1218500,12/25/2003 04:18:50,yes,yes,410259.1728,4118539.4964,42.8837,0.006,0.0119,0.0134,2.8836999999999975
10431225_1218550,12/25/2003 04:18:55,yes,yes,410260.2704,4118544.2763,42.784,0.0059,0.0117,0.0131,2.783999999999999
10431225_1219000,12/25/2003 04:19:00,yes,yes,410258.6883,4118548.5069,42.6456,0.0052,0.0103,0.0115,2.6456000000000017
10431225_1219050,12/25/2003 04:19:05,yes,yes,410254.2635,4118549.6829,42.4761,0.0062,0.0122,0.0137,2.4761000000000024
10431225_1219100,12/25/2003 04:19:10,yes,yes,410250.822,4118548.9867,42.2658,0.003,0.0059,0.0066,2.2657999999999987
10431225_1219150,12/25/2003 04:19:15,yes,yes,410246.143,4118547.7753,42.3772,0.0065,0.0128,0.0143,2.377200000000002
10431225_1219200,12/25/2003 04:19:20,yes,yes,410240.4643,4118547.1759,42.525,0.0064,0.0127,0.0143,2.5249999999999986
10431225_1219250,12/25/2003 04:19:25,yes,yes,410235.2302,4118546.3576,42.7558,0.0122,0.0241,0.027,2.7558000000000007
10431225_1219300,12/25/2003 04:19:30,yes,yes,410230.2999,4118544.8332,43.0169,0.0089,0.0217,0.0234,3.0168999999999997
10431225_1219350,12/25/2003 04:19:35,yes,yes,410230.2999,4118544.8332,43.0169,0.0089,0.0217,0.0234,3.0168999999999997
10431225_1219400,12/25/2003 04:19:40,yes,yes,410230.2999,4118544.8332,43.0169,0.0089,0.0217,0.0234,3.0168999999999997
10431225_1231000,12/25/2003 04:31:00,yes,yes*,410226.9548,4118700.3613,44.178,0.0001,0.0001,0.0001,4.177999999999997
10431225_1231050,12/25/2003 04:31:05,yes,yes*,410226.9236,4118701.8527,44.2519,0.0048,0.0104,0.0115,4.251899999999999
10431225_1231100,12/25/2003 04:31:10,yes,yes*,410226.9343,4118701.8544,44.2299,0.0046,0.0099,0.0109,4.229900000000001
Stream3,12/25/2003 04:31:15,yes,yes*,410226.9259,4118701.8978,44.2436,0.0043,0.0092,0.0102,4.243600000000001
10431225_1231200,12/25/2003 04:31:20,yes,yes*,410226.8913,4118702.6186,44.1412,0.0085,0.0184,0.0202,4.141199999999998
10431225_1231250,12/25/2003 04:31:25,yes,yes*,410227.2793,4118707.108,44.217,0.0064,0.0138,0.0152,4.216999999999999
10431225_1231300,12/25/2003 04:31:30,yes,yes*,410230.4936,4118710.73,44.0828,0.0141,0.0303,0.0334,4.082799999999999
10431225_1231350,12/25/2003 04:31:35,yes,yes*,410235.1268,4118711.3673,43.9397,0.0107,0.023,0.0254,3.939700000000002
10431225_1231400,12/25/2003 04:31:40,yes,yes*,410239.9675,4118712.571,43.582,0.0054,0.0116,0.0128,3.5820000000000007
10431225_1231450,12/25/2003 04:31:45,yes,yes*,410245.1152,4118713.2527,43.3034,0.0067,0.0144,0.0159,3.3034000000000034
10431225_1231500,12/25/2003 04:31:50,yes,yes*,410250.2688,4118714.0452,43.1177,0.008,0.0172,0.0189,3.1176999999999992
10431225_1231550,12/25/2003 04:31:55,yes,yes*,410254.9445,4118716.6664,42.9892,0.0086,0.0184,0.0203,2.9891999999999967
10431225_1232000,12/25/2003 04:32:00,yes,yes*,410257.5296,4118721.0623,42.8647,0.0111,0.0238,0.0263,2.864699999999999
10431225_1232050,12/25/2003 04:32:05,yes,yes*,410258.1856,4118726.0815,42.6085,0.0091,0.0196,0.0216,2.6084999999999994
10431225_1232100,12/25/2003 04:32:10,yes,yes*,410260.2844,4118730.8762,42.3028,0.009,0.0195,0.0215,2.3027999999999977
10431225_1232150,12/25/2003 04:32:15,yes,yes*,410262.5155,4118736.1378,42.1935,0.0136,0.0293,0.0323,2.1935000000000002
10431225_1232200,12/25/2003 04:32:20,yes,yes*,410264.9338,4118740.7516,42.0724,0.0083,0.0179,0.0198,2.072400000000002
10431225_1232250,12/25/2003 04:32:25,yes,yes*,410268.4017,4118745.3549,41.9344,0.0064,0.0137,0.0151,1.9343999999999966
10431225_1232300,12/25/2003 04:32:30,yes,yes*,410272.147,4118749.4959,41.7765,0.0064,0.0139,0.0153,1.7764999999999986
10431225_1232350,12/25/2003 04:32:35,yes,yes*,410273.2266,4118755.0211,41.87,0.0108,0.0232,0.0256,1.8699999999999974
10431225_1232400,12/25/2003 04:32:40,yes,yes*,410274.0629,4118760.3108,42.1684,0.0075,0.0163,0.0179,2.1683999999999983
10431225_1232450,12/25/2003 04:32:45,yes,yes*,410275.8613,4118765.4148,42.2432,0.0069,0.0148,0.0163,2.2432000000000016
10431225_1232500,12/25/2003 04:32:50,yes,yes*,410278.2281,4118770.0793,42.4817,0.0091,0.0198,0.0218,2.4816999999999965
10431225_1232550,12/25/2003 04:32:55,yes,yes*,410276.5189,4118774.9153,42.9811,0.0084,0.0181,0.0199,2.981099999999998
10431225_1233000,12/25/2003 04:33:00,yes,yes*,410275.4256,4118779.5148,43.1653,0.0091,0.0198,0.0218,3.165300000000002
10431225_1233050,12/25/2003 04:33:05,yes,yes*,410273.97,4118783.5501,42.9563,0.0044,0.0095,0.0105,2.956299999999999
10431225_1233100,12/25/2003 04:33:10,yes,yes*,410271.2889,4118787.1083,42.6791,0.0068,0.0148,0.0163,2.6790999999999983
10431225_1233150,12/25/2003 04:33:15,yes,yes*,410269.7573,4118792.1491,42.2299,0.0065,0.0141,0.0156,2.2299000000000007
10431225_1233200,12/25/2003 04:33:20,yes,yes*,410269.8951,4118796.842,41.2813,0.0049,0.0105,0.0116,1.2813000000000017
10431225_1233250,12/25/2003 04:33:25,yes,yes*,410267.3512,4118801.9282,41.221,0.0032,0.0069,0.0076,1.2209999999999965
10431225_1233300,12/25/2003 04:33:30,yes,yes*,410264.9245,4118807.3601,41.1668,0.0037,0.0081,0.0089,1.166800000000002
10431225_1233350,12/25/2003 04:33:35,yes,yes*,410263.445,4118813.1156,41.062,0.0142,0.0308,0.0339,1.0619999999999976
10431225_1233400,12/25/2003 04:33:40,yes,yes*,410262.8514,4118818.7343,41.1174,0.009,0.0195,0.0215,1.1174000000000035
10431225_1233450,12/25/2003 04:33:45,yes,yes*,410263.1165,4118824.0305,41.2985,0.0069,0.0149,0.0165,1.298499999999997
10431225_1233500,12/25/2003 04:33:50,yes,yes*,410263.8681,4118825.664,41.3739,0.0074,0.0161,0.0177,1.373899999999999
10431225_1233550,12/25/2003 04:33:55,yes,yes*,410263.8713,4118825.6704,41.3831,0.0111,0.024,0.0264,1.3830999999999989
10431225_1234000,12/25/2003 04:34:00,yes,yes*,410263.8562,4118825.7055,41.383,0.0058,0.0126,0.0139,1.3830000000000027
Stream4,12/25/2003 04:34:00,yes,yes*,410264.0624,4118826.1501,41.3302,0.0077,0.0167,0.0184,1.3301999999999978
10431225_1234100,12/25/2003 04:34:10,yes,yes*,410268.5443,4118829.7461,40.9666,0.0051,0.0111,0.0122,0.9665999999999997
10431225_1234150,12/25/2003 04:34:15,yes,yes*,410271.672,4118833.7316,40.6959,0.0092,0.0199,0.0219,0.6959000000000017
