name_1,year,front_distance_m,intersected_segments,definition
Brown,1947,446.3946741676327,1,start of inland-connected transect segment
Brown,1988,1306.0963612511755,1,start of inland-connected transect segment
Brown,2014,1787.1417532702876,1,start of inland-connected transect segment
Brown,2019,1882.602603128963,1,start of inland-connected transect segment
Brown,2026,1965.933954671014,1,start of inland-connected transect segment
Stephenson,1947,156.43651461581243,1,start of inland-connected transect segment
Stephenson,1988,1514.3704452255076,2,start of inland-connected transect segment
Stephenson,2014,5624.173446184364,1,start of inland-connected transect segment
Stephenson,2019,5930.727149397886,1,start of inland-connected transect segment
Stephenson,2026,6655.068257165021,1,start of inland-connected transect segment
